{"type": "FeatureCollection", "name": "Air Quality Hazard", "features": [{"type": "Feature", "properties": {"Id": 1, "gridcode": 5}, "geometry": {"type": "MultiPolygon", "coordinates": [[[[36.92929560314084, -1.173658283544972], [36.92864927345352, -1.173495453425429], [36.92839196549017, -1.172464323825699], [36.929658244367026, -1.172809603239322], [36.92929560314084, -1.173658283544972]]]]}}, {"type": "Feature", "properties": {"Id": 2, "gridcode": 2}, "geometry": {"type": "MultiPolygon", "coordinates": [[[[36.890761667188606, -1.171730659335222], [36.89112674038701, -1.171348773323826], [36.89311976560259, -1.169864055564838], [36.896642080748656, -1.163320492910184], [36.89777100281775, -1.160982747584689], [36.899586487221036, -1.161452509348918], [36.902970229607035, -1.160757564529748], [36.904648331823815, -1.161075037281545], [36.90717287544835, -1.162107934988586], [36.90817849585073, -1.162129342072744], [36.91475227680982, -1.161984192814336], [36.91440349013627, -1.163147093089977], [36.913548341568195, -1.16375642678608], [36.91096904210381, -1.164094155450321], [36.91037302972194, -1.166081357118259], [36.90995113095489, -1.166573508708901], [36.90710975938545, -1.167220995128854], [36.906786973304506, -1.167802290965352], [36.906850735879715, -1.168608416826872], [36.90487691029452, -1.168766559294986], [36.90264322652259, -1.16700310843262], [36.901936767342946, -1.167254153782813], [36.901126503441404, -1.16996964996037], [36.901148402904944, -1.170246720607118], [36.90110683460502, -1.170762562021003], [36.901934496457606, -1.172258291592693], [36.90155466352545, -1.173750038557711], [36.90105418397006, -1.173790133980478], [36.89996997875218, -1.172267952400536], [36.89870106034111, -1.17188236992869], [36.89814592657566, -1.171570075918613], [36.896212473731175, -1.171724975230394], [36.89462464329389, -1.170831709098202], [36.89250354763322, -1.171315042838259], [36.891714938607194, -1.171605851075892], [36.890761667188606, -1.171730659335222]]]]}}, {"type": "Feature", "properties": {"Id": 3, "gridcode": 3}, "geometry": {"type": "MultiPolygon", "coordinates": [[[[36.94087996319803, -1.178278008138517], [36.940755959094346, -1.177318482729753], [36.93982315423838, -1.176117808077928], [36.936247166558786, -1.175297313756954], [36.9358771442927, -1.1736522491043], [36.93592114820392, -1.173106067377195], [36.935764758894265, -1.17149316946373], [36.936178907188484, -1.171619010917127], [36.93775529197475, -1.172203008696183], [36.93960573390534, -1.172765267916096], [36.94084328968255, -1.174502676045698], [36.94154611821783, -1.174898064054872], [36.94288228581699, -1.175304053819071], [36.942937956789955, -1.176007955812112], [36.94131453235337, -1.177901729451951], [36.94087996319803, -1.178278008138517]]]]}}, {"type": "Feature", "properties": {"Id": 4, "gridcode": 4}, "geometry": {"type": "MultiPolygon", "coordinates": [[[[36.89668402503708, -1.17987217223141], [36.89571868596549, -1.179741471595063], [36.89278628749154, -1.177100287155978], [36.89352027378011, -1.176068981972485], [36.89513453739788, -1.175487375254054], [36.89728505722713, -1.176157565235232], [36.898155350496076, -1.176941415328188], [36.89821787208436, -1.178011028911773], [36.8975931448568, -1.178998083648243], [36.896938551953845, -1.179585874252251], [36.89668402503708, -1.17987217223141]]]]}}, {"type": "Feature", "properties": {"Id": 5, "gridcode": 3}, "geometry": {"type": "MultiPolygon", "coordinates": [[[[36.89344949583338, -1.180954643283056], [36.890341623132805, -1.176218233311068], [36.889257192962944, -1.174445642856561], [36.88767781900944, -1.173123124456465], [36.889291507977106, -1.172420171427367], [36.89020450296687, -1.171894768471887], [36.890761667188606, -1.171730659335222], [36.891714938607194, -1.171605851075892], [36.89250354763322, -1.171315042838259], [36.89462464329389, -1.170831709098202], [36.896212473731175, -1.171724975230394], [36.89814592657566, -1.171570075918613], [36.89870106034111, -1.17188236992869], [36.89996997875218, -1.172267952400536], [36.90105418397006, -1.173790133980478], [36.90155466352545, -1.173750038557711], [36.901934496457606, -1.172258291592693], [36.90110683460502, -1.170762562021003], [36.901148402904944, -1.170246720607118], [36.901126503441404, -1.16996964996037], [36.901936767342946, -1.167254153782813], [36.90264322652259, -1.16700310843262], [36.90487691029452, -1.168766559294986], [36.906850735879715, -1.168608416826872], [36.906786973304506, -1.167802290965352], [36.90710975938545, -1.167220995128854], [36.90995113095489, -1.166573508708901], [36.91037302972194, -1.166081357118259], [36.91096904210381, -1.164094155450321], [36.913548341568195, -1.16375642678608], [36.91440349013627, -1.163147093089977], [36.91475227680982, -1.161984192814336], [36.916033631822145, -1.161824024484753], [36.91732713058986, -1.162106721346942], [36.91793363770159, -1.162466171157939], [36.920472834600865, -1.163021112768686], [36.92082876217642, -1.164279227101328], [36.92094789306322, -1.165243653305322], [36.918618361278305, -1.166490818754687], [36.91649506929151, -1.166998216295791], [36.9150342665814, -1.167382318973815], [36.913000907380216, -1.168633371980802], [36.91010565173445, -1.170006030941144], [36.90895713476639, -1.170800235784113], [36.906697525725, -1.172201837963089], [36.905937741385294, -1.173025961152662], [36.90418431801824, -1.177210940472949], [36.90298848873397, -1.178957283511405], [36.89990509836393, -1.179937280254034], [36.898567558202394, -1.180648359808455], [36.896005404399205, -1.180544189016277], [36.89547579586187, -1.180825742964879], [36.89344949583338, -1.180954643283056]], [[36.89668402503708, -1.17987217223141], [36.896938551953845, -1.179585874252251], [36.8975931448568, -1.178998083648243], [36.89821787208436, -1.178011028911773], [36.898155350496076, -1.176941415328188], [36.89728505722713, -1.176157565235232], [36.89513453739788, -1.175487375254054], [36.89352027378011, -1.176068981972485], [36.89278628749154, -1.177100287155978], [36.89571868596549, -1.179741471595063], [36.89668402503708, -1.17987217223141]]]]}}, {"type": "Feature", "properties": {"Id": 6, "gridcode": 3}, "geometry": {"type": "MultiPolygon", "coordinates": [[[[36.92658912386646, -1.189388156126487], [36.924313534219664, -1.189220864105829], [36.923752479891945, -1.188715539296801], [36.921989159684145, -1.186726145805758], [36.91818164624962, -1.184952021192011], [36.91554003268099, -1.184535642614244], [36.91417172392189, -1.183902283104877], [36.91353140038363, -1.183325559608988], [36.91416936086763, -1.182265929886757], [36.91731471187169, -1.179441516173433], [36.91972821634657, -1.174882042348588], [36.921238193960086, -1.174337990979919], [36.923032410033684, -1.174724468783308], [36.926184114465244, -1.177317940187072], [36.92676642965951, -1.179302627594227], [36.92671463713324, -1.180166490136383], [36.92709619257607, -1.182232617190842], [36.92848488756628, -1.184027429399793], [36.929945866201656, -1.185343282605021], [36.930027755607625, -1.186743827729361], [36.92861893201155, -1.187905499361922], [36.92671638952845, -1.189245004845478], [36.92658912386646, -1.189388156126487]]]]}}, {"type": "Feature", "properties": {"Id": 7, "gridcode": 5}, "geometry": {"type": "MultiPolygon", "coordinates": [[[[36.92901325282804, -1.191017428107618], [36.9290134553601, -1.190746188352795], [36.929282938329266, -1.190746392168722], [36.92928273582353, -1.191017631969986], [36.92901325282804, -1.191017428107618]]]]}}, {"type": "Feature", "properties": {"Id": 8, "gridcode": 5}, "geometry": {"type": "MultiPolygon", "coordinates": [[[[36.928743567274196, -1.191288463926576], [36.92874376987872, -1.191017224218769], [36.92901325282804, -1.191017428107618], [36.92901305024983, -1.191288667861872], [36.928743567274196, -1.191288463926576]]]]}}, {"type": "Feature", "properties": {"Id": 9, "gridcode": 5}, "geometry": {"type": "MultiPolygon", "coordinates": [[[[36.92847388166771, -1.191559499625576], [36.92847408434473, -1.191288259964791], [36.928743567274196, -1.191288463926576], [36.92874336462349, -1.191559703633813], [36.92847388166771, -1.191559499625576]]]]}}, {"type": "Feature", "properties": {"Id": 10, "gridcode": 5}, "geometry": {"type": "MultiPolygon", "coordinates": [[[[36.92820419600858, -1.1918305352046], [36.928204398758105, -1.191559295590844], [36.92847388166771, -1.191559499625576], [36.92847367894452, -1.191830739285791], [36.92820419600858, -1.1918305352046]]]]}}, {"type": "Feature", "properties": {"Id": 11, "gridcode": 5}, "geometry": {"type": "MultiPolygon", "coordinates": [[[[36.927934510296794, -1.192101570663631], [36.92793471311882, -1.19183033109691], [36.92820419600858, -1.1918305352046], [36.92820399321288, -1.192101774817786], [36.927934510296794, -1.192101570663631]]]]}}, {"type": "Feature", "properties": {"Id": 12, "gridcode": 5}, "geometry": {"type": "MultiPolygon", "coordinates": [[[[36.927664824532336, -1.19237260600265], [36.92766502742689, -1.19210136648297], [36.927934510296794, -1.192101570663631], [36.92793430742858, -1.192372810229781], [36.927664824532336, -1.19237260600265]]]]}}, {"type": "Feature", "properties": {"Id": 13, "gridcode": 2}, "geometry": {"type": "MultiPolygon", "coordinates": [[[[36.88804844477504, -1.196139552881669], [36.888174342823035, -1.195956315003498], [36.888967478329825, -1.195437346229934], [36.88939644903791, -1.195326897995394], [36.889751440798065, -1.195493692794251], [36.8894239915364, -1.196046645324769], [36.88804844477504, -1.196139552881669]]]]}}, {"type": "Feature", "properties": {"Id": 14, "gridcode": 2}, "geometry": {"type": "MultiPolygon", "coordinates": [[[[36.86136798987949, -1.199373486022806], [36.86136820049187, -1.199102258133015], [36.86171322465499, -1.199238143558057], [36.86136798987949, -1.199373486022806]]]]}}, {"type": "Feature", "properties": {"Id": 15, "gridcode": 4}, "geometry": {"type": "MultiPolygon", "coordinates": [[[[36.89560244244949, -1.18475356295737], [36.89547294206312, -1.184612675564251], [36.895438693123836, -1.183725741708456], [36.89344949583338, -1.180954643283056], [36.89547579586187, -1.180825742964879], [36.896005404399205, -1.180544189016277], [36.898567558202394, -1.180648359808455], [36.89990509836393, -1.179937280254034], [36.90298848873397, -1.178957283511405], [36.90418431801824, -1.177210940472949], [36.905937741385294, -1.173025961152662], [36.906697525725, -1.172201837963089], [36.90895713476639, -1.170800235784113], [36.91010565173445, -1.170006030941144], [36.913000907380216, -1.168633371980802], [36.9150342665814, -1.167382318973815], [36.91649506929151, -1.166998216295791], [36.918618361278305, -1.166490818754687], [36.92094789306322, -1.165243653305322], [36.921990676096144, -1.165560505675863], [36.92270883633891, -1.1661842105552], [36.922962883861004, -1.16648143935367], [36.92444614759931, -1.165934435190441], [36.925621014522754, -1.166827462293401], [36.926028034138334, -1.168191814430146], [36.928128056437274, -1.169692869498921], [36.930725287939126, -1.16912468467748], [36.93342572017016, -1.169945214435946], [36.93544497317921, -1.171119005262958], [36.935764758894265, -1.17149316946373], [36.93592114820392, -1.173106067377195], [36.9358771442927, -1.1736522491043], [36.936247166558786, -1.175297313756954], [36.93982315423838, -1.176117808077928], [36.940755959094346, -1.177318482729753], [36.94087996319803, -1.178278008138517], [36.94002319937063, -1.179514609100205], [36.938866948908, -1.180863391086528], [36.93156525367374, -1.188432488047459], [36.93044178692431, -1.189743001821039], [36.929282938329266, -1.190746392168722], [36.9290134553601, -1.190746188352795], [36.92901325282804, -1.191017428107618], [36.92874376987872, -1.191017224218769], [36.928743567274196, -1.191288463926576], [36.92847408434473, -1.191288259964791], [36.92847388166771, -1.191559499625576], [36.928204398758105, -1.191559295590844], [36.92820419600858, -1.1918305352046], [36.92793471311882, -1.19183033109691], [36.927934510296794, -1.192101570663631], [36.92766502742689, -1.19210136648297], [36.927664824532336, -1.19237260600265], [36.92711389281028, -1.193174463382641], [36.92631639491958, -1.193727780896925], [36.92460491293358, -1.194245012213422], [36.92261346880911, -1.195663937774225], [36.92106812986504, -1.198209313005348], [36.91977025268596, -1.199786143596908], [36.915935861816095, -1.200105759702286], [36.91408117999783, -1.199765827683208], [36.91173091605082, -1.198443617549232], [36.91002002618059, -1.197366967422127], [36.907345445859804, -1.195903066433597], [36.90705766571415, -1.194831078850135], [36.90770716717757, -1.193661465180661], [36.90921464865981, -1.193317974227302], [36.91157907716894, -1.191577057848436], [36.9129890049273, -1.191150962888371], [36.91535381389973, -1.190150680994882], [36.91808808544572, -1.192511036229364], [36.91864689280083, -1.192762527473229], [36.91916560314541, -1.193054332947572], [36.919832687217344, -1.193305906775979], [36.919692566333524, -1.191534024568636], [36.917970488807555, -1.189085521870261], [36.91663424421933, -1.18867947333347], [36.915922587506344, -1.188736484184049], [36.914552851218666, -1.187965909910622], [36.912125464661734, -1.18751833149475], [36.910988713455076, -1.186705782308326], [36.909786636110084, -1.184770825639953], [36.91030391908014, -1.181911439966135], [36.91186433741667, -1.17910138354529], [36.913834371919826, -1.177960134027344], [36.915023207091494, -1.176573364969574], [36.91481670257387, -1.173962242553629], [36.91522832190403, -1.172452870764407], [36.91250985014995, -1.172164002554057], [36.90981646891051, -1.173157249070077], [36.908474704349466, -1.173909428987584], [36.90744812308045, -1.175106947036407], [36.906842501884036, -1.177780854456286], [36.906257742211615, -1.178833899744346], [36.905348671990616, -1.180122324479733], [36.90254459228653, -1.181887144000771], [36.90067324107229, -1.18297121096805], [36.89948073379917, -1.183505709226796], [36.89844246930611, -1.184087732815716], [36.897515828662094, -1.184503065010941], [36.89560244244949, -1.18475356295737]], [[36.92929560314084, -1.173658283544972], [36.929658244367026, -1.172809603239322], [36.92839196549017, -1.172464323825699], [36.92864927345352, -1.173495453425429], [36.92929560314084, -1.173658283544972]], [[36.92658912386646, -1.189388156126487], [36.92671638952845, -1.189245004845478], [36.92861893201155, -1.187905499361922], [36.930027755607625, -1.186743827729361], [36.929945866201656, -1.185343282605021], [36.92848488756628, -1.184027429399793], [36.92709619257607, -1.182232617190842], [36.92671463713324, -1.180166490136383], [36.92676642965951, -1.179302627594227], [36.926184114465244, -1.177317940187072], [36.923032410033684, -1.174724468783308], [36.921238193960086, -1.174337990979919], [36.91972821634657, -1.174882042348588], [36.91731471187169, -1.179441516173433], [36.91416936086763, -1.182265929886757], [36.91353140038363, -1.183325559608988], [36.91417172392189, -1.183902283104877], [36.91554003268099, -1.184535642614244], [36.91818164624962, -1.184952021192011], [36.921989159684145, -1.186726145805758], [36.923752479891945, -1.188715539296801], [36.924313534219664, -1.189220864105829], [36.92658912386646, -1.189388156126487]]]]}}, {"type": "Feature", "properties": {"Id": 16, "gridcode": 3}, "geometry": {"type": "MultiPolygon", "coordinates": [[[[36.86136777921943, -1.199644713912022], [36.86136798987949, -1.199373486022806], [36.86171322465499, -1.199238143558057], [36.86136820049187, -1.199102258133015], [36.86177869336366, -1.197615995399268], [36.863075891110995, -1.192765262211841], [36.86325954153912, -1.192594263624316], [36.864418699555294, -1.194293853606245], [36.86526388896523, -1.194916276466044], [36.86768382011207, -1.195185280006986], [36.86918464157631, -1.196396870475852], [36.868645101783585, -1.198293030200795], [36.86884697097693, -1.199937069495143], [36.86825073383321, -1.200685292396692], [36.86702601916944, -1.2005309903548], [36.86568974141811, -1.20069721949213], [36.86339437399054, -1.200035549035863], [36.86247667415576, -1.200149706827963], [36.86136777921943, -1.199644713912022]]]]}}, {"type": "Feature", "properties": {"Id": 17, "gridcode": 1}, "geometry": {"type": "MultiPolygon", "coordinates": [[[[36.79615521679322, -1.201762344137405], [36.793482827886145, -1.201479843215925], [36.79227119939313, -1.200388437503919], [36.79465423980291, -1.19886568160084], [36.794696920225626, -1.198154601854689], [36.79422809168506, -1.195937262505299], [36.795965384143194, -1.196385113417312], [36.79630133331241, -1.197008550289135], [36.796554100204254, -1.198922523568027], [36.79699863364105, -1.200598502725011], [36.79615521679322, -1.201762344137405]]]]}}, {"type": "Feature", "properties": {"Id": 18, "gridcode": 2}, "geometry": {"type": "MultiPolygon", "coordinates": [[[[36.788343714929624, -1.1982301939352], [36.788569785362256, -1.19749542075685], [36.79133366826912, -1.192409118636419], [36.791723552701335, -1.193207825796573], [36.79207409843568, -1.195106617896462], [36.7947514158896, -1.194778247300643], [36.79576456525165, -1.19431120800974], [36.796359826775756, -1.193986248470339], [36.79979000760988, -1.195941757293241], [36.804030683112124, -1.198276243751052], [36.80424165192898, -1.198514288256753], [36.80411682098613, -1.198659881771855], [36.80376249662596, -1.198966648224515], [36.80328712202559, -1.200266346490245], [36.80291199482237, -1.20151677811993], [36.80233258125458, -1.202018402107032], [36.801958103505214, -1.202455180854699], [36.801413926313025, -1.202926299072171], [36.80113341985206, -1.203861302326211], [36.80034665838048, -1.20454243473386], [36.799355914409716, -1.206772368984165], [36.79798343736786, -1.206482578107092], [36.795959832938394, -1.205344018467369], [36.79345561736312, -1.204416091141056], [36.7900065432483, -1.203624462393294], [36.78853860075882, -1.202349428383268], [36.788060235542666, -1.200584561161871], [36.788343714929624, -1.1982301939352]], [[36.79615521679322, -1.201762344137405], [36.79699863364105, -1.200598502725011], [36.796554100204254, -1.198922523568027], [36.79630133331241, -1.197008550289135], [36.795965384143194, -1.196385113417312], [36.79422809168506, -1.195937262505299], [36.794696920225626, -1.198154601854689], [36.79465423980291, -1.19886568160084], [36.79227119939313, -1.200388437503919], [36.793482827886145, -1.201479843215925], [36.79615521679322, -1.201762344137405]]]]}}, {"type": "Feature", "properties": {"Id": 19, "gridcode": 3}, "geometry": {"type": "MultiPolygon", "coordinates": [[[[36.832528547399896, -1.207216107196266], [36.83225907977305, -1.207215890911743], [36.83207188982792, -1.207120388885903], [36.831787673636214, -1.206533461931696], [36.83214444360909, -1.20582505774223], [36.83234989108417, -1.206853627030642], [36.832528547399896, -1.207216107196266]]]]}}, {"type": "Feature", "properties": {"Id": 20, "gridcode": 3}, "geometry": {"type": "MultiPolygon", "coordinates": [[[[36.881841720324154, -1.207526466924016], [36.88010926494571, -1.207382439278633], [36.879294802392145, -1.20670040250826], [36.88028072344774, -1.205054303019389], [36.88176662810893, -1.204199271857031], [36.88348483954259, -1.204024353733192], [36.88462207304277, -1.205472954795877], [36.88351788652405, -1.206808778293081], [36.88208649171111, -1.207230338629219], [36.881841720324154, -1.207526466924016]]]]}}, {"type": "Feature", "properties": {"Id": 21, "gridcode": 2}, "geometry": {"type": "MultiPolygon", "coordinates": [[[[36.80854568391104, -1.20773918949881], [36.80821721828909, -1.20764607634879], [36.80845369911515, -1.207408438962671], [36.80854568391104, -1.20773918949881]]]]}}, {"type": "Feature", "properties": {"Id": 22, "gridcode": 3}, "geometry": {"type": "MultiPolygon", "coordinates": [[[[36.85112150383358, -1.207773418108288], [36.85112278173737, -1.206146061828911], [36.851392252624834, -1.206146276042102], [36.85139097488101, -1.207773632610583], [36.85112150383358, -1.207773418108288]]]]}}, {"type": "Feature", "properties": {"Id": 23, "gridcode": 4}, "geometry": {"type": "MultiPolygon", "coordinates": [[[[36.78537530339224, -1.203652065379275], [36.786255631918024, -1.204163882088196], [36.78794311678478, -1.206220618693966], [36.78860552785719, -1.20772292792438], [36.788331448177516, -1.20810714924727], [36.78790974276513, -1.207609126838812], [36.78747030856397, -1.206459555796596], [36.78600788996692, -1.206749171895295], [36.78506386337479, -1.20590320422032], [36.78465716553187, -1.204551753848911], [36.78521825523521, -1.2037651677626], [36.78537530339224, -1.203652065379275]]]]}}, {"type": "Feature", "properties": {"Id": 24, "gridcode": 3}, "geometry": {"type": "MultiPolygon", "coordinates": [[[[36.8508516064296, -1.208315655571244], [36.850852032834055, -1.207773203579144], [36.85112150383358, -1.207773418108288], [36.85112107748248, -1.208315870196768], [36.8508516064296, -1.208315655571244]]]]}}, {"type": "Feature", "properties": {"Id": 25, "gridcode": 2}, "geometry": {"type": "MultiPolygon", "coordinates": [[[[37.059975080820486, -1.208474125761509], [37.06047713647943, -1.207888440206203], [37.0614682589235, -1.207264607260549], [37.06334238729506, -1.205706516656461], [37.06412681073402, -1.207123970636989], [37.06428776481133, -1.207663436095354], [37.062858208411505, -1.20780917199443], [37.06023397639645, -1.208777006185552], [37.059975080820486, -1.208474125761509]]]]}}, {"type": "Feature", "properties": {"Id": 26, "gridcode": 4}, "geometry": {"type": "MultiPolygon", "coordinates": [[[[36.833065977887024, -1.209115099298048], [36.83234924639237, -1.207667295053726], [36.83225907977305, -1.207215890911743], [36.832528547399896, -1.207216107196266], [36.833452398876865, -1.20793503749777], [36.83360512893125, -1.208844309462114], [36.833065977887024, -1.209115099298048]]]]}}, {"type": "Feature", "properties": {"Id": 27, "gridcode": 5}, "geometry": {"type": "MultiPolygon", "coordinates": [[[[36.872406904727036, -1.211587498664508], [36.871623645108095, -1.211290560976765], [36.868792511135986, -1.210451915747777], [36.868665455143315, -1.20918740958459], [36.86964383945953, -1.207803594567987], [36.87147769331662, -1.206642464488407], [36.87398600126256, -1.20608250642175], [36.875226862410706, -1.20782076272778], [36.87495103393859, -1.210384582984182], [36.87252929075819, -1.211439436197631], [36.872406904727036, -1.211587498664508]]]]}}, {"type": "Feature", "properties": {"Id": 28, "gridcode": 2}, "geometry": {"type": "MultiPolygon", "coordinates": [[[[36.85085075304583, -1.209400559548467], [36.8508516064296, -1.208315655571244], [36.85112107748248, -1.208315870196768], [36.85112150383358, -1.207773418108288], [36.85139097488101, -1.207773632610583], [36.851392252624834, -1.206146276042102], [36.851654549442024, -1.203632165767785], [36.85259952666717, -1.203291729926813], [36.8569980615468, -1.203035002160338], [36.86042998783466, -1.202499496024664], [36.861225361585646, -1.199772588389074], [36.86136777921943, -1.199644713912022], [36.86247667415576, -1.200149706827963], [36.86339437399054, -1.200035549035863], [36.86568974141811, -1.20069721949213], [36.86702601916944, -1.2005309903548], [36.86825073383321, -1.200685292396692], [36.86884697097693, -1.199937069495143], [36.868645101783585, -1.198293030200795], [36.86918464157631, -1.196396870475852], [36.86768382011207, -1.195185280006986], [36.86526388896523, -1.194916276466044], [36.864418699555294, -1.194293853606245], [36.86325954153912, -1.192594263624316], [36.86356663912011, -1.190296689207329], [36.86394237657791, -1.190552955836204], [36.86500446087664, -1.191382725197143], [36.86613053337466, -1.191903990055543], [36.8660583399729, -1.193107590613175], [36.86839318127389, -1.193835272946229], [36.87013350932624, -1.194920044888309], [36.87390589221355, -1.196502766085063], [36.87589583612729, -1.196816471664657], [36.87699911802158, -1.197215892373581], [36.87647866516835, -1.197822958007281], [36.87552628604597, -1.19817413663712], [36.87409843282924, -1.198605617576911], [36.87246682797966, -1.19955074577442], [36.872021656138415, -1.200070007718301], [36.868500333967496, -1.202282656380065], [36.8672006137649, -1.204547557771515], [36.86395356583982, -1.206819283942664], [36.8624423631931, -1.208592660271121], [36.86118485169759, -1.211423156255421], [36.85934438529843, -1.213569881852764], [36.85568383731669, -1.21396573283959], [36.855283701698404, -1.213618193500947], [36.85488880446256, -1.213156114608147], [36.85415617244882, -1.212743926077827], [36.85254267557786, -1.212873119071608], [36.85154165616492, -1.212422583327344], [36.85126380967573, -1.210882547387936], [36.85093551329191, -1.210289176759655], [36.850996918308724, -1.209527507093601], [36.85085075304583, -1.209400559548467]]]]}}, {"type": "Feature", "properties": {"Id": 29, "gridcode": 4}, "geometry": {"type": "MultiPolygon", "coordinates": [[[[36.83629830669177, -1.210745036338215], [36.83896574610555, -1.21047333878952], [36.8399971993821, -1.209738484567506], [36.842081977309334, -1.210624150854422], [36.842496098934795, -1.210750009320301], [36.84260825780374, -1.211179313405705], [36.84341565345984, -1.212461582129653], [36.843167531382186, -1.213437793989694], [36.8425527109747, -1.21429970592247], [36.841105857695005, -1.214896783597731], [36.839512309795126, -1.214276709021961], [36.838081352782844, -1.213086113722888], [36.83571044194796, -1.212605711466576], [36.83618525303603, -1.211445381421284], [36.83629830669177, -1.210745036338215]]]]}}, {"type": "Feature", "properties": {"Id": 30, "gridcode": 4}, "geometry": {"type": "MultiPolygon", "coordinates": [[[[36.90123808931381, -1.21540743061884], [36.898961116247925, -1.215267837326586], [36.898741418079, -1.213081440412589], [36.89982881227337, -1.210563166408811], [36.90246379132091, -1.2090469049321], [36.903731093469275, -1.209431786132942], [36.9043280196303, -1.211034521075601], [36.90366560788557, -1.213013851360083], [36.903248305435696, -1.213362192643668], [36.90239157917222, -1.214398658627967], [36.90136047659555, -1.215259364377973], [36.90123808931381, -1.21540743061884]]]]}}, {"type": "Feature", "properties": {"Id": 31, "gridcode": 3}, "geometry": {"type": "MultiPolygon", "coordinates": [[[[36.917136068255, -1.217318486646109], [36.91501023879938, -1.217098558794343], [36.91380045499986, -1.215541268282179], [36.91370211330293, -1.21429750523442], [36.91447707588186, -1.21339356199699], [36.91601627069463, -1.213719582481096], [36.91739607785131, -1.215495742470171], [36.91726090504245, -1.217172878649398], [36.917136068255, -1.217318486646109]]]]}}, {"type": "Feature", "properties": {"Id": 32, "gridcode": 4}, "geometry": {"type": "MultiPolygon", "coordinates": [[[[36.82443522093244, -1.21887212002244], [36.82220841526904, -1.21827807556982], [36.82134809007581, -1.216723123775915], [36.82162740615485, -1.215023891401045], [36.82460272957057, -1.212550792990669], [36.82559865674047, -1.21247105898196], [36.82682609870081, -1.213537173086991], [36.82752628814544, -1.216120353031727], [36.82713849884697, -1.217252655835758], [36.82570532371522, -1.2183804792802], [36.824560055363214, -1.218726525294564], [36.82443522093244, -1.21887212002244]]]]}}, {"type": "Feature", "properties": {"Id": 33, "gridcode": 4}, "geometry": {"type": "MultiPolygon", "coordinates": [[[[36.86566450323443, -1.218634107868118], [36.865571989148734, -1.218964722419958], [36.86533587630009, -1.218726695660487], [36.86566450323443, -1.218634107868118]]]]}}, {"type": "Feature", "properties": {"Id": 34, "gridcode": 2}, "geometry": {"type": "MultiPolygon", "coordinates": [[[[36.8155423874015, -1.219407311744821], [36.81490815833601, -1.219269449615508], [36.815205840467826, -1.218788151213187], [36.8155423874015, -1.219407311744821]]]]}}, {"type": "Feature", "properties": {"Id": 35, "gridcode": 4}, "geometry": {"type": "MultiPolygon", "coordinates": [[[[36.865663648493694, -1.219719022322604], [36.86504402882416, -1.219608589162292], [36.865517504851425, -1.219374522578009], [36.865663648493694, -1.219719022322604]]]]}}, {"type": "Feature", "properties": {"Id": 36, "gridcode": 2}, "geometry": {"type": "MultiPolygon", "coordinates": [[[[36.81581119686201, -1.220221190860923], [36.815482728651205, -1.220128075403293], [36.81571921304567, -1.219890438219428], [36.81581119686201, -1.220221190860923]]]]}}, {"type": "Feature", "properties": {"Id": 37, "gridcode": 5}, "geometry": {"type": "MultiPolygon", "coordinates": [[[[36.89721479074586, -1.190721952186946], [36.89564405982507, -1.188184688231647], [36.8974113879221, -1.18707239304226], [36.8961209056003, -1.186491617682971], [36.89560244244949, -1.18475356295737], [36.897515828662094, -1.184503065010941], [36.89844246930611, -1.184087732815716], [36.89948073379917, -1.183505709226796], [36.90067324107229, -1.18297121096805], [36.90254459228653, -1.181887144000771], [36.905348671990616, -1.180122324479733], [36.906257742211615, -1.178833899744346], [36.906842501884036, -1.177780854456286], [36.90744812308045, -1.175106947036407], [36.908474704349466, -1.173909428987584], [36.90981646891051, -1.173157249070077], [36.91250985014995, -1.172164002554057], [36.91522832190403, -1.172452870764407], [36.91481670257387, -1.173962242553629], [36.915023207091494, -1.176573364969574], [36.913834371919826, -1.177960134027344], [36.91186433741667, -1.17910138354529], [36.91030391908014, -1.181911439966135], [36.909786636110084, -1.184770825639953], [36.910988713455076, -1.186705782308326], [36.912125464661734, -1.18751833149475], [36.914552851218666, -1.187965909910622], [36.915922587506344, -1.188736484184049], [36.91663424421933, -1.18867947333347], [36.917970488807555, -1.189085521870261], [36.919692566333524, -1.191534024568636], [36.919832687217344, -1.193305906775979], [36.91916560314541, -1.193054332947572], [36.91864689280083, -1.192762527473229], [36.91808808544572, -1.192511036229364], [36.91535381389973, -1.190150680994882], [36.9129890049273, -1.191150962888371], [36.91157907716894, -1.191577057848436], [36.90921464865981, -1.193317974227302], [36.90770716717757, -1.193661465180661], [36.90705766571415, -1.194831078850135], [36.907345445859804, -1.195903066433597], [36.91002002618059, -1.197366967422127], [36.91173091605082, -1.198443617549232], [36.91408117999783, -1.199765827683208], [36.915935861816095, -1.200105759702286], [36.91977025268596, -1.199786143596908], [36.92106812986504, -1.198209313005348], [36.92261346880911, -1.195663937774225], [36.92460491293358, -1.194245012213422], [36.92631639491958, -1.193727780896925], [36.91935889151222, -1.201090194150413], [36.915436421221706, -1.205545887743051], [36.913640471578724, -1.207279988994438], [36.91348100921777, -1.206784072377799], [36.91263331697216, -1.20512470632216], [36.91106446852722, -1.204610957389395], [36.909636356856694, -1.205101723457877], [36.908405902655694, -1.206987548496802], [36.908117574880286, -1.208876170254152], [36.90957016842264, -1.210806078021142], [36.91007445342707, -1.212895139421214], [36.9094869272905, -1.214618480354247], [36.91001061967958, -1.216681910193686], [36.911652765009684, -1.21941221335983], [36.91224295773823, -1.220639063804464], [36.91027223226018, -1.222107070051846], [36.90719423596352, -1.222041433946315], [36.904338535552746, -1.220557904869387], [36.90343552851076, -1.220116091050459], [36.901021639693994, -1.22016377786999], [36.89881989053057, -1.220729874547209], [36.896789415451046, -1.221780662486893], [36.89361548780338, -1.222857672170611], [36.890878176572535, -1.220763693913282], [36.88830835754688, -1.22040053825279], [36.88655110342428, -1.219326059534513], [36.88512519826098, -1.218472571934442], [36.884031930422644, -1.217325465045287], [36.88439823452274, -1.215532529323987], [36.88466358765671, -1.213899924055684], [36.88523532081658, -1.212484413306839], [36.88520480748362, -1.210919506373139], [36.88521105769762, -1.210622317118122], [36.88604583840709, -1.209837948079111], [36.88732723345927, -1.2105036376147], [36.88800962964969, -1.212625835634525], [36.89014427698763, -1.215291718058016], [36.891965409622216, -1.215255740026917], [36.89252659975397, -1.214668755222099], [36.893558305208444, -1.211407414343502], [36.89302139208087, -1.20875847652951], [36.892758808340204, -1.20681177230643], [36.89358236086108, -1.205205755336226], [36.89518616139459, -1.204149188546521], [36.896316920862475, -1.203378985102207], [36.90075602253869, -1.196975499015217], [36.90142760744077, -1.195946216221423], [36.9013806339727, -1.193539721693358], [36.900285944230916, -1.191911566104371], [36.89828673531803, -1.19093343354031], [36.89721479074586, -1.190721952186946]], [[36.90123808931381, -1.21540743061884], [36.90136047659555, -1.215259364377973], [36.90239157917222, -1.214398658627967], [36.903248305435696, -1.213362192643668], [36.90366560788557, -1.213013851360083], [36.9043280196303, -1.211034521075601], [36.903731093469275, -1.209431786132942], [36.90246379132091, -1.2090469049321], [36.89982881227337, -1.210563166408811], [36.898741418079, -1.213081440412589], [36.898961116247925, -1.215267837326586], [36.90123808931381, -1.21540743061884]]]]}}, {"type": "Feature", "properties": {"Id": 38, "gridcode": 3}, "geometry": {"type": "MultiPolygon", "coordinates": [[[[36.87482326071566, -1.222981085279152], [36.873434363361866, -1.222855615610881], [36.87316565887656, -1.221644707481894], [36.874195047938734, -1.220971193243789], [36.87516660422934, -1.221578915875273], [36.87482326071566, -1.222981085279152]]]]}}, {"type": "Feature", "properties": {"Id": 39, "gridcode": 1}, "geometry": {"type": "MultiPolygon", "coordinates": [[[[36.75598939565278, -1.222070079470112], [36.757159685075514, -1.219721291578868], [36.75733869560277, -1.219630332486384], [36.75758660286004, -1.219823262157146], [36.75840194003307, -1.221186299283365], [36.757557143329976, -1.223258897701826], [36.756686518853975, -1.223387644771581], [36.75598939565278, -1.222070079470112]]]]}}, {"type": "Feature", "properties": {"Id": 40, "gridcode": 3}, "geometry": {"type": "MultiPolygon", "coordinates": [[[[36.88317642372403, -1.223801426791763], [36.88128920937688, -1.223606154299739], [36.88062748922731, -1.222410200047034], [36.8810185749596, -1.221809353264067], [36.88296483033754, -1.221653504465979], [36.883565174951684, -1.222738523501397], [36.88317642372403, -1.223801426791763]]]]}}, {"type": "Feature", "properties": {"Id": 41, "gridcode": 3}, "geometry": {"type": "MultiPolygon", "coordinates": [[[[36.77377153241786, -1.224525887203795], [36.77269369803373, -1.224524985723716], [36.77281847058835, -1.223905547773236], [36.77368115979171, -1.224345709848792], [36.77377153241786, -1.224525887203795]]]]}}, {"type": "Feature", "properties": {"Id": 42, "gridcode": 2}, "geometry": {"type": "MultiPolygon", "coordinates": [[[[36.98261666011419, -1.224421082513221], [36.98303624565142, -1.223832790458332], [36.98500528112226, -1.223356837532843], [36.986816604314605, -1.223723757668282], [36.986928995766, -1.223881846687663], [36.9860653683636, -1.224018172152278], [36.984820973314996, -1.224832448339951], [36.9830642996893, -1.225074706464411], [36.98261666011419, -1.224421082513221]]]]}}, {"type": "Feature", "properties": {"Id": 43, "gridcode": 1}, "geometry": {"type": "MultiPolygon", "coordinates": [[[[36.76218395398606, -1.225601012580452], [36.76148573501032, -1.225489654318705], [36.760655717784886, -1.224841075164585], [36.76016356855684, -1.224951688314787], [36.75942068876647, -1.224783411076068], [36.76003797620031, -1.223307614628923], [36.76111121011159, -1.222904449669977], [36.76246436143737, -1.224930631041719], [36.76218395398606, -1.225601012580452]]]]}}, {"type": "Feature", "properties": {"Id": 44, "gridcode": 2}, "geometry": {"type": "MultiPolygon", "coordinates": [[[[36.848949601753574, -1.228113623914918], [36.846524570968754, -1.227958654903139], [36.84547461754642, -1.226140127612024], [36.845645926206814, -1.223285912481604], [36.845093823707685, -1.22120439612267], [36.84450146501069, -1.220930180807164], [36.84386992082404, -1.220584100895427], [36.8416797736299, -1.220713710577478], [36.84037809143635, -1.220634567965287], [36.838869296165825, -1.219807760709387], [36.837638382670434, -1.219880605081443], [36.836564815045485, -1.219815332242712], [36.83616506652717, -1.218395765883678], [36.836849717061334, -1.217130069736294], [36.838479088272976, -1.216856953745519], [36.84088029482872, -1.218172786026609], [36.84172927374909, -1.218471666294422], [36.84292241022233, -1.217634247043861], [36.84559753368166, -1.217133912444603], [36.84824776363893, -1.216566222924026], [36.84960478187144, -1.21693320395706], [36.85021898114892, -1.220259994328421], [36.851434980398565, -1.221355313439346], [36.85177569464045, -1.222834626885654], [36.85226780223875, -1.224689925312276], [36.851286321498385, -1.227436163660598], [36.849097974869196, -1.227946760807896], [36.848949601753574, -1.228113623914918]]]]}}, {"type": "Feature", "properties": {"Id": 45, "gridcode": 4}, "geometry": {"type": "MultiPolygon", "coordinates": [[[[36.84275000129552, -1.230278390699905], [36.83939355777263, -1.230121197268911], [36.836824592788126, -1.227721539810141], [36.83561844288867, -1.224933523007011], [36.8361486080375, -1.223365525220278], [36.83706952990464, -1.223041479817663], [36.838044942401815, -1.223353179460863], [36.83884286488703, -1.223635388729416], [36.8403824871227, -1.224127382682183], [36.84154026140401, -1.225208840521324], [36.8420743424839, -1.226350253547293], [36.842978668116125, -1.227675289663103], [36.84287971876032, -1.230137710742319], [36.84275000129552, -1.230278390699905]]]]}}, {"type": "Feature", "properties": {"Id": 46, "gridcode": 3}, "geometry": {"type": "MultiPolygon", "coordinates": [[[[36.77969829523562, -1.226158115712237], [36.78037808576453, -1.224943392122019], [36.78319635913235, -1.219641559993878], [36.78347630346277, -1.219380920074506], [36.78384523308602, -1.220394673807387], [36.78449583095417, -1.223288119736184], [36.78553760284216, -1.223373243421565], [36.78648254882849, -1.222271143722963], [36.78723692147043, -1.22221076539743], [36.78904939400223, -1.223026587687995], [36.78738954070759, -1.224224127618186], [36.78907444849603, -1.225206591256565], [36.78961339385844, -1.224919278590547], [36.79013851084848, -1.224306832002144], [36.79253252388655, -1.22386934629199], [36.79241328587774, -1.222360126754088], [36.79320805473905, -1.22143317345896], [36.79479831413927, -1.221708112338884], [36.79572398756543, -1.222791333217332], [36.79626253138116, -1.223259110808804], [36.795965834662105, -1.223991980218271], [36.79503867813797, -1.224794630770996], [36.79466419129365, -1.225231400522851], [36.793555588843375, -1.226191121450343], [36.793586036651824, -1.226576500221437], [36.79355193323758, -1.226999360911342], [36.79491057429598, -1.228931388174666], [36.79387997857285, -1.229766211751467], [36.79194508290432, -1.230633279974219], [36.79099755423219, -1.231164351107735], [36.79039399475314, -1.231212656018966], [36.788199652535894, -1.229318147517594], [36.78724066355272, -1.229239785533871], [36.78643222499478, -1.22930448942762], [36.78602805974214, -1.229271462811518], [36.78575471517242, -1.229293341955976], [36.78414591987818, -1.22899836240708], [36.78241842772798, -1.229136622705576], [36.78199706270859, -1.228184051314628], [36.781707760866105, -1.227932766504922], [36.78131133700896, -1.227468865263346], [36.77969829523562, -1.226158115712237]]]]}}, {"type": "Feature", "properties": {"Id": 47, "gridcode": 2}, "geometry": {"type": "MultiPolygon", "coordinates": [[[[36.992586603726565, -1.226327371483354], [36.99273129252629, -1.22645301941093], [36.99399496511, -1.229309193143255], [36.995116531540944, -1.229813922604419], [36.99563518521774, -1.232119849994876], [36.99621022652847, -1.232443348274361], [36.99770200291831, -1.233112515612663], [36.997362069464124, -1.233509044479365], [36.99501944967415, -1.233159537825581], [36.994137807191976, -1.231905997697228], [36.99378256407887, -1.229547647616261], [36.99280757444781, -1.229108879891506], [36.99241810852048, -1.228038905214654], [36.992586603726565, -1.226327371483354]]]]}}, {"type": "Feature", "properties": {"Id": 48, "gridcode": 2}, "geometry": {"type": "MultiPolygon", "coordinates": [[[[37.0017428681728, -1.235285589617316], [37.001508197829395, -1.23512224513552], [37.001204882359566, -1.233928922045003], [37.001640383312825, -1.234151075872491], [37.0017428681728, -1.235285589617316]]]]}}, {"type": "Feature", "properties": {"Id": 49, "gridcode": 4}, "geometry": {"type": "MultiPolygon", "coordinates": [[[[36.810948458089456, -1.235405471577758], [36.80919825852874, -1.235163243167821], [36.806616810255946, -1.233024536389707], [36.80614333619761, -1.232122116770736], [36.80698812274134, -1.231205932658491], [36.80751962060273, -1.231185167297352], [36.81128969805736, -1.232389974620554], [36.811885271353546, -1.23410478917673], [36.810948458089456, -1.235405471577758]]]]}}, {"type": "Feature", "properties": {"Id": 50, "gridcode": 3}, "geometry": {"type": "MultiPolygon", "coordinates": [[[[36.892598613720544, -1.236014404952319], [36.89058522550794, -1.235839806695316], [36.890909036948564, -1.234500934390313], [36.89442255754809, -1.232574085700453], [36.895978863615355, -1.230735670167711], [36.89714139111576, -1.2291260484709], [36.899017180758584, -1.228775193881191], [36.90120676616741, -1.225743482346687], [36.903133253197595, -1.225049460341823], [36.90654424154339, -1.225971842277273], [36.910941225180615, -1.225711537754449], [36.913332112004554, -1.226273416287515], [36.91500834267914, -1.227783212194531], [36.91563688216658, -1.229550697953529], [36.91525538933772, -1.232151075941386], [36.914398271566434, -1.233115085871229], [36.91253934568915, -1.234129905010114], [36.90952221166295, -1.234940682355073], [36.90621668907776, -1.233473192135371], [36.90527998955944, -1.233416254325858], [36.90325253900978, -1.233725026319701], [36.90108131278646, -1.233979274152698], [36.90001832369032, -1.234264927887713], [36.895421552585915, -1.234788473996754], [36.89396978407052, -1.23558101949145], [36.892725884804676, -1.235871258112304], [36.892598613720544, -1.236014404952319]]]]}}, {"type": "Feature", "properties": {"Id": 51, "gridcode": 3}, "geometry": {"type": "MultiPolygon", "coordinates": [[[[36.74816339833001, -1.236166266781253], [36.74831407838635, -1.235688637450612], [36.75032246078946, -1.232099993326368], [36.75070904874553, -1.232400853809804], [36.750289525367236, -1.234069945864568], [36.74881998031055, -1.235982846894549], [36.74816339833001, -1.236166266781253]]]]}}, {"type": "Feature", "properties": {"Id": 52, "gridcode": 2}, "geometry": {"type": "MultiPolygon", "coordinates": [[[[36.76648668910021, -1.235910637615126], [36.766815145661155, -1.2360037554135], [36.76657865256674, -1.236241386026046], [36.76648668910021, -1.235910637615126]]]]}}, {"type": "Feature", "properties": {"Id": 53, "gridcode": 2}, "geometry": {"type": "MultiPolygon", "coordinates": [[[[36.74088766958447, -1.236702456356251], [36.74034876204517, -1.236701994470696], [36.740348991498216, -1.236430788803047], [36.74088789898291, -1.236431250587281], [36.74088766958447, -1.236702456356251]]]]}}, {"type": "Feature", "properties": {"Id": 54, "gridcode": 2}, "geometry": {"type": "MultiPolygon", "coordinates": [[[[36.74115689400817, -1.236973893076823], [36.74088744013568, -1.236973662124623], [36.74088766958447, -1.236702456356251], [36.74115712342965, -1.236702687257801], [36.74115689400817, -1.236973893076823]]]]}}, {"type": "Feature", "properties": {"Id": 55, "gridcode": 3}, "geometry": {"type": "MultiPolygon", "coordinates": [[[[36.81283205912528, -1.238661664499009], [36.810302300909086, -1.238521518310828], [36.808469684201654, -1.237819814555513], [36.8067807547784, -1.23661240333438], [36.80285621346059, -1.234213428404162], [36.802246259790365, -1.232537387486142], [36.80217228478436, -1.231601134593771], [36.80220509238149, -1.23119433583054], [36.8021378965234, -1.230343787624307], [36.802665188274666, -1.228586281958832], [36.80302495980359, -1.228166684382065], [36.8052407143253, -1.226325016932717], [36.807058426868934, -1.226577564303833], [36.80841642882558, -1.227080775418195], [36.810554841966514, -1.227416475868623], [36.81202881086648, -1.226873050500656], [36.813658707649594, -1.227207903838974], [36.81432636057187, -1.228414655153804], [36.81457966750664, -1.23121466720863], [36.81501996083799, -1.23283915365421], [36.81434447783491, -1.234055358768845], [36.813844261931905, -1.235722611770691], [36.81336824286219, -1.236579693589909], [36.812957563124726, -1.237702411687387], [36.81283205912528, -1.238661664499009]], [[36.810948458089456, -1.235405471577758], [36.811885271353546, -1.23410478917673], [36.81128969805736, -1.232389974620554], [36.80751962060273, -1.231185167297352], [36.80698812274134, -1.231205932658491], [36.80614333619761, -1.232122116770736], [36.806616810255946, -1.233024536389707], [36.80919825852874, -1.235163243167821], [36.810948458089456, -1.235405471577758]]]]}}, {"type": "Feature", "properties": {"Id": 56, "gridcode": 2}, "geometry": {"type": "MultiPolygon", "coordinates": [[[[36.96158378285813, -1.240679788904711], [36.96042547367527, -1.240379641385302], [36.960226474660956, -1.239482965772706], [36.961440299575465, -1.239758769473404], [36.96158378285813, -1.240679788904711]]]]}}, {"type": "Feature", "properties": {"Id": 57, "gridcode": 4}, "geometry": {"type": "MultiPolygon", "coordinates": [[[[36.99068872267181, -1.241515954332158], [36.98949500027012, -1.241290751169232], [36.98946846566954, -1.240836895242195], [36.98948742343001, -1.240520487190152], [36.98893094841739, -1.239487866180937], [36.98848922153571, -1.236620538972784], [36.986369924855666, -1.234171135627548], [36.987079248363926, -1.233534212921966], [36.98818936183023, -1.232285610029238], [36.98906917408747, -1.231805258717905], [36.99080635411661, -1.232919111502793], [36.991106158088854, -1.234049256631089], [36.9913592892454, -1.235692215969352], [36.991651061245996, -1.237352067324185], [36.99107905674234, -1.240423677277167], [36.99068872267181, -1.241515954332158]]]]}}, {"type": "Feature", "properties": {"Id": 58, "gridcode": 2}, "geometry": {"type": "MultiPolygon", "coordinates": [[[[36.72875767558276, -1.242116106882244], [36.72890345469805, -1.240905905406818], [36.72942672335281, -1.2357333073445], [36.729571575504906, -1.235607919124097], [36.73035964357423, -1.23589997093577], [36.732343031676706, -1.236502873424889], [36.732982739216126, -1.237412605770358], [36.73393478915334, -1.239693412740673], [36.731620554117185, -1.240116233540348], [36.72944143291744, -1.241991185615848], [36.72875767558276, -1.242116106882244]]]]}}, {"type": "Feature", "properties": {"Id": 59, "gridcode": 3}, "geometry": {"type": "MultiPolygon", "coordinates": [[[[37.00577968511088, -1.242883720976015], [37.00544452995193, -1.242650441137338], [37.005181608904564, -1.241465754064332], [37.0058099692245, -1.241324470874467], [37.005977086286784, -1.242077438571354], [37.00577968511088, -1.242883720976015]]]]}}, {"type": "Feature", "properties": {"Id": 60, "gridcode": 2}, "geometry": {"type": "MultiPolygon", "coordinates": [[[[36.83330773491228, -1.243560612854404], [36.83238944966062, -1.243322616617533], [36.83284330287238, -1.242364557253729], [36.833857310043896, -1.242725058003672], [36.83330773491228, -1.243560612854404]]]]}}, {"type": "Feature", "properties": {"Id": 61, "gridcode": 3}, "geometry": {"type": "MultiPolygon", "coordinates": [[[[37.03515475666267, -1.243990917431335], [37.03365502168092, -1.243523569122], [37.0331201501632, -1.243041828642335], [37.035032186973964, -1.239522707472989], [37.03638770197778, -1.23984605359531], [37.03734944857578, -1.24071225073672], [37.03781817310112, -1.241581954365371], [37.03659133003001, -1.241962253713226], [37.035979432380685, -1.242650503314817], [37.035409709524885, -1.243162078960096], [37.03515475666267, -1.243990917431335]]]]}}, {"type": "Feature", "properties": {"Id": 62, "gridcode": 4}, "geometry": {"type": "MultiPolygon", "coordinates": [[[[36.85432555610883, -1.244934032156765], [36.853434678503376, -1.244791969284275], [36.85248979414145, -1.24413418586254], [36.852275721316396, -1.24316938057127], [36.852336335524654, -1.242898203839898], [36.85224828414748, -1.24250129931578], [36.85267319336051, -1.241882944884678], [36.85351744589603, -1.241693177420083], [36.854256492960346, -1.242654571987022], [36.85455466922804, -1.243998442832666], [36.85432555610883, -1.244934032156765]]]]}}, {"type": "Feature", "properties": {"Id": 63, "gridcode": 1}, "geometry": {"type": "MultiPolygon", "coordinates": [[[[36.81902381106127, -1.245989752557282], [36.81783125433511, -1.245663282499455], [36.81900512769348, -1.244789159762515], [36.81923649787558, -1.245458497403786], [36.81902381106127, -1.245989752557282]]]]}}, {"type": "Feature", "properties": {"Id": 64, "gridcode": 3}, "geometry": {"type": "MultiPolygon", "coordinates": [[[[37.035153149435814, -1.246160977186535], [37.03482462608059, -1.246067874745875], [37.03506114662142, -1.245830180441528], [37.035153149435814, -1.246160977186535]]]]}}, {"type": "Feature", "properties": {"Id": 65, "gridcode": 1}, "geometry": {"type": "MultiPolygon", "coordinates": [[[[36.815520269721716, -1.246529269429788], [36.81519179997162, -1.246436152320517], [36.81542829081232, -1.246198511143881], [36.815520269721716, -1.246529269429788]]]]}}, {"type": "Feature", "properties": {"Id": 66, "gridcode": 1}, "geometry": {"type": "MultiPolygon", "coordinates": [[[[36.838154689869654, -1.247904195270553], [36.8366651129779, -1.247774981971001], [36.83408004207996, -1.246690273886429], [36.82975123681385, -1.245873340977992], [36.82836609499807, -1.246845455941483], [36.82656656316197, -1.247480116799643], [36.82428573103215, -1.246863244865163], [36.82400371967187, -1.243505272944028], [36.82316071533525, -1.242288423522495], [36.82133538752904, -1.241719454155656], [36.82071833232085, -1.242413398786576], [36.819628228138036, -1.242863589338079], [36.819793290979014, -1.240114291436525], [36.81938410865692, -1.238963483405559], [36.819463010599094, -1.237649245278498], [36.820373265977636, -1.236832007843795], [36.821638271846965, -1.235202359636248], [36.82212566318773, -1.233101709922844], [36.82241116497871, -1.232032323854026], [36.822666362278504, -1.230932386814359], [36.82299640670161, -1.230322261613997], [36.82741811048126, -1.23071949670163], [36.83074915615314, -1.230522410140911], [36.833274363040466, -1.232300859433135], [36.836082393771406, -1.233600813970506], [36.838957060418274, -1.233942138148838], [36.84048535391945, -1.234779648727584], [36.84101969448206, -1.238825920731492], [36.840710677056194, -1.242887749267751], [36.84075825490221, -1.243702371803377], [36.84069831457611, -1.244700856219676], [36.83909237027067, -1.24532071159444], [36.83831138399809, -1.24574703253169], [36.838154689869654, -1.247904195270553]], [[36.83330773491228, -1.243560612854404], [36.833857310043896, -1.242725058003672], [36.83284330287238, -1.242364557253729], [36.83238944966062, -1.243322616617533], [36.83330773491228, -1.243560612854404]]]]}}, {"type": "Feature", "properties": {"Id": 67, "gridcode": 1}, "geometry": {"type": "MultiPolygon", "coordinates": [[[[36.81012844024496, -1.249508166791717], [36.80765298291067, -1.249371008593339], [36.805423572706445, -1.248544861678259], [36.80251137204553, -1.247659698024163], [36.80007134598947, -1.246118608110982], [36.79833749086944, -1.24467261993326], [36.79441900199002, -1.244153228530411], [36.79430826198052, -1.242751384312802], [36.79505640075896, -1.241067648257901], [36.79618295659671, -1.239260686884962], [36.79734812553383, -1.238252017145511], [36.797721399637965, -1.236202016050609], [36.799029639276775, -1.235270039140924], [36.800160389530625, -1.235651544742365], [36.80311061549717, -1.238370804563151], [36.805181794129076, -1.239303080517252], [36.8065416199789, -1.240068199222602], [36.80893621215963, -1.24106726843949], [36.810279359072624, -1.242039687350539], [36.81322121843953, -1.244774512261832], [36.815106226652624, -1.246315576477091], [36.81431061096501, -1.24745881290773], [36.81230489008945, -1.248716506029128], [36.810283636282655, -1.249327164480512], [36.81012844024496, -1.249508166791717]]]]}}, {"type": "Feature", "properties": {"Id": 68, "gridcode": 2}, "geometry": {"type": "MultiPolygon", "coordinates": [[[[36.972356506155236, -1.24991052756737], [36.970305876684236, -1.249736415247385], [36.97034722798782, -1.249223298506011], [36.96990730852693, -1.248428221852217], [36.97079739065095, -1.247000339237514], [36.971954420184666, -1.247094809249517], [36.97244629496029, -1.24598760349576], [36.97338692056062, -1.246260953635089], [36.97304162416535, -1.248158043181532], [36.97269493263011, -1.24878227689603], [36.972356506155236, -1.24991052756737]]]]}}, {"type": "Feature", "properties": {"Id": 69, "gridcode": 2}, "geometry": {"type": "MultiPolygon", "coordinates": [[[[36.97585996029092, -1.249913248447788], [36.97512554603375, -1.249796168132909], [36.97359481760584, -1.248730667968314], [36.97391176328282, -1.247470169534559], [36.974661005904906, -1.247639832966538], [36.975305099880536, -1.247218394891223], [36.975096935844086, -1.248149546523029], [36.975751046181124, -1.248396467767164], [36.97585996029092, -1.249913248447788]]]]}}, {"type": "Feature", "properties": {"Id": 70, "gridcode": 1}, "geometry": {"type": "MultiPolygon", "coordinates": [[[[36.74842113172439, -1.249998062535693], [36.749344763255415, -1.249625303809887], [36.7486883884742, -1.250360319703426], [36.74842113172439, -1.249998062535693]]]]}}, {"type": "Feature", "properties": {"Id": 71, "gridcode": 3}, "geometry": {"type": "MultiPolygon", "coordinates": [[[[37.01089451045585, -1.25048270581587], [37.00992140009296, -1.250367809682911], [37.00817999970961, -1.250015046340085], [37.008733710098255, -1.248573318592539], [37.01017109846258, -1.247656367475707], [37.01181357669223, -1.247919351639223], [37.01231573114911, -1.249151907349253], [37.0113450674734, -1.249851032016097], [37.01089451045585, -1.25048270581587]]]]}}, {"type": "Feature", "properties": {"Id": 72, "gridcode": 2}, "geometry": {"type": "MultiPolygon", "coordinates": [[[[36.96588798433374, -1.2507192298618], [36.96497295768767, -1.250573348481294], [36.96470098510263, -1.249347885820984], [36.96564122145169, -1.248496140781555], [36.9662281773906, -1.24990575682658], [36.96588798433374, -1.2507192298618]]]]}}, {"type": "Feature", "properties": {"Id": 73, "gridcode": 1}, "geometry": {"type": "MultiPolygon", "coordinates": [[[[36.76782075899003, -1.251642003764773], [36.767701286194026, -1.251220087576267], [36.76686353790811, -1.250706942885836], [36.76544602357379, -1.249505393090299], [36.76426239020776, -1.249002199740944], [36.763467808903535, -1.249100988146841], [36.76193882885401, -1.248750037922876], [36.76149085363738, -1.248805736548958], [36.76055598797662, -1.248687886237296], [36.75988965929222, -1.248027830584119], [36.76096775610318, -1.247718578638303], [36.7618809251772, -1.247179366305218], [36.76268324396541, -1.245852400275794], [36.76396587863018, -1.244820409613116], [36.76546676128021, -1.244467903532825], [36.76686834340704, -1.245011520258473], [36.76797577985094, -1.245253680679003], [36.76914283160541, -1.245706327148919], [36.76956111487269, -1.247183505663793], [36.76986251404919, -1.247974735234228], [36.76982781525987, -1.248253581195002], [36.76994888539652, -1.249240111633855], [36.76848078280572, -1.250135910909298], [36.76812023273683, -1.251401052414905], [36.76782075899003, -1.251642003764773]]]]}}, {"type": "Feature", "properties": {"Id": 74, "gridcode": 4}, "geometry": {"type": "MultiPolygon", "coordinates": [[[[36.89716734142144, -1.251749639867888], [36.8954477848014, -1.251609703854828], [36.89381473560362, -1.250452404349644], [36.89417882330386, -1.248082457413628], [36.895142945203105, -1.246704260539219], [36.89698373864313, -1.244394381618499], [36.898903699463055, -1.243260516178262], [36.89988415950502, -1.243138563835073], [36.9010064444443, -1.244044591403403], [36.901520919811716, -1.246332630315953], [36.90109227727019, -1.247836975008224], [36.89913296417683, -1.250295583139077], [36.89728730134815, -1.251599120890714], [36.89716734142144, -1.251749639867888]]]]}}, {"type": "Feature", "properties": {"Id": 75, "gridcode": 1}, "geometry": {"type": "MultiPolygon", "coordinates": [[[[36.76782075899003, -1.251642003764773], [36.767670591529885, -1.251994363214807], [36.767208312658234, -1.251750110511251], [36.76782075899003, -1.251642003764773]]]]}}, {"type": "Feature", "properties": {"Id": 76, "gridcode": 2}, "geometry": {"type": "MultiPolygon", "coordinates": [[[[37.02167343155165, -1.252118438770937], [37.01992703682774, -1.251781477922423], [37.020266596757594, -1.250972465507368], [37.02277409077913, -1.250090031664249], [37.0230881162848, -1.250781239780768], [37.021803157255164, -1.251977735826456], [37.02167343155165, -1.252118438770937]]]]}}, {"type": "Feature", "properties": {"Id": 77, "gridcode": 1}, "geometry": {"type": "MultiPolygon", "coordinates": [[[[36.76781984087561, -1.2527268468434], [36.767200260599445, -1.252616384240636], [36.767673716919404, -1.252382361084817], [36.76781984087561, -1.2527268468434]]]]}}, {"type": "Feature", "properties": {"Id": 78, "gridcode": 1}, "geometry": {"type": "MultiPolygon", "coordinates": [[[[36.769164846347564, -1.255440112249825], [36.768227343548105, -1.254884295777816], [36.76898894208789, -1.254508442441501], [36.769164846347564, -1.255440112249825]]]]}}, {"type": "Feature", "properties": {"Id": 79, "gridcode": 2}, "geometry": {"type": "MultiPolygon", "coordinates": [[[[36.97531450264201, -1.258321503206281], [36.97450601024261, -1.258320871337236], [36.97450642876403, -1.257778376591656], [36.97531492099666, -1.257779008188201], [36.97531450264201, -1.258321503206281]]]]}}, {"type": "Feature", "properties": {"Id": 80, "gridcode": 2}, "geometry": {"type": "MultiPolygon", "coordinates": [[[[37.0017428681728, -1.235285589617316], [37.00188755801937, -1.235411234400033], [37.00222294500768, -1.236169319031652], [37.00348823504113, -1.236518887114666], [37.00394350443845, -1.236482411379893], [37.004581543704894, -1.236769535629157], [37.00510279080672, -1.23706278003396], [37.00591884199784, -1.236997405509889], [37.006988061628334, -1.237084686017242], [37.00759536174589, -1.236376292807131], [37.010372783063175, -1.236153782703621], [37.01184300934668, -1.236980862799599], [37.013981605851065, -1.235318220484068], [37.014034732435114, -1.234658965808134], [37.01347778362413, -1.233128926544996], [37.01374832584566, -1.231502507330762], [37.01570574163976, -1.229219197692466], [37.016172100187724, -1.229181831815375], [37.01743228099697, -1.229648686783352], [37.0177931121109, -1.2286620362562], [37.01811728686524, -1.226880798371363], [37.019869185533004, -1.227364789101035], [37.02174466104146, -1.226673163805938], [37.023212748553675, -1.227832138229033], [37.025523029101315, -1.226847139041643], [37.02774742862047, -1.224851689161548], [37.02899083324252, -1.22406910074204], [37.02976854414992, -1.222318369558834], [37.03098364148209, -1.221870258152779], [37.03190934144159, -1.221590482799089], [37.03287134736032, -1.22024410665006], [37.03392405584597, -1.218893221585291], [37.03440037971308, -1.216275689622407], [37.0353002184428, -1.215634512889409], [37.03780334572142, -1.214100100393953], [37.03873686374178, -1.212602388358458], [37.039804715649225, -1.212689532986868], [37.0418025236518, -1.211794012822347], [37.04341055362102, -1.210528370358159], [37.04416564940384, -1.210467854831397], [37.04515059845937, -1.210832726842455], [37.04613606992376, -1.210469284841091], [37.04834747812183, -1.21064974252906], [37.04916662084874, -1.208805572878368], [37.05083806624308, -1.208941964332239], [37.05366229264657, -1.207675971136137], [37.05479432497254, -1.207041329737257], [37.05735723883786, -1.209064541774458], [37.058087958753376, -1.209286552406872], [37.057183590905815, -1.210232604199796], [37.05635790538754, -1.209854277031035], [37.054374439188834, -1.208337173552715], [37.05099524687563, -1.20964582893179], [37.050148478532044, -1.210463491955172], [37.049368694627, -1.213940987441593], [37.0493026118088, -1.217088678526626], [37.04985210494526, -1.223089622911694], [37.04991596845125, -1.226355837600761], [37.04918629743921, -1.227866859569238], [37.04877335996793, -1.228672198314222], [37.048508259753135, -1.230033728847632], [37.04823316445425, -1.230299355593011], [37.04796865470998, -1.230847110738633], [37.04769336183137, -1.231383996748309], [37.046910546748435, -1.233806021942043], [37.0457567387536, -1.234591960200925], [37.04416768692612, -1.234918326276262], [37.04299361471985, -1.234893342013471], [37.04256956973889, -1.235720355575132], [37.04230386411926, -1.23789565933107], [37.04176329636272, -1.240012139999248], [37.04225809426427, -1.241130349943298], [37.043331079612614, -1.241500901911093], [37.04389238142062, -1.240406250686259], [37.04445373042114, -1.238976862460661], [37.04674043987969, -1.238603931490197], [37.04845048243136, -1.236815181463487], [37.04928189455938, -1.237501868872855], [37.04957257833999, -1.241427431502991], [37.04984609300361, -1.24332102421667], [37.050105010711476, -1.250379408542311], [37.050502577388045, -1.255121103594854], [37.04990522194328, -1.258188870087912], [37.04865784404946, -1.259038515364931], [37.04718331609847, -1.259067693788593], [37.04319837201088, -1.25824306964694], [37.040894938372126, -1.259181429476969], [37.038787607308066, -1.258636158959769], [37.037162765005846, -1.258236178873058], [37.03562523759878, -1.257705197126051], [37.03474030514822, -1.25768634768777], [37.034470793760434, -1.257691673156204], [37.03406653918303, -1.257683063682886], [37.03236169679645, -1.257716786738579], [37.03171659172602, -1.257092020091557], [37.03079493379192, -1.253793580795147], [37.02982130571189, -1.25188781281655], [37.029910429694986, -1.247648947099002], [37.02989189023776, -1.246699534478488], [37.029917469053274, -1.245482060552774], [37.0286328979662, -1.245454702984624], [37.02773935362351, -1.245745799488403], [37.02670280107941, -1.246830043144006], [37.024919286637655, -1.245132974570106], [37.024169915075966, -1.242802695245317], [37.02273474868364, -1.240595899101592], [37.0220916280876, -1.240582203402116], [37.02090342768924, -1.241391573195091], [37.019688078390026, -1.241415623735249], [37.01866155216374, -1.241061112206201], [37.0172118338639, -1.242237155199574], [37.015971379866926, -1.242841722592177], [37.01560850976705, -1.243593101341973], [37.01347286307218, -1.244633934760553], [37.01292206526187, -1.245708110877116], [37.01377465540649, -1.246193344923627], [37.016499960002285, -1.24411520914675], [37.01803250844306, -1.244935836597628], [37.019129226348795, -1.248168713214287], [37.01830386606419, -1.249536240449166], [37.01803934674915, -1.250083979549344], [37.01757399036258, -1.250533297157567], [37.01857225588636, -1.251021690613708], [37.01788219972679, -1.251912884527216], [37.01644782875796, -1.251167787863771], [37.014786713585956, -1.251486634138715], [37.0134553684416, -1.252772147268123], [37.01266574119653, -1.255214957078981], [37.01159329530759, -1.255769971416506], [37.010508262697684, -1.255263569596953], [37.00919397782153, -1.25269097868719], [37.008633029861265, -1.250946591864334], [37.007798239600326, -1.250070747103936], [37.00685754420877, -1.249159698610748], [37.00620630415493, -1.247134581153396], [37.00515744232392, -1.245521728240153], [37.00437377001297, -1.244699534044383], [37.00240710407239, -1.244375757466899], [37.001604410130525, -1.243827210856711], [37.00033274545592, -1.243205055404364], [37.00079777717592, -1.24081713770644], [37.00187132799201, -1.238723465181568], [37.00190612282979, -1.237069009070028], [37.0017428681728, -1.235285589617316]], [[37.035153149435814, -1.246160977186535], [37.03506114662142, -1.245830180441528], [37.03482462608059, -1.246067874745875], [37.035153149435814, -1.246160977186535]], [[37.01089451045585, -1.25048270581587], [37.0113450674734, -1.249851032016097], [37.01231573114911, -1.249151907349253], [37.01181357669223, -1.247919351639223], [37.01017109846258, -1.247656367475707], [37.008733710098255, -1.248573318592539], [37.00817999970961, -1.250015046340085], [37.00992140009296, -1.250367809682911], [37.01089451045585, -1.25048270581587]], [[37.03515475666267, -1.243990917431335], [37.035409709524885, -1.243162078960096], [37.035979432380685, -1.242650503314817], [37.03659133003001, -1.241962253713226], [37.03781817310112, -1.241581954365371], [37.03734944857578, -1.24071225073672], [37.03638770197778, -1.23984605359531], [37.035032186973964, -1.239522707472989], [37.0331201501632, -1.243041828642335], [37.03365502168092, -1.243523569122], [37.03515475666267, -1.243990917431335]], [[37.00577968511088, -1.242883720976015], [37.005977086286784, -1.242077438571354], [37.0058099692245, -1.241324470874467], [37.005181608904564, -1.241465754064332], [37.00544452995193, -1.242650441137338], [37.00577968511088, -1.242883720976015]]]]}}, {"type": "Feature", "properties": {"Id": 81, "gridcode": 1}, "geometry": {"type": "MultiPolygon", "coordinates": [[[[36.72470423264793, -1.255672740789666], [36.726207481563094, -1.252839203320058], [36.725229390299575, -1.251553122094274], [36.72608207654231, -1.249468884765316], [36.725526858699844, -1.247870067383855], [36.726468305974755, -1.246083079184257], [36.728367058879584, -1.245780336227536], [36.72875767558276, -1.242116106882244], [36.72944143291744, -1.241991185615848], [36.731620554117185, -1.240116233540348], [36.73393478915334, -1.239693412740673], [36.732982739216126, -1.237412605770358], [36.732343031676706, -1.236502873424889], [36.73035964357423, -1.23589997093577], [36.729571575504906, -1.235607919124097], [36.729710875815, -1.234413709083662], [36.73029646104725, -1.234297762210259], [36.73097029792152, -1.235245734696991], [36.73162171201404, -1.235116759215342], [36.733187041649856, -1.235497796930054], [36.73457856948718, -1.235725453923667], [36.735356632192044, -1.236048045351858], [36.735768676209005, -1.235966461562554], [36.73630749108472, -1.236074105003522], [36.7371181903148, -1.235913590479324], [36.739270432318854, -1.23634801756239], [36.73967769076632, -1.236267380724926], [36.740348991498216, -1.236430788803047], [36.74034876204517, -1.236701994470696], [36.74088766958447, -1.236702456356251], [36.74088744013568, -1.236973662124623], [36.74115689400817, -1.236973893076823], [36.74128391810297, -1.237117235941197], [36.74217342877882, -1.23768770669604], [36.743733242779804, -1.239447821690093], [36.74453025145124, -1.239816820877241], [36.746017140297816, -1.240631716593576], [36.747224330379176, -1.240376806650704], [36.74855691586326, -1.239820271648658], [36.75057190387546, -1.239550780088024], [36.75239562568503, -1.236565250942773], [36.753426155965755, -1.235229157038959], [36.75390161655015, -1.233684018099174], [36.755946097175936, -1.231328709944304], [36.75742362648172, -1.228994743964838], [36.75912267444448, -1.229503178630516], [36.76176454077619, -1.232766185666365], [36.76337848567959, -1.234101296355493], [36.76607502658329, -1.235782314798564], [36.76648668910021, -1.235910637615126], [36.76657865256674, -1.236241386026046], [36.766815145661155, -1.2360037554135], [36.76648668910021, -1.235910637615126], [36.766841385925915, -1.235511752811975], [36.76934083285001, -1.235843056562907], [36.770924048426224, -1.237269248773965], [36.77046831774891, -1.242817003520352], [36.76965099947241, -1.242865339982884], [36.7687769513833, -1.242548840261761], [36.76830036521757, -1.242577022676868], [36.76744241302727, -1.242179805727376], [36.767416876960326, -1.24174245972437], [36.76747755698818, -1.240732182769495], [36.76716417784905, -1.240378559392357], [36.76687976979221, -1.240122369185333], [36.765885386256535, -1.239000305745204], [36.765136772015694, -1.239044579328544], [36.76447590500679, -1.239004372609423], [36.763082671397605, -1.240089196000791], [36.76149812697657, -1.240182904799531], [36.7593493818056, -1.240052165292748], [36.758807041975615, -1.240662056395775], [36.75742425669591, -1.240161348126825], [36.75565917508644, -1.240053942265154], [36.755307047660104, -1.241198233551161], [36.7547893676025, -1.241166737184398], [36.753733816769945, -1.242684950821387], [36.75492119554623, -1.243335690865992], [36.75737998133471, -1.244102192599079], [36.758537166249845, -1.245524192349906], [36.75885485459829, -1.24690383453062], [36.75932875849682, -1.247438598031505], [36.759867265134595, -1.247923699312292], [36.75922936619005, -1.248747490369976], [36.754741827804494, -1.250131484699349], [36.75091793590645, -1.24976441630838], [36.75043504629428, -1.249329412051301], [36.750137324917546, -1.247716294044687], [36.74848008915935, -1.247615439841017], [36.7474975461747, -1.248068307267413], [36.74744215095095, -1.248990436724143], [36.74786751264985, -1.24947042379209], [36.74829410726085, -1.24985471819117], [36.74842113172439, -1.249998062535693], [36.74787694033349, -1.250469134760603], [36.74741926121393, -1.251994412093695], [36.74757109552247, -1.253917028974019], [36.74802292662815, -1.254733756905409], [36.74836665589928, -1.255886445950562], [36.74961057150546, -1.257487945534264], [36.74805318516554, -1.258259477697457], [36.745668032299335, -1.257246030885486], [36.74343958723941, -1.257733229196847], [36.74171669169403, -1.257995932871605], [36.74063904277144, -1.259252672781061], [36.73933836202728, -1.260378570251244], [36.73559964086666, -1.260689468349818], [36.73205359118512, -1.259580579464421], [36.73148374644233, -1.258292224505418], [36.73040888895382, -1.257993056492311], [36.72877670613654, -1.259155696710286], [36.72654522173789, -1.259596711265328], [36.72526331248064, -1.258096494905345], [36.72484887021515, -1.255798379993841], [36.72470423264793, -1.255672740789666]]]]}}, {"type": "Feature", "properties": {"Id": 82, "gridcode": 3}, "geometry": {"type": "MultiPolygon", "coordinates": [[[[36.70206515906449, -1.261619170942958], [36.70206539710629, -1.261347972586484], [36.70233484614872, -1.261348212133935], [36.70233460813476, -1.26161941054193], [36.70206515906449, -1.261619170942958]]]]}}, {"type": "Feature", "properties": {"Id": 83, "gridcode": 3}, "geometry": {"type": "MultiPolygon", "coordinates": [[[[36.76727285067994, -1.262218757567988], [36.766944392390414, -1.262125633918326], [36.76718089198693, -1.261888007448841], [36.76727285067994, -1.262218757567988]]]]}}, {"type": "Feature", "properties": {"Id": 84, "gridcode": 4}, "geometry": {"type": "MultiPolygon", "coordinates": [[[[36.709880388532056, -1.260270108683702], [36.710830930885415, -1.260398919323342], [36.71461630032417, -1.261007602315075], [36.71647458358141, -1.260897777678529], [36.71701219384104, -1.261504449831373], [36.71958314062148, -1.263778234271356], [36.71984677915614, -1.264075740003909], [36.71953455757861, -1.265789941892829], [36.71863887738256, -1.266120097873385], [36.71836302207754, -1.266097548505363], [36.71794341181693, -1.266131101686488], [36.716162960286795, -1.265589851824576], [36.714582314711464, -1.264216769729781], [36.71433315744154, -1.263925170153285], [36.7133432383495, -1.263299897150698], [36.712687836616055, -1.262532865125646], [36.71110211493, -1.261210302105033], [36.710004966719275, -1.260415907906075], [36.709880388532056, -1.260270108683702]]]]}}, {"type": "Feature", "properties": {"Id": 85, "gridcode": 2}, "geometry": {"type": "MultiPolygon", "coordinates": [[[[37.10386356057709, -1.267099357580336], [37.103863757866925, -1.266828089117927], [37.10413327713504, -1.266828287652829], [37.10413307987321, -1.267099556157763], [37.10386356057709, -1.267099357580336]]]]}}, {"type": "Feature", "properties": {"Id": 86, "gridcode": 2}, "geometry": {"type": "MultiPolygon", "coordinates": [[[[37.096315252896744, -1.269535191364602], [37.095384799605185, -1.268999599726454], [37.096388645948615, -1.267249763073961], [37.09796863065447, -1.267088856358515], [37.0984315013883, -1.267903655678961], [37.0980804749208, -1.26832834462272], [37.09778583827602, -1.268574294074061], [37.097331676879186, -1.269123761533929], [37.09643765130814, -1.269387098275141], [37.096315252896744, -1.269535191364602]]]]}}, {"type": "Feature", "properties": {"Id": 87, "gridcode": 3}, "geometry": {"type": "MultiPolygon", "coordinates": [[[[36.70233484614872, -1.261348212133935], [36.70245503668334, -1.260926524310396], [36.70302490529424, -1.259601030299744], [36.70327770269332, -1.258714081648307], [36.70668095115426, -1.259695469482527], [36.70946141428297, -1.260149134519596], [36.709880388532056, -1.260270108683702], [36.710004966719275, -1.260415907906075], [36.71110211493, -1.261210302105033], [36.712687836616055, -1.262532865125646], [36.7133432383495, -1.263299897150698], [36.71433315744154, -1.263925170153285], [36.714582314711464, -1.264216769729781], [36.716162960286795, -1.265589851824576], [36.71794341181693, -1.266131101686488], [36.71836302207754, -1.266097548505363], [36.71863887738256, -1.266120097873385], [36.71953455757861, -1.265789941892829], [36.71984677915614, -1.264075740003909], [36.72108622763868, -1.265008588136751], [36.72135003565508, -1.264768407508948], [36.72116229877121, -1.26348195951861], [36.72166210732029, -1.261108346256763], [36.72243023609579, -1.259224080052762], [36.72281524356581, -1.258925514941813], [36.72308002431703, -1.259164051461014], [36.72383606558978, -1.261741977884155], [36.723492083785885, -1.263950989803083], [36.722382563867995, -1.265546709626616], [36.721872997618576, -1.266661583586084], [36.72158792849274, -1.26718847404603], [36.72079119548733, -1.268931620808539], [36.71951626117108, -1.269627455443999], [36.71782087560389, -1.269323173124453], [36.71341033733187, -1.266207162489629], [36.70997423544854, -1.263129677429306], [36.7082412008794, -1.261908981787805], [36.706687013874344, -1.261346143295879], [36.704625657426234, -1.260788507674472], [36.70301615867412, -1.261220849114193], [36.70233484614872, -1.261348212133935]]]]}}, {"type": "Feature", "properties": {"Id": 88, "gridcode": 4}, "geometry": {"type": "MultiPolygon", "coordinates": [[[[36.814692446560855, -1.269853460279688], [36.81377174128697, -1.269608141989923], [36.8141101648205, -1.268112410880361], [36.81534484997626, -1.268707076148458], [36.815119440035545, -1.269198147271312], [36.81480530589053, -1.269424354359815], [36.814692446560855, -1.269853460279688]]]]}}, {"type": "Feature", "properties": {"Id": 89, "gridcode": 5}, "geometry": {"type": "MultiPolygon", "coordinates": [[[[36.752445542269605, -1.270342140373482], [36.75183685706204, -1.270170968368454], [36.750174582659604, -1.267910248202845], [36.75055848367274, -1.266758373356467], [36.75177212002106, -1.266279390449461], [36.75331203427058, -1.266712434833801], [36.754720793598636, -1.267808835703164], [36.75401006268656, -1.269375501113387], [36.75256306145486, -1.270189183863668], [36.752445542269605, -1.270342140373482]]]]}}, {"type": "Feature", "properties": {"Id": 90, "gridcode": 3}, "geometry": {"type": "MultiPolygon", "coordinates": [[[[37.10224169400662, -1.273608602314267], [37.102241892479945, -1.273337334121601], [37.10251141216803, -1.273337533847082], [37.10251121372284, -1.27360880208231], [37.10224169400662, -1.273608602314267]]]]}}, {"type": "Feature", "properties": {"Id": 91, "gridcode": 3}, "geometry": {"type": "MultiPolygon", "coordinates": [[[[37.10197157857438, -1.27442220696456], [37.10197217433271, -1.273608402517892], [37.10224169400662, -1.273608602314267], [37.10224109833276, -1.274422406888641], [37.10197157857438, -1.27442220696456]]]]}}, {"type": "Feature", "properties": {"Id": 92, "gridcode": 2}, "geometry": {"type": "MultiPolygon", "coordinates": [[[[36.764297832744894, -1.274963067501547], [36.76364923693911, -1.274511512495439], [36.7642762453708, -1.273496222189136], [36.76456962547585, -1.273853484796973], [36.764297832744894, -1.274963067501547]]]]}}, {"type": "Feature", "properties": {"Id": 93, "gridcode": 3}, "geometry": {"type": "MultiPolygon", "coordinates": [[[[37.10170146263459, -1.275235811325634], [37.101701661418154, -1.274964543221737], [37.101971181190564, -1.274964743259316], [37.101970982435176, -1.275236011405787], [37.10170146263459, -1.275235811325634]]]]}}, {"type": "Feature", "properties": {"Id": 94, "gridcode": 3}, "geometry": {"type": "MultiPolygon", "coordinates": [[[[36.74812996158574, -1.275220088000707], [36.74639594008547, -1.27508191375003], [36.74664221663753, -1.274780730863733], [36.74857611445069, -1.274017503239331], [36.74855183156053, -1.274831103882666], [36.748247481405016, -1.275067132545353], [36.74812996158574, -1.275220088000707]]]]}}, {"type": "Feature", "properties": {"Id": 95, "gridcode": 3}, "geometry": {"type": "MultiPolygon", "coordinates": [[[[37.10116222427811, -1.275506679098348], [37.10116242316038, -1.275235411080224], [37.10170146263459, -1.275235811325634], [37.10170126380869, -1.275507079428925], [37.10116222427811, -1.275506679098348]]]]}}, {"type": "Feature", "properties": {"Id": 96, "gridcode": 3}, "geometry": {"type": "MultiPolygon", "coordinates": [[[[37.036209008794366, -1.275728866068313], [37.03551064524707, -1.275617534957552], [37.03421330917829, -1.274481839203877], [37.032882442663755, -1.274136993127926], [37.032102161143634, -1.273593879082786], [37.031848029625166, -1.272448730395833], [37.03326415893185, -1.271851351391359], [37.03470939472197, -1.27239688694833], [37.03524298666142, -1.273176011009483], [37.03628247717523, -1.273899563497709], [37.03672042286822, -1.274951238748156], [37.036209008794366, -1.275728866068313]]]]}}, {"type": "Feature", "properties": {"Id": 97, "gridcode": 5}, "geometry": {"type": "MultiPolygon", "coordinates": [[[[36.97556945833271, -1.277037793550809], [36.97556988285989, -1.276495298525454], [36.97637838142957, -1.276495939182636], [36.97637795707165, -1.27703843448035], [36.97556945833271, -1.277037793550809]]]]}}, {"type": "Feature", "properties": {"Id": 98, "gridcode": 5}, "geometry": {"type": "MultiPolygon", "coordinates": [[[[36.97556945833271, -1.277037793550809], [36.97547695375255, -1.277368435738681], [36.97524080155347, -1.2771303852517], [36.97556945833271, -1.277037793550809]]]]}}, {"type": "Feature", "properties": {"Id": 99, "gridcode": 5}, "geometry": {"type": "MultiPolygon", "coordinates": [[[[36.975029822100446, -1.277851108383463], [36.97512232682725, -1.277520466332488], [36.97535847897678, -1.277758516869444], [36.975029822100446, -1.277851108383463]]]]}}, {"type": "Feature", "properties": {"Id": 100, "gridcode": 5}, "geometry": {"type": "MultiPolygon", "coordinates": [[[[37.000632478060695, -1.277871298634796], [36.99941468037149, -1.277739891977189], [36.998274984567786, -1.277438368339759], [36.99727833127829, -1.277477345438907], [36.99622710447867, -1.276916410937531], [36.99321695240066, -1.276650022997797], [36.99221189047142, -1.2762945744141], [36.991813741933605, -1.273766478860854], [36.991292351226846, -1.272772829028328], [36.99072829223446, -1.272246011570528], [36.98949756558775, -1.27166022973344], [36.98833598464163, -1.270063656400457], [36.98735734908009, -1.269149615355764], [36.98660351234924, -1.267972605589454], [36.98714920255708, -1.266936575730581], [36.989832433900744, -1.266508512103469], [36.99220044777094, -1.267009095683224], [36.993711496435495, -1.267815351130094], [36.995826345373196, -1.269282499323472], [37.00133339871255, -1.275333396683707], [37.001302270497476, -1.276108685490756], [37.00131272009947, -1.276379945651882], [37.0012966186532, -1.276781513139267], [37.000632478060695, -1.277871298634796]]]]}}, {"type": "Feature", "properties": {"Id": 101, "gridcode": 4}, "geometry": {"type": "MultiPolygon", "coordinates": [[[[36.84190133533878, -1.279369330784845], [36.84013493762211, -1.279247220362596], [36.839776485916346, -1.277981405709092], [36.83932854978728, -1.276805521058861], [36.839089807716505, -1.275690427081028], [36.83857700149532, -1.274810692817851], [36.838457042712484, -1.273833265241794], [36.8392856052002, -1.27373024452531], [36.84128263415911, -1.275342588865103], [36.84283118061473, -1.277480005024477], [36.84257791240361, -1.278770971487686], [36.84202129807603, -1.279218822012447], [36.84190133533878, -1.279369330784845]]]]}}, {"type": "Feature", "properties": {"Id": 102, "gridcode": 2}, "geometry": {"type": "MultiPolygon", "coordinates": [[[[37.08498810359608, -1.279563598112153], [37.08216895114083, -1.278734983549762], [37.08214503173577, -1.2781159018801], [37.08288414615619, -1.276542683442299], [37.085569778877684, -1.277253102835665], [37.08677615270306, -1.276907242531826], [37.08672792269201, -1.275659025736908], [37.0875552198082, -1.275626638943274], [37.08961334658487, -1.276171066599787], [37.094224229590615, -1.274895031402716], [37.09633927648311, -1.273432517531676], [37.0981584070901, -1.272792290766946], [37.0994171739157, -1.273194431208207], [37.1007936961334, -1.273681173626103], [37.10183050045371, -1.272715739754198], [37.101864447368065, -1.271869285011598], [37.10124782078366, -1.269493650564472], [37.10201582791977, -1.268660602923834], [37.10386356057709, -1.267099357580336], [37.10371018733758, -1.267585719998279], [37.1031831522795, -1.268586379074371], [37.103257842302455, -1.270518369625957], [37.10251141216803, -1.273337533847082], [37.102241892479945, -1.273337334121601], [37.10224169400662, -1.273608602314267], [37.10197217433271, -1.273608402517892], [37.10197157857438, -1.27442220696456], [37.101971181190564, -1.274964743259316], [37.101701661418154, -1.274964543221737], [37.10170146263459, -1.275235811325634], [37.10116242316038, -1.275235411080224], [37.10116222427811, -1.275506679098348], [37.10062488055238, -1.275347540734101], [37.09914620728198, -1.273553183170073], [37.098209490256394, -1.273211258808508], [37.09748830110323, -1.274083791198555], [37.094476905855004, -1.275383679278918], [37.090938968474035, -1.276338535993273], [37.08815882036635, -1.277387588279848], [37.08520876528228, -1.279296637484027], [37.08498810359608, -1.279563598112153]]]]}}, {"type": "Feature", "properties": {"Id": 103, "gridcode": 3}, "geometry": {"type": "MultiPolygon", "coordinates": [[[[36.86184138949934, -1.281013506882561], [36.859584218325935, -1.280847381549285], [36.85734553117049, -1.278946212463397], [36.856598163928304, -1.276128209711626], [36.856944905669074, -1.275562539083619], [36.85887499734661, -1.277070583211728], [36.86207083011557, -1.276609728688127], [36.86429195984697, -1.275585938304501], [36.865477549054006, -1.274048785426758], [36.865131330111694, -1.271881614567398], [36.86455942920115, -1.271236308359091], [36.86393923253174, -1.270677649766632], [36.86340035455583, -1.269677568236169], [36.86330003555413, -1.267959553931211], [36.863760394282785, -1.266952191630472], [36.8645792745464, -1.266031275410644], [36.867145015591625, -1.264630738683381], [36.869940183268156, -1.264465377007334], [36.87300105357483, -1.265652589873951], [36.87350670032039, -1.266590964485756], [36.87304345921253, -1.26760463996643], [36.872615844670534, -1.268395089424974], [36.87185584543962, -1.270058118375951], [36.869374470150525, -1.273096927820879], [36.86898098354363, -1.27382428751636], [36.86782464266493, -1.276354550244065], [36.864093714244504, -1.279846379481726], [36.86203572039823, -1.280794961077945], [36.86184138949934, -1.281013506882561]]]]}}, {"type": "Feature", "properties": {"Id": 104, "gridcode": 1}, "geometry": {"type": "MultiPolygon", "coordinates": [[[[36.68938665534504, -1.277879632733978], [36.689257921443776, -1.276925157178529], [36.688450950464826, -1.275386891069278], [36.689259132294104, -1.27556917782992], [36.69156469405418, -1.276384850873967], [36.69246310468956, -1.276029435620479], [36.69087810469391, -1.273008071740846], [36.691277825109395, -1.271528132006474], [36.69410561993703, -1.271234104678365], [36.69544788809681, -1.271288867063598], [36.69547438203465, -1.270630959359839], [36.69384521893479, -1.269425992736609], [36.69416126182289, -1.268986127556287], [36.69592148243965, -1.269608850451935], [36.697607338033144, -1.269302111922135], [36.6972740798415, -1.267246006271333], [36.695618126892406, -1.266457605990668], [36.6935967706968, -1.264569202540335], [36.69486106292287, -1.263970038079088], [36.69610307184547, -1.262156836356556], [36.69412222803775, -1.260866891062642], [36.6953105506452, -1.260397940380384], [36.69700233243318, -1.260692419776905], [36.69910122267297, -1.261616533503894], [36.700212246586844, -1.265975456298815], [36.7015430213184, -1.267423626575353], [36.7042352656378, -1.267897939245612], [36.70567726863728, -1.267214549203903], [36.70624306660863, -1.265831645677388], [36.70656050849477, -1.264495562778951], [36.70785448763589, -1.264445093875695], [36.71107861758196, -1.266275563994516], [36.712967403461356, -1.267736030144313], [36.71493727474131, -1.269192954105209], [36.71558496144769, -1.269798038574437], [36.716208489354045, -1.270711778734948], [36.7172289756343, -1.272305432574753], [36.71902768282218, -1.273416116213768], [36.720248609463006, -1.272624131499873], [36.721926833446126, -1.271331222598071], [36.72495301066124, -1.270442452091797], [36.72536500203356, -1.270459254358237], [36.725849955478665, -1.270440342089527], [36.72753566856453, -1.271102752987924], [36.72859010505428, -1.274139242070124], [36.72818862615332, -1.275579770140447], [36.726048509133726, -1.275952881716482], [36.719876975353635, -1.274761278874671], [36.718410346538604, -1.273978503233777], [36.716982802841315, -1.274406270855415], [36.71591993093209, -1.274909975777439], [36.71512660946972, -1.275331578572509], [36.71088022002139, -1.275839160162932], [36.70975796753095, -1.276371003656396], [36.70931630637833, -1.277209268209572], [36.70873152452388, -1.278453524664442], [36.70784755141764, -1.279664256379053], [36.70729814518803, -1.279924616107265], [36.705264416379634, -1.281651240622327], [36.702721155485534, -1.281547485538031], [36.70193815442738, -1.281578013166961], [36.69883897730729, -1.281243207629944], [36.69658284399072, -1.280039026802702], [36.693028264254515, -1.27909814130695], [36.6898509946111, -1.278333376626531], [36.68951611638664, -1.278020520706835], [36.68938665534504, -1.277879632733978]]]]}}, {"type": "Feature", "properties": {"Id": 105, "gridcode": 2}, "geometry": {"type": "MultiPolygon", "coordinates": [[[[36.7998607909928, -1.28258798425996], [36.79820584832374, -1.282378189370994], [36.797601178767295, -1.280790816264695], [36.79839672425882, -1.27894029090851], [36.79881768742649, -1.277463224012616], [36.79932129190694, -1.276831362798454], [36.800647279615845, -1.276319686019887], [36.80196440340668, -1.276155944015388], [36.80320815357853, -1.2766846992334], [36.80331723250493, -1.277573450701923], [36.80313160843368, -1.279064986726022], [36.803430370016976, -1.281499497157502], [36.80270568918585, -1.281927399400657], [36.80008291716196, -1.282309295257952], [36.7998607909928, -1.28258798425996]]]]}}, {"type": "Feature", "properties": {"Id": 106, "gridcode": 4}, "geometry": {"type": "MultiPolygon", "coordinates": [[[[36.86237809920189, -1.283726238587855], [36.859264534236345, -1.283565281433193], [36.85622474229695, -1.282833803488904], [36.8545015227631, -1.282013496085815], [36.85337806441698, -1.280964036845484], [36.852888549004035, -1.271825136477717], [36.85407435224952, -1.26930168056899], [36.85592360989788, -1.268023182235084], [36.8579123302003, -1.267080551903529], [36.86092876788663, -1.264451766969279], [36.865739336825975, -1.262321606721722], [36.86823502374756, -1.261665625823901], [36.87068541034016, -1.261299928323811], [36.872107739679734, -1.261754454370459], [36.87402592138506, -1.262432908527712], [36.87594756331424, -1.26280380620606], [36.87836166777853, -1.264234926944709], [36.87921487915192, -1.265861020488589], [36.87925745307941, -1.266965125395477], [36.878860050008385, -1.268224903070008], [36.87822749741923, -1.268910909517141], [36.87762086682555, -1.269233347657028], [36.875091405927165, -1.270432291852375], [36.873475011483656, -1.271937187098831], [36.87248691006841, -1.273558432553956], [36.87176325594692, -1.275098422431273], [36.86910641564775, -1.278497601148362], [36.868709482943416, -1.279251104239612], [36.86797082718584, -1.280822991028001], [36.866319430189954, -1.282095359601215], [36.86250782482049, -1.283585560448853], [36.86237809920189, -1.283726238587855]], [[36.86184138949934, -1.281013506882561], [36.86203572039823, -1.280794961077945], [36.864093714244504, -1.279846379481726], [36.86782464266493, -1.276354550244065], [36.86898098354363, -1.27382428751636], [36.869374470150525, -1.273096927820879], [36.87185584543962, -1.270058118375951], [36.872615844670534, -1.268395089424974], [36.87304345921253, -1.26760463996643], [36.87350670032039, -1.266590964485756], [36.87300105357483, -1.265652589873951], [36.869940183268156, -1.264465377007334], [36.867145015591625, -1.264630738683381], [36.8645792745464, -1.266031275410644], [36.863760394282785, -1.266952191630472], [36.86330003555413, -1.267959553931211], [36.86340035455583, -1.269677568236169], [36.86393923253174, -1.270677649766632], [36.86455942920115, -1.271236308359091], [36.865131330111694, -1.271881614567398], [36.865477549054006, -1.274048785426758], [36.86429195984697, -1.275585938304501], [36.86207083011557, -1.276609728688127], [36.85887499734661, -1.277070583211728], [36.856944905669074, -1.275562539083619], [36.856598163928304, -1.276128209711626], [36.85734553117049, -1.278946212463397], [36.859584218325935, -1.280847381549285], [36.86184138949934, -1.281013506882561]]]]}}, {"type": "Feature", "properties": {"Id": 107, "gridcode": 5}, "geometry": {"type": "MultiPolygon", "coordinates": [[[[36.99685416038543, -1.284649616106274], [36.9967021630662, -1.284531328692892], [36.99564292567094, -1.281878444159821], [36.99550917613377, -1.281393542146386], [36.996995450938186, -1.282166265418889], [36.99740512233554, -1.283493656693406], [36.99685416038543, -1.284649616106274]]]]}}, {"type": "Feature", "properties": {"Id": 108, "gridcode": 4}, "geometry": {"type": "MultiPolygon", "coordinates": [[[[36.750007661939755, -1.284985214747119], [36.74828550914323, -1.284806865889736], [36.74815409466613, -1.283142327372686], [36.74894401138102, -1.281875475410968], [36.75034815179228, -1.282167814139474], [36.75013249553616, -1.284839632466806], [36.750007661939755, -1.284985214747119]]]]}}, {"type": "Feature", "properties": {"Id": 109, "gridcode": 3}, "geometry": {"type": "MultiPolygon", "coordinates": [[[[36.6869540735109, -1.286284493089522], [36.687153975319156, -1.285503423763023], [36.690261395348195, -1.282187229907588], [36.69046129406167, -1.281406157885705], [36.69134216886876, -1.281081485176927], [36.69331845637057, -1.280923462493356], [36.6959391364046, -1.281927126277158], [36.69606719226637, -1.283549460817782], [36.69520637280821, -1.285601561979843], [36.69513968526941, -1.286427548771732], [36.69520222485817, -1.287219877577671], [36.69409191273951, -1.287524633932302], [36.69174958777011, -1.286656463449906], [36.69049319229057, -1.286756917885334], [36.68977313723454, -1.286432751070112], [36.68895188938052, -1.285845555804715], [36.687459787782174, -1.286681659415232], [36.68707864700007, -1.286430293329606], [36.6869540735109, -1.286284493089522]]]]}}, {"type": "Feature", "properties": {"Id": 110, "gridcode": 2}, "geometry": {"type": "MultiPolygon", "coordinates": [[[[37.076895495781194, -1.28905175401327], [37.07597733971316, -1.288412689367209], [37.07654417941299, -1.287397626105136], [37.076896919821294, -1.287152905089273], [37.076895495781194, -1.28905175401327]]]]}}, {"type": "Feature", "properties": {"Id": 111, "gridcode": 3}, "geometry": {"type": "MultiPolygon", "coordinates": [[[[36.699883777822706, -1.29063542959432], [36.69762730141091, -1.290502575317426], [36.69627803035303, -1.288667419119697], [36.69608989162727, -1.287377967775126], [36.69813597001895, -1.286570547059746], [36.70006360005473, -1.286285630816443], [36.7013514205675, -1.287287968734494], [36.70108044277451, -1.289127291319701], [36.70030565165995, -1.290246471176752], [36.700001294771475, -1.290482482800816], [36.699883777822706, -1.29063542959432]]]]}}, {"type": "Feature", "properties": {"Id": 112, "gridcode": 3}, "geometry": {"type": "MultiPolygon", "coordinates": [[[[37.01086231647193, -1.292526985960098], [37.00955778639339, -1.292392019040784], [37.00872715812416, -1.291420115257883], [37.008043852426006, -1.29082664060896], [37.008311608103455, -1.290455468075803], [37.01021343076641, -1.288874643723825], [37.011435790827235, -1.28916356351357], [37.012025100165836, -1.29078254272515], [37.01151951474158, -1.29192046973797], [37.01098714924849, -1.292381366724272], [37.01086231647193, -1.292526985960098]]]]}}, {"type": "Feature", "properties": {"Id": 113, "gridcode": 4}, "geometry": {"type": "MultiPolygon", "coordinates": [[[[36.83272771220382, -1.292922684427479], [36.831546369903016, -1.292590495584542], [36.83127567052752, -1.290735830300528], [36.83281435739023, -1.290128538502382], [36.83419393991469, -1.291202181164719], [36.83384965182109, -1.292356967242261], [36.83284522812101, -1.292769717706817], [36.83272771220382, -1.292922684427479]]]]}}, {"type": "Feature", "properties": {"Id": 114, "gridcode": 3}, "geometry": {"type": "MultiPolygon", "coordinates": [[[[37.00520204402837, -1.293336274252334], [37.003190915569476, -1.29316548887985], [37.00407177560076, -1.292283995121377], [37.00507765072376, -1.292919206105103], [37.00520204402837, -1.293336274252334]]]]}}, {"type": "Feature", "properties": {"Id": 115, "gridcode": 3}, "geometry": {"type": "MultiPolygon", "coordinates": [[[[36.759160325928526, -1.295299267905836], [36.757702433332334, -1.295154717422142], [36.75661622435324, -1.294277675993787], [36.75690369861213, -1.292402876296766], [36.75825619212942, -1.292573418724688], [36.76030688308046, -1.291684605975697], [36.76079878636377, -1.293873118142663], [36.75940024417812, -1.294998269303473], [36.759160325928526, -1.295299267905836]]]]}}, {"type": "Feature", "properties": {"Id": 116, "gridcode": 3}, "geometry": {"type": "MultiPolygon", "coordinates": [[[[37.01139773572765, -1.297138719688328], [37.011542833477705, -1.296742044893349], [37.01185308744134, -1.295707771275207], [37.01297767900621, -1.294134090642332], [37.014402987216755, -1.293335176892149], [37.01758982390614, -1.292848974463497], [37.01828432757853, -1.291864781369597], [37.01853630242117, -1.288589739611069], [37.01884330970442, -1.286893138764976], [37.018789551073176, -1.286213378475877], [37.019460370850425, -1.285430956899756], [37.02352938337443, -1.286364692817965], [37.025930606127666, -1.288260439075834], [37.028114368280264, -1.287336808394756], [37.03059152430215, -1.286886751428655], [37.031463683372145, -1.288126827037465], [37.032279900664186, -1.290369214908622], [37.03176406261672, -1.291239247747979], [37.02989359047756, -1.292077552382079], [37.02972812327318, -1.292270534619083], [37.02877980669464, -1.29213933949336], [37.02688551910314, -1.291738896887139], [37.02205128784916, -1.293490351367067], [37.012469544678886, -1.296933643623418], [37.01139773572765, -1.297138719688328]]]]}}, {"type": "Feature", "properties": {"Id": 117, "gridcode": 3}, "geometry": {"type": "MultiPolygon", "coordinates": [[[[36.77047592837279, -1.297479007636924], [36.76903192678533, -1.297017466638192], [36.76657726260117, -1.295202004237266], [36.76652509534643, -1.293846972392483], [36.76804718334563, -1.293038056867403], [36.770719339008494, -1.292477835912151], [36.77249019606597, -1.293422955350504], [36.77436809591155, -1.294316987067541], [36.77441064207544, -1.295421911083822], [36.77358122505028, -1.295995268179555], [36.77303178584108, -1.296255647794569], [36.77250288719956, -1.296536737103411], [36.77093000335006, -1.297036407485041], [36.77060564481806, -1.297338344079777], [36.77047592837279, -1.297479007636924]]]]}}, {"type": "Feature", "properties": {"Id": 118, "gridcode": 5}, "geometry": {"type": "MultiPolygon", "coordinates": [[[[36.747031890402745, -1.298271718051008], [36.74636618622061, -1.297856679388147], [36.74553851276446, -1.297473451464736], [36.74371413370504, -1.296303337189897], [36.74287459194295, -1.294745076469874], [36.742807568804686, -1.293596114390027], [36.7433678391896, -1.29256060594133], [36.74344316882469, -1.291307270954627], [36.743083815112904, -1.289746495607551], [36.74098633714224, -1.287260408169515], [36.74124157455241, -1.286190221512463], [36.74250374475657, -1.284139380808125], [36.74314579571986, -1.282952703979179], [36.743620520820755, -1.281914061068112], [36.74451849964805, -1.281283934855039], [36.74885081483951, -1.278919407931234], [36.75028249335026, -1.278834793811938], [36.75284842276553, -1.278990993627025], [36.75395338665867, -1.27859304259631], [36.754459314310516, -1.278623846853768], [36.75600889328856, -1.278532256193172], [36.757412923505434, -1.281938203616514], [36.756811878800086, -1.283734117758404], [36.75592030721909, -1.285382010474976], [36.75511964988372, -1.287133720661313], [36.75409216211959, -1.288289103562239], [36.75309520462829, -1.289184046422032], [36.75212599358437, -1.290273893406804], [36.75005551532459, -1.290915365810681], [36.74762083319898, -1.292690426671952], [36.747717410976854, -1.294345945842635], [36.74742738689503, -1.294881984275573], [36.747963777202855, -1.295877582938193], [36.748000254099104, -1.296502886886282], [36.74768317461837, -1.296787516062061], [36.74771479072462, -1.297329577939976], [36.747031890402745, -1.298271718051008]], [[36.750007661939755, -1.284985214747119], [36.75013249553616, -1.284839632466806], [36.75034815179228, -1.282167814139474], [36.74894401138102, -1.281875475410968], [36.74815409466613, -1.283142327372686], [36.74828550914323, -1.284806865889736], [36.750007661939755, -1.284985214747119]]]]}}, {"type": "Feature", "properties": {"Id": 119, "gridcode": 4}, "geometry": {"type": "MultiPolygon", "coordinates": [[[[36.89928425657567, -1.299759872577166], [36.89861584252596, -1.299546268545043], [36.89957097623311, -1.297817086859382], [36.90165456860345, -1.296376592653314], [36.90265023954699, -1.296730108316013], [36.901473880247174, -1.298356503342551], [36.899883034615556, -1.29911052985997], [36.89928425657567, -1.299759872577166]]]]}}, {"type": "Feature", "properties": {"Id": 120, "gridcode": 4}, "geometry": {"type": "MultiPolygon", "coordinates": [[[[36.89847511696663, -1.300572898092378], [36.89739716199842, -1.300571994232523], [36.89739783549251, -1.299758292115811], [36.898475790116066, -1.29975919540998], [36.89847511696663, -1.300572898092378]]]]}}, {"type": "Feature", "properties": {"Id": 121, "gridcode": 4}, "geometry": {"type": "MultiPolygon", "coordinates": [[[[36.99685416038543, -1.284649616106274], [36.99740512233554, -1.283493656693406], [36.996995450938186, -1.282166265418889], [36.99550917613377, -1.281393542146386], [36.99525993458642, -1.281101921524068], [36.994758704763, -1.280666588186775], [36.99374553739615, -1.280747716532652], [36.99136949693974, -1.281752642911149], [36.98815849754043, -1.282339540638516], [36.9858712164551, -1.283306928244917], [36.983734353301706, -1.283132408150456], [36.983256334024134, -1.28205189207352], [36.98255794068124, -1.280789742957171], [36.982159519370136, -1.280443710812988], [36.981669983409546, -1.279870901007427], [36.98075098809007, -1.277793624731235], [36.97976225698877, -1.277348628192296], [36.97772508655489, -1.277511760505081], [36.97733156600521, -1.27662222747341], [36.97684780107689, -1.276370777760175], [36.97652241450216, -1.277455511402489], [36.97606214858262, -1.278284261675424], [36.97651176003006, -1.278248262176508], [36.97696417660072, -1.278285209035193], [36.97617693640027, -1.279702725006156], [36.97510944448356, -1.280146685503775], [36.975174325405824, -1.279342066748012], [36.975029822100446, -1.277851108383463], [36.97535847897678, -1.277758516869444], [36.97512232682725, -1.277520466332488], [36.975029822100446, -1.277851108383463], [36.974304598835765, -1.277711150871075], [36.97328374395036, -1.277166430204532], [36.9726995314455, -1.276888353515262], [36.97196512121457, -1.276089326497443], [36.97111854345121, -1.275818822981141], [36.97000661030098, -1.275425572568335], [36.96870503087747, -1.273636586336547], [36.9664235078899, -1.271034742278996], [36.96503390795576, -1.269736803722022], [36.96386963344991, -1.268470078475889], [36.96188826546197, -1.269287376557123], [36.960893864179255, -1.26820547222747], [36.95937352983752, -1.267000210829295], [36.95734904169779, -1.266513148989894], [36.95415899215597, -1.265999078074366], [36.952542274240734, -1.264672665329827], [36.951017251842906, -1.263544966924873], [36.9506580661356, -1.261798882840339], [36.95227659250799, -1.259800413683444], [36.95387405791014, -1.256877186555015], [36.956145869388884, -1.255403167037089], [36.957902593198135, -1.255474636474075], [36.9590417953785, -1.255175149444544], [36.95971074680086, -1.253751357039339], [36.95927949632094, -1.25166859598315], [36.95902132249715, -1.250301821881836], [36.95868775038851, -1.249016442158454], [36.95652161810459, -1.246993227453825], [36.95540175062017, -1.246460202207441], [36.95270304639725, -1.245810965181593], [36.94871975632696, -1.245966752876397], [36.947589017246, -1.246567835651577], [36.946637001692785, -1.247600357402228], [36.94586514232269, -1.248319063813971], [36.94345869676567, -1.248662141510826], [36.93991074830674, -1.247613671975278], [36.935705369578045, -1.24951688738198], [36.93434160516222, -1.249156063207804], [36.932260142484296, -1.246891443672758], [36.93076317429938, -1.245784489174912], [36.92784768635589, -1.245381100778225], [36.92587900726021, -1.243765929721529], [36.92440933254747, -1.24318856564951], [36.923422111522534, -1.242661795337632], [36.921569499555105, -1.240834269278474], [36.92290528332839, -1.237760000376067], [36.92393491123962, -1.236801310906674], [36.92716379493855, -1.240496328025974], [36.92787131657506, -1.240833087967074], [36.92954268990384, -1.240767729535758], [36.934203577608194, -1.239127596985356], [36.93649644741387, -1.237542220106003], [36.93806352382354, -1.235842576154337], [36.9389087086606, -1.234043653990505], [36.93880735070616, -1.231418265289804], [36.936446052499534, -1.228314014658574], [36.93440002334054, -1.22511955399248], [36.93289092854731, -1.223710014214313], [36.93249235337707, -1.223026434466288], [36.932745404188104, -1.222731269280231], [36.93424963723308, -1.221787901704067], [36.93668015273303, -1.222070248675518], [36.93788230404442, -1.222759367859618], [36.93771248269877, -1.223590666408463], [36.938263110853036, -1.225303059904389], [36.93935878190169, -1.226696223810458], [36.94175630979599, -1.229498542916023], [36.941793881609335, -1.231424172808173], [36.94144625816771, -1.235324603433374], [36.94021535649316, -1.237211028105187], [36.938145535717275, -1.239375971649063], [36.93699108547681, -1.239938574127847], [36.93564628392895, -1.240940310642365], [36.934792524587586, -1.242605178146241], [36.93736103243465, -1.24349230025278], [36.9391781170599, -1.243850826264159], [36.942618540863585, -1.245404214807054], [36.94336515522844, -1.245420139939596], [36.94420358515429, -1.245011550874971], [36.94707278316092, -1.243526717044637], [36.95186929767904, -1.243431947043686], [36.95658984371151, -1.244478755922675], [36.95897461341215, -1.24564553268855], [36.96042733849546, -1.247459772868878], [36.9616845842269, -1.2513696489899], [36.96278494162182, -1.252211372490085], [36.964208505847594, -1.253152351639541], [36.96491558514447, -1.254622217020072], [36.96881728572102, -1.25505196466564], [36.96977812868697, -1.255982585130038], [36.970547494986214, -1.258250657577771], [36.970599071830776, -1.260894659667192], [36.97053759206262, -1.263813668997237], [36.9713728408391, -1.264690009685465], [36.97194375572389, -1.264424642002908], [36.975443097819294, -1.2627944754359], [36.98072199181532, -1.262473604346695], [36.982034119993074, -1.259914909800049], [36.98261693947541, -1.257516614370624], [36.984481803666355, -1.255046963475546], [36.98488781881394, -1.253856067925352], [36.98530489661718, -1.252565804395956], [36.98704025162481, -1.250890263173202], [36.987046361562385, -1.25060002877435], [36.98702524291329, -1.249518176009708], [36.98811414382126, -1.249496648938945], [36.988398974215364, -1.250618770887922], [36.98838142910169, -1.251453019593152], [36.98946951392926, -1.253582934021666], [36.99015510416864, -1.255008073614689], [36.99161305634893, -1.255765445712289], [36.992701441385364, -1.256297936205693], [36.99489107724146, -1.257794306980307], [36.99792628349475, -1.258317798767317], [36.999680335626614, -1.257123072953369], [37.004773941515616, -1.25702237104323], [37.0082572021852, -1.258162998506003], [37.0103134012612, -1.25969957586834], [37.01114481924769, -1.261767158026715], [37.01074451278644, -1.264230267455402], [37.00967243621241, -1.266320901020417], [37.00994538390968, -1.267197263570848], [37.01100889672569, -1.268227265203407], [37.01144568777799, -1.269135178760138], [37.01265222386188, -1.269761954856968], [37.015090911725444, -1.269053661142109], [37.016921920803846, -1.26909269041675], [37.01913578252426, -1.267173875457443], [37.020984637547826, -1.268453644784084], [37.020648718674245, -1.271293974729289], [37.01857253058333, -1.272305794230368], [37.01814579092498, -1.273138003182119], [37.0185602871607, -1.273949373241956], [37.01907463140018, -1.275018516461658], [37.02068800013339, -1.276121061117173], [37.02273658267364, -1.27572643437319], [37.02385890155004, -1.27455252042688], [37.02534190413988, -1.273575553062535], [37.02596539019203, -1.271646711870394], [37.026494002053745, -1.271136303248664], [37.0269180913049, -1.269892417056552], [37.02736803753063, -1.268040872297232], [37.02848874807492, -1.267460874718229], [37.02934571134095, -1.267181715145294], [37.030836253122196, -1.266669489721647], [37.03311321870976, -1.267455855040494], [37.03459501669936, -1.2679410672608], [37.035948562031585, -1.27075457889884], [37.039312180997726, -1.270688061975833], [37.04162087348982, -1.270737242281948], [37.04509043708363, -1.26997346157307], [37.0480721463705, -1.268677701935036], [37.049282559121615, -1.269095726037513], [37.05151650519413, -1.269731730420746], [37.05414049427844, -1.272058558361122], [37.054927326606496, -1.271298833953246], [37.05636127924472, -1.269101090852002], [37.05713568891582, -1.269379005669238], [37.058677170152215, -1.270996241015546], [37.05979769483264, -1.270731257659334], [37.06190251000109, -1.269448741701622], [37.06375097892739, -1.26899666895622], [37.06411171942787, -1.268293155573888], [37.06482026826892, -1.266489034186309], [37.068291551300646, -1.265981135585596], [37.07057984930354, -1.268563850714027], [37.07160383732993, -1.270138374475204], [37.0729479950627, -1.271816892438451], [37.07303150803132, -1.27609294290929], [37.07218448385593, -1.278059279331586], [37.07191975268773, -1.278878300371115], [37.07137953758112, -1.280462921832687], [37.07164322008702, -1.281048198924206], [37.0729894619712, -1.282836679540103], [37.07257843523194, -1.284692000348894], [37.07134975794624, -1.286221567772449], [37.07083538958447, -1.287286643214915], [37.06920161992365, -1.289242460981168], [37.06922094279705, -1.290232095804366], [37.0687850865996, -1.291580428543129], [37.067672582169656, -1.291962729352387], [37.067059513024255, -1.291368980345295], [37.067043391569314, -1.290542199554188], [37.068672390266016, -1.289244333431158], [37.06827695250039, -1.288738699967614], [37.06684634674943, -1.287761084862749], [37.064475530695454, -1.287177460445639], [37.06160146394856, -1.285923284509707], [37.05996434832011, -1.286261573026655], [37.05905120175253, -1.288586596344225], [37.05693959368848, -1.289679391031128], [37.054127372392216, -1.290402474517462], [37.053205164824384, -1.289923432497012], [37.05223256229408, -1.290257660934985], [37.05171414927693, -1.289713788865581], [37.05038914000969, -1.289685548721845], [37.04928540312585, -1.290751234942467], [37.04825180924237, -1.292891349857365], [37.046549648046096, -1.29324086952175], [37.045328536136104, -1.293214840271841], [37.04325249693145, -1.293621078520107], [37.0419808129579, -1.294848892291677], [37.04158431912032, -1.295263609254789], [37.04090794287383, -1.29513016897027], [37.029870100077915, -1.292419502212537], [37.02972812327318, -1.292270534619083], [37.02989359047756, -1.292077552382079], [37.03176406261672, -1.291239247747979], [37.032279900664186, -1.290369214908622], [37.031463683372145, -1.288126827037465], [37.03059152430215, -1.286886751428655], [37.028114368280264, -1.287336808394756], [37.025930606127666, -1.288260439075834], [37.02352938337443, -1.286364692817965], [37.019460370850425, -1.285430956899756], [37.018789551073176, -1.286213378475877], [37.01884330970442, -1.286893138764976], [37.01853630242117, -1.288589739611069], [37.01828432757853, -1.291864781369597], [37.01758982390614, -1.292848974463497], [37.014402987216755, -1.293335176892149], [37.01297767900621, -1.294134090642332], [37.01185308744134, -1.295707771275207], [37.011542833477705, -1.296742044893349], [37.01139773572765, -1.297138719688328], [37.01117216112758, -1.297374662964717], [37.002669431072476, -1.300725940451029], [37.00083677654737, -1.295026468536943], [36.9972147416894, -1.285771005879528], [36.99685416038543, -1.284649616106274]], [[37.01086231647193, -1.292526985960098], [37.01098714924849, -1.292381366724272], [37.01151951474158, -1.29192046973797], [37.012025100165836, -1.29078254272515], [37.011435790827235, -1.28916356351357], [37.01021343076641, -1.288874643723825], [37.008311608103455, -1.290455468075803], [37.008043852426006, -1.29082664060896], [37.00872715812416, -1.291420115257883], [37.00955778639339, -1.292392019040784], [37.01086231647193, -1.292526985960098]], [[37.00520204402837, -1.293336274252334], [37.00507765072376, -1.292919206105103], [37.00407177560076, -1.292283995121377], [37.003190915569476, -1.29316548887985], [37.00520204402837, -1.293336274252334]], [[37.036209008794366, -1.275728866068313], [37.03672042286822, -1.274951238748156], [37.03628247717523, -1.273899563497709], [37.03524298666142, -1.273176011009483], [37.03470939472197, -1.27239688694833], [37.03326415893185, -1.271851351391359], [37.031848029625166, -1.272448730395833], [37.032102161143634, -1.273593879082786], [37.032882442663755, -1.274136993127926], [37.03421330917829, -1.274481839203877], [37.03551064524707, -1.275617534957552], [37.036209008794366, -1.275728866068313]], [[37.000632478060695, -1.277871298634796], [37.0012966186532, -1.276781513139267], [37.00131272009947, -1.276379945651882], [37.001302270497476, -1.276108685490756], [37.00133339871255, -1.275333396683707], [36.995826345373196, -1.269282499323472], [36.993711496435495, -1.267815351130094], [36.99220044777094, -1.267009095683224], [36.989832433900744, -1.266508512103469], [36.98714920255708, -1.266936575730581], [36.98660351234924, -1.267972605589454], [36.98735734908009, -1.269149615355764], [36.98833598464163, -1.270063656400457], [36.98949756558775, -1.27166022973344], [36.99072829223446, -1.272246011570528], [36.991292351226846, -1.272772829028328], [36.991813741933605, -1.273766478860854], [36.99221189047142, -1.2762945744141], [36.99321695240066, -1.276650022997797], [36.99622710447867, -1.276916410937531], [36.99727833127829, -1.277477345438907], [36.998274984567786, -1.277438368339759], [36.99941468037149, -1.277739891977189], [37.000632478060695, -1.277871298634796]], [[36.97556945833271, -1.277037793550809], [36.97524080155347, -1.2771303852517], [36.97547695375255, -1.277368435738681], [36.97556945833271, -1.277037793550809], [36.97637795707165, -1.27703843448035], [36.97637838142957, -1.276495939182636], [36.97556988285989, -1.276495298525454], [36.97556945833271, -1.277037793550809]]]]}}, {"type": "Feature", "properties": {"Id": 122, "gridcode": 2}, "geometry": {"type": "MultiPolygon", "coordinates": [[[[36.681013654681735, -1.300109982900649], [36.681705473773114, -1.299178904298915], [36.68182323887616, -1.298754758378632], [36.68271729385945, -1.29853460912066], [36.682847708364555, -1.299122654820541], [36.68234921428045, -1.300459778342865], [36.681742914873126, -1.30059599026497], [36.681013654681735, -1.300109982900649]]]]}}, {"type": "Feature", "properties": {"Id": 123, "gridcode": 4}, "geometry": {"type": "MultiPolygon", "coordinates": [[[[36.86263169080182, -1.302712419916427], [36.86007253508676, -1.302545466951803], [36.859002242288526, -1.301545675185932], [36.85894904596855, -1.300165422388774], [36.86005883745647, -1.299575592033783], [36.86652663920762, -1.298691544888515], [36.87111417609921, -1.297729581045213], [36.87857088401855, -1.297285809634065], [36.88243600121546, -1.296102960628769], [36.88404275783084, -1.296867822817469], [36.88459312751989, -1.298452461881697], [36.883995223159694, -1.299260496962892], [36.88248031716181, -1.299793471231709], [36.88027838532588, -1.3003721827092], [36.87430857700691, -1.30077879127441], [36.87069871199127, -1.301601848326593], [36.86816179527532, -1.302044228792343], [36.8628587812138, -1.302466151163437], [36.86263169080182, -1.302712419916427]]]]}}, {"type": "Feature", "properties": {"Id": 124, "gridcode": 3}, "geometry": {"type": "MultiPolygon", "coordinates": [[[[37.04158431912032, -1.295263609254789], [37.0419808129579, -1.294848892291677], [37.04325249693145, -1.293621078520107], [37.045328536136104, -1.293214840271841], [37.046549648046096, -1.29324086952175], [37.04825180924237, -1.292891349857365], [37.04928540312585, -1.290751234942467], [37.05038914000969, -1.289685548721845], [37.05171414927693, -1.289713788865581], [37.05223256229408, -1.290257660934985], [37.053205164824384, -1.289923432497012], [37.054127372392216, -1.290402474517462], [37.05693959368848, -1.289679391031128], [37.05905120175253, -1.288586596344225], [37.05996434832011, -1.286261573026655], [37.06160146394856, -1.285923284509707], [37.064475530695454, -1.287177460445639], [37.06684634674943, -1.287761084862749], [37.06827695250039, -1.288738699967614], [37.068672390266016, -1.289244333431158], [37.067043391569314, -1.290542199554188], [37.067059513024255, -1.291368980345295], [37.067672582169656, -1.291962729352387], [37.0687850865996, -1.291580428543129], [37.06922094279705, -1.290232095804366], [37.06920161992365, -1.289242460981168], [37.07083538958447, -1.287286643214915], [37.07134975794624, -1.286221567772449], [37.07257843523194, -1.284692000348894], [37.0729894619712, -1.282836679540103], [37.07164322008702, -1.281048198924206], [37.07137953758112, -1.280462921832687], [37.07191975268773, -1.278878300371115], [37.07218448385593, -1.278059279331586], [37.07303150803132, -1.27609294290929], [37.0729479950627, -1.271816892438451], [37.07160383732993, -1.270138374475204], [37.07057984930354, -1.268563850714027], [37.068291551300646, -1.265981135585596], [37.06482026826892, -1.266489034186309], [37.06411171942787, -1.268293155573888], [37.06375097892739, -1.26899666895622], [37.06190251000109, -1.269448741701622], [37.05979769483264, -1.270731257659334], [37.058677170152215, -1.270996241015546], [37.05713568891582, -1.269379005669238], [37.05636127924472, -1.269101090852002], [37.054927326606496, -1.271298833953246], [37.05414049427844, -1.272058558361122], [37.05151650519413, -1.269731730420746], [37.049282559121615, -1.269095726037513], [37.0480721463705, -1.268677701935036], [37.04509043708363, -1.26997346157307], [37.04162087348982, -1.270737242281948], [37.039312180997726, -1.270688061975833], [37.035948562031585, -1.27075457889884], [37.03459501669936, -1.2679410672608], [37.03311321870976, -1.267455855040494], [37.030836253122196, -1.266669489721647], [37.02934571134095, -1.267181715145294], [37.02848874807492, -1.267460874718229], [37.02736803753063, -1.268040872297232], [37.0269180913049, -1.269892417056552], [37.026494002053745, -1.271136303248664], [37.02596539019203, -1.271646711870394], [37.02534190413988, -1.273575553062535], [37.02385890155004, -1.27455252042688], [37.02273658267364, -1.27572643437319], [37.02068800013339, -1.276121061117173], [37.01907463140018, -1.275018516461658], [37.0185602871607, -1.273949373241956], [37.01814579092498, -1.273138003182119], [37.01857253058333, -1.272305794230368], [37.020648718674245, -1.271293974729289], [37.020984637547826, -1.268453644784084], [37.01913578252426, -1.267173875457443], [37.016921920803846, -1.26909269041675], [37.015090911725444, -1.269053661142109], [37.01265222386188, -1.269761954856968], [37.01144568777799, -1.269135178760138], [37.01100889672569, -1.268227265203407], [37.00994538390968, -1.267197263570848], [37.00967243621241, -1.266320901020417], [37.01074451278644, -1.264230267455402], [37.01114481924769, -1.261767158026715], [37.0103134012612, -1.25969957586834], [37.0082572021852, -1.258162998506003], [37.004773941515616, -1.25702237104323], [36.999680335626614, -1.257123072953369], [36.99792628349475, -1.258317798767317], [36.99489107724146, -1.257794306980307], [36.992701441385364, -1.256297936205693], [36.99161305634893, -1.255765445712289], [36.99015510416864, -1.255008073614689], [36.98946951392926, -1.253582934021666], [36.98838142910169, -1.251453019593152], [36.988398974215364, -1.250618770887922], [36.98811414382126, -1.249496648938945], [36.98702524291329, -1.249518176009708], [36.987046361562385, -1.25060002877435], [36.98704025162481, -1.250890263173202], [36.98530489661718, -1.252565804395956], [36.98488781881394, -1.253856067925352], [36.984481803666355, -1.255046963475546], [36.98261693947541, -1.257516614370624], [36.982034119993074, -1.259914909800049], [36.98072199181532, -1.262473604346695], [36.975443097819294, -1.2627944754359], [36.97194375572389, -1.264424642002908], [36.9713728408391, -1.264690009685465], [36.97053759206262, -1.263813668997237], [36.970599071830776, -1.260894659667192], [36.970547494986214, -1.258250657577771], [36.96977812868697, -1.255982585130038], [36.96881728572102, -1.25505196466564], [36.96491558514447, -1.254622217020072], [36.964208505847594, -1.253152351639541], [36.96278494162182, -1.252211372490085], [36.9616845842269, -1.2513696489899], [36.96042733849546, -1.247459772868878], [36.95897461341215, -1.24564553268855], [36.95658984371151, -1.244478755922675], [36.95186929767904, -1.243431947043686], [36.94707278316092, -1.243526717044637], [36.94420358515429, -1.245011550874971], [36.94336515522844, -1.245420139939596], [36.942618540863585, -1.245404214807054], [36.9391781170599, -1.243850826264159], [36.93736103243465, -1.24349230025278], [36.934792524587586, -1.242605178146241], [36.93564628392895, -1.240940310642365], [36.93699108547681, -1.239938574127847], [36.938145535717275, -1.239375971649063], [36.94021535649316, -1.237211028105187], [36.94144625816771, -1.235324603433374], [36.941793881609335, -1.231424172808173], [36.94175630979599, -1.229498542916023], [36.93935878190169, -1.226696223810458], [36.938263110853036, -1.225303059904389], [36.93771248269877, -1.223590666408463], [36.93788230404442, -1.222759367859618], [36.93855621323795, -1.222510868767003], [36.93962743107444, -1.222907752610725], [36.940054075382854, -1.222873581080142], [36.94124013782629, -1.223721395718352], [36.942068271440256, -1.22424434704339], [36.94246320410109, -1.22470644179889], [36.94356989675874, -1.225329060878517], [36.94480850090332, -1.225613283712215], [36.94537828863984, -1.226279989276881], [36.9464566785091, -1.227050836514747], [36.94744616035942, -1.22668598008037], [36.94877793693476, -1.227179402249547], [36.951487758782534, -1.227676073191522], [36.95400244336963, -1.22721917388455], [36.95735277588702, -1.230012874479673], [36.95836159620115, -1.229447380031182], [36.95931191175771, -1.229160199222455], [36.96068917703433, -1.228076277410966], [36.96276756084093, -1.228358836758594], [36.96561122240272, -1.229958599148568], [36.970091213659046, -1.229710967941008], [36.97093468456321, -1.228727076739425], [36.973056875053274, -1.228085748587153], [36.97518746433667, -1.226252156165623], [36.977335749969924, -1.225602938291843], [36.97791001652678, -1.225105719563502], [36.97834289606918, -1.224600764971636], [36.98210449095735, -1.224231338425973], [36.98261666011419, -1.224421082513221], [36.9830642996893, -1.225074706464411], [36.984820973314996, -1.224832448339951], [36.9860653683636, -1.224018172152278], [36.986928995766, -1.223881846687663], [36.98735048863787, -1.224000327831843], [36.98812407480343, -1.224307086510987], [36.989236557897975, -1.224544252345143], [36.99001014523263, -1.224851011091114], [36.991793524663024, -1.225157323515722], [36.992586603726565, -1.226327371483354], [36.99241810852048, -1.228038905214654], [36.99280757444781, -1.229108879891506], [36.99378256407887, -1.229547647616261], [36.994137807191976, -1.231905997697228], [36.99501944967415, -1.233159537825581], [36.997362069464124, -1.233509044479365], [36.99770200291831, -1.233112515612663], [37.00020147079688, -1.234316257983481], [37.001204882359566, -1.233928922045003], [37.001508197829395, -1.23512224513552], [37.0017428681728, -1.235285589617316], [37.00190612282979, -1.237069009070028], [37.00187132799201, -1.238723465181568], [37.00079777717592, -1.24081713770644], [37.00033274545592, -1.243205055404364], [37.001604410130525, -1.243827210856711], [37.00240710407239, -1.244375757466899], [37.00437377001297, -1.244699534044383], [37.00515744232392, -1.245521728240153], [37.00620630415493, -1.247134581153396], [37.00685754420877, -1.249159698610748], [37.007798239600326, -1.250070747103936], [37.008633029861265, -1.250946591864334], [37.00919397782153, -1.25269097868719], [37.010508262697684, -1.255263569596953], [37.01159329530759, -1.255769971416506], [37.01266574119653, -1.255214957078981], [37.0134553684416, -1.252772147268123], [37.014786713585956, -1.251486634138715], [37.01644782875796, -1.251167787863771], [37.01788219972679, -1.251912884527216], [37.01857225588636, -1.251021690613708], [37.01757399036258, -1.250533297157567], [37.01803934674915, -1.250083979549344], [37.01830386606419, -1.249536240449166], [37.019129226348795, -1.248168713214287], [37.01803250844306, -1.244935836597628], [37.016499960002285, -1.24411520914675], [37.01377465540649, -1.246193344923627], [37.01292206526187, -1.245708110877116], [37.01347286307218, -1.244633934760553], [37.01560850976705, -1.243593101341973], [37.015971379866926, -1.242841722592177], [37.0172118338639, -1.242237155199574], [37.01866155216374, -1.241061112206201], [37.019688078390026, -1.241415623735249], [37.02090342768924, -1.241391573195091], [37.0220916280876, -1.240582203402116], [37.02273474868364, -1.240595899101592], [37.024169915075966, -1.242802695245317], [37.024919286637655, -1.245132974570106], [37.02670280107941, -1.246830043144006], [37.02773935362351, -1.245745799488403], [37.0286328979662, -1.245454702984624], [37.029917469053274, -1.245482060552774], [37.02989189023776, -1.246699534478488], [37.029910429694986, -1.247648947099002], [37.02982130571189, -1.25188781281655], [37.03079493379192, -1.253793580795147], [37.03171659172602, -1.257092020091557], [37.03236169679645, -1.257716786738579], [37.03406653918303, -1.257683063682886], [37.034470793760434, -1.257691673156204], [37.03474030514822, -1.25768634768777], [37.03562523759878, -1.257705197126051], [37.037162765005846, -1.258236178873058], [37.038787607308066, -1.258636158959769], [37.040894938372126, -1.259181429476969], [37.04319837201088, -1.25824306964694], [37.04718331609847, -1.259067693788593], [37.04865784404946, -1.259038515364931], [37.04990522194328, -1.258188870087912], [37.050502577388045, -1.255121103594854], [37.050105010711476, -1.250379408542311], [37.04984609300361, -1.24332102421667], [37.04957257833999, -1.241427431502991], [37.04928189455938, -1.237501868872855], [37.04845048243136, -1.236815181463487], [37.04674043987969, -1.238603931490197], [37.04445373042114, -1.238976862460661], [37.04389238142062, -1.240406250686259], [37.043331079612614, -1.241500901911093], [37.04225809426427, -1.241130349943298], [37.04176329636272, -1.240012139999248], [37.04230386411926, -1.23789565933107], [37.04256956973889, -1.235720355575132], [37.04299361471985, -1.234893342013471], [37.04416768692612, -1.234918326276262], [37.0457567387536, -1.234591960200925], [37.046910546748435, -1.233806021942043], [37.04769336183137, -1.231383996748309], [37.04796865470998, -1.230847110738633], [37.04823316445425, -1.230299355593011], [37.048508259753135, -1.230033728847632], [37.04877335996793, -1.228672198314222], [37.04918629743921, -1.227866859569238], [37.04991596845125, -1.226355837600761], [37.04985210494526, -1.223089622911694], [37.0493026118088, -1.217088678526626], [37.049368694627, -1.213940987441593], [37.050148478532044, -1.210463491955172], [37.05099524687563, -1.20964582893179], [37.054374439188834, -1.208337173552715], [37.05635790538754, -1.209854277031035], [37.057183590905815, -1.210232604199796], [37.058087958753376, -1.209286552406872], [37.05872354686471, -1.209122869070745], [37.05954606857613, -1.208584609186927], [37.059975080820486, -1.208474125761509], [37.06023397639645, -1.208777006185552], [37.062858208411505, -1.20780917199443], [37.06428776481133, -1.207663436095354], [37.064610938777165, -1.207976396114903], [37.067380652861104, -1.212957989585189], [37.070524570597705, -1.218573433519838], [37.07759238883545, -1.23186594962476], [37.08120304326693, -1.238134612274061], [37.08922210628364, -1.234385902383676], [37.09343669635363, -1.241232305521506], [37.09484897853147, -1.243630801631501], [37.09686803710065, -1.24698734945681], [37.09026795439928, -1.250096100230345], [37.09195726245215, -1.251873286079819], [37.09519925640447, -1.254511243022346], [37.10044069257666, -1.258520306569988], [37.10185047914406, -1.259364011680045], [37.102653241714016, -1.259912567603954], [37.10319942219757, -1.260179749557949], [37.102301908044716, -1.26226342398606], [37.10503000204732, -1.265342433425897], [37.10413327713504, -1.266828287652829], [37.103863757866925, -1.266828089117927], [37.10386356057709, -1.267099357580336], [37.10201582791977, -1.268660602923834], [37.10124782078366, -1.269493650564472], [37.101864447368065, -1.271869285011598], [37.10183050045371, -1.272715739754198], [37.1007936961334, -1.273681173626103], [37.0994171739157, -1.273194431208207], [37.0981584070901, -1.272792290766946], [37.09633927648311, -1.273432517531676], [37.094224229590615, -1.274895031402716], [37.08961334658487, -1.276171066599787], [37.0875552198082, -1.275626638943274], [37.08672792269201, -1.275659025736908], [37.08677615270306, -1.276907242531826], [37.085569778877684, -1.277253102835665], [37.08288414615619, -1.276542683442299], [37.08214503173577, -1.2781159018801], [37.08216895114083, -1.278734983549762], [37.08498810359608, -1.279563598112153], [37.08424966035423, -1.283017273759648], [37.083300358072805, -1.285094923172658], [37.082687236729235, -1.285131240686365], [37.07971516725408, -1.283771866332339], [37.07847955041034, -1.284066104241594], [37.07703094913482, -1.286150062343014], [37.076896919821294, -1.287152905089273], [37.07654417941299, -1.287397626105136], [37.07597733971316, -1.288412689367209], [37.076895495781194, -1.28905175401327], [37.07646346502084, -1.290655003656015], [37.07500749978099, -1.292628654731168], [37.073206850060586, -1.294367281552719], [37.073263830222245, -1.297287184717423], [37.07298354250858, -1.297867560795146], [37.0725086845002, -1.298793563918153], [37.07321889909506, -1.300269808983198], [37.073730517156115, -1.300806587032798], [37.07623533566797, -1.301160488445418], [37.07694970057179, -1.301852310281171], [37.07643422718988, -1.303446949187445], [37.06514905674935, -1.301107465983187], [37.054117004488546, -1.298390109734458], [37.053033754119234, -1.298123440229543], [37.04198644160779, -1.295402274892452], [37.04172167095462, -1.295396630169359], [37.04158431912032, -1.295263609254789]], [[37.096315252896744, -1.269535191364602], [37.09643765130814, -1.269387098275141], [37.097331676879186, -1.269123761533929], [37.09778583827602, -1.268574294074061], [37.0980804749208, -1.26832834462272], [37.0984315013883, -1.267903655678961], [37.09796863065447, -1.267088856358515], [37.096388645948615, -1.267249763073961], [37.095384799605185, -1.268999599726454], [37.096315252896744, -1.269535191364602]], [[36.97531450264201, -1.258321503206281], [36.97531492099666, -1.257779008188201], [36.97450642876403, -1.257778376591656], [36.97450601024261, -1.258320871337236], [36.97531450264201, -1.258321503206281]], [[37.02167343155165, -1.252118438770937], [37.021803157255164, -1.251977735826456], [37.0230881162848, -1.250781239780768], [37.02277409077913, -1.250090031664249], [37.020266596757594, -1.250972465507368], [37.01992703682774, -1.251781477922423], [37.02167343155165, -1.252118438770937]], [[36.99068872267181, -1.241515954332158], [36.99107905674234, -1.240423677277167], [36.991651061245996, -1.237352067324185], [36.9913592892454, -1.235692215969352], [36.991106158088854, -1.234049256631089], [36.99080635411661, -1.232919111502793], [36.98906917408747, -1.231805258717905], [36.98818936183023, -1.232285610029238], [36.987079248363926, -1.233534212921966], [36.986369924855666, -1.234171135627548], [36.98848922153571, -1.236620538972784], [36.98893094841739, -1.239487866180937], [36.98948742343001, -1.240520487190152], [36.98946846566954, -1.240836895242195], [36.98949500027012, -1.241290751169232], [36.99068872267181, -1.241515954332158]], [[36.96158378285813, -1.240679788904711], [36.961440299575465, -1.239758769473404], [36.960226474660956, -1.239482965772706], [36.96042547367527, -1.240379641385302], [36.96158378285813, -1.240679788904711]], [[36.972356506155236, -1.24991052756737], [36.97269493263011, -1.24878227689603], [36.97304162416535, -1.248158043181532], [36.97338692056062, -1.246260953635089], [36.97244629496029, -1.24598760349576], [36.971954420184666, -1.247094809249517], [36.97079739065095, -1.247000339237514], [36.96990730852693, -1.248428221852217], [36.97034722798782, -1.249223298506011], [36.970305876684236, -1.249736415247385], [36.972356506155236, -1.24991052756737]], [[36.97585996029092, -1.249913248447788], [36.975751046181124, -1.248396467767164], [36.975096935844086, -1.248149546523029], [36.975305099880536, -1.247218394891223], [36.974661005904906, -1.247639832966538], [36.97391176328282, -1.247470169534559], [36.97359481760584, -1.248730667968314], [36.97512554603375, -1.249796168132909], [36.97585996029092, -1.249913248447788]], [[36.96588798433374, -1.2507192298618], [36.9662281773906, -1.24990575682658], [36.96564122145169, -1.248496140781555], [36.96470098510263, -1.249347885820984], [36.96497295768767, -1.250573348481294], [36.96588798433374, -1.2507192298618]]]]}}, {"type": "Feature", "properties": {"Id": 125, "gridcode": 4}, "geometry": {"type": "MultiPolygon", "coordinates": [[[[36.81735832625851, -1.303758227362934], [36.817029852303584, -1.303665089548221], [36.817266357479895, -1.303427465348139], [36.81735832625851, -1.303758227362934]]]]}}, {"type": "Feature", "properties": {"Id": 126, "gridcode": 4}, "geometry": {"type": "MultiPolygon", "coordinates": [[[[36.816010718976734, -1.304028270528666], [36.815391107889475, -1.303917794553442], [36.815864600953915, -1.30368377135011], [36.816010718976734, -1.304028270528666]]]]}}, {"type": "Feature", "properties": {"Id": 127, "gridcode": 4}, "geometry": {"type": "MultiPolygon", "coordinates": [[[[36.98066703981833, -1.306065420914841], [36.980397536418934, -1.306065202908323], [36.98039796956599, -1.305522706382387], [36.98066747290768, -1.305522924298322], [36.98066703981833, -1.306065420914841]]]]}}, {"type": "Feature", "properties": {"Id": 128, "gridcode": 4}, "geometry": {"type": "MultiPolygon", "coordinates": [[[[36.98093611005104, -1.306608135596911], [36.980666606548894, -1.306607917528867], [36.98066703981833, -1.306065420914841], [36.98093654326275, -1.306065638892315], [36.98093611005104, -1.306608135596911]]]]}}, {"type": "Feature", "properties": {"Id": 129, "gridcode": 2}, "geometry": {"type": "MultiPolygon", "coordinates": [[[[36.7947200145675, -1.30672174040062], [36.79283287634922, -1.306526310895932], [36.792171279485736, -1.305330368417157], [36.792595871287425, -1.304218154513037], [36.79464410151023, -1.303070340946953], [36.79700334580872, -1.303449430455593], [36.79659015058671, -1.305065454663761], [36.79484485261289, -1.306576161606495], [36.7947200145675, -1.30672174040062]]]]}}, {"type": "Feature", "properties": {"Id": 130, "gridcode": 4}, "geometry": {"type": "MultiPolygon", "coordinates": [[[[36.98120518026419, -1.307150850428556], [36.98093567665928, -1.307150632299011], [36.98093589337767, -1.306879383948272], [36.981205396953705, -1.306879602032538], [36.98120518026419, -1.307150850428556]]]]}}, {"type": "Feature", "properties": {"Id": 131, "gridcode": 3}, "geometry": {"type": "MultiPolygon", "coordinates": [[[[36.79498759111718, -1.308891703901793], [36.79278753087761, -1.308700728929386], [36.790881942220395, -1.307478571837534], [36.78920490163202, -1.305057622261447], [36.78954297333561, -1.303474300620178], [36.7950857342899, -1.3009501177744], [36.79688590631323, -1.300843704445038], [36.798556001117596, -1.301616973707837], [36.79939755518418, -1.302831815122811], [36.79862893469956, -1.305329281250332], [36.79748372443023, -1.307138091115041], [36.7959389085802, -1.30822213698636], [36.79511486976002, -1.308748577361559], [36.79498759111718, -1.308891703901793]], [[36.7947200145675, -1.30672174040062], [36.79484485261289, -1.306576161606495], [36.79659015058671, -1.305065454663761], [36.79700334580872, -1.303449430455593], [36.79464410151023, -1.303070340946953], [36.792595871287425, -1.304218154513037], [36.792171279485736, -1.305330368417157], [36.79283287634922, -1.306526310895932], [36.7947200145675, -1.30672174040062]]]]}}, {"type": "Feature", "properties": {"Id": 132, "gridcode": 2}, "geometry": {"type": "MultiPolygon", "coordinates": [[[[36.72788955577527, -1.310187420833489], [36.72719866799885, -1.310068651610576], [36.72669472018497, -1.309762061473224], [36.72588664445912, -1.3094283282945], [36.72616327335835, -1.308863315234763], [36.72711261901227, -1.30762774384397], [36.72832887120987, -1.308063185068036], [36.72827385981098, -1.308435543100547], [36.728731920408435, -1.309201402236394], [36.728007320717666, -1.309763259893176], [36.72788955577527, -1.310187420833489]]]]}}, {"type": "Feature", "properties": {"Id": 133, "gridcode": 4}, "geometry": {"type": "MultiPolygon", "coordinates": [[[[36.90439376341875, -1.312783447203109], [36.902954630806335, -1.312656481626736], [36.90240089336303, -1.311354966410587], [36.90360510379055, -1.310775815983497], [36.90504165870871, -1.311233014544072], [36.904825439730665, -1.312404257178776], [36.904501521219636, -1.312620621374587], [36.90439376341875, -1.312783447203109]]]]}}, {"type": "Feature", "properties": {"Id": 134, "gridcode": 2}, "geometry": {"type": "MultiPolygon", "coordinates": [[[[36.97203377797006, -1.317450797671349], [36.97134277831108, -1.317332074075956], [36.970838694853256, -1.317025481768204], [36.969059038926645, -1.316645975974898], [36.96965808856371, -1.315176199300942], [36.97046435754799, -1.315056947340802], [36.973715117276996, -1.315615494204838], [36.974091953216835, -1.316245396130539], [36.97274009250137, -1.316531347918661], [36.97203377797006, -1.317450797671349]]]]}}, {"type": "Feature", "properties": {"Id": 135, "gridcode": 5}, "geometry": {"type": "MultiPolygon", "coordinates": [[[[36.795248260569615, -1.318926923429199], [36.792162610696685, -1.318767257170629], [36.78976714094441, -1.316726187894448], [36.78752315305164, -1.315657849367109], [36.783342598152075, -1.31582087407938], [36.7811780200226, -1.317590646307511], [36.77957858814861, -1.318098729229769], [36.77826735828638, -1.317634864531405], [36.7775648551776, -1.316537779034865], [36.77706809465743, -1.314430469749562], [36.77678929703389, -1.313355699194756], [36.776531555087125, -1.311717864146618], [36.775714168799546, -1.309828115139062], [36.77573618013101, -1.309281406243113], [36.775710076131304, -1.30860335211204], [36.77573344052999, -1.308023107037448], [36.77852988513504, -1.307661787697441], [36.78060621512836, -1.308769959711755], [36.78119534363567, -1.31002923288613], [36.7808339681229, -1.310365642877351], [36.78057453075409, -1.310646954099138], [36.77975327093834, -1.311411457906453], [36.77977760609874, -1.312043675588214], [36.780531158341944, -1.312747642485707], [36.781968836963166, -1.31307878958536], [36.78314761160855, -1.312452346127454], [36.783530327594825, -1.308469549959314], [36.78518451410216, -1.307492753162985], [36.78691698026659, -1.307126817705253], [36.79078463253033, -1.309949102268736], [36.79338864850644, -1.310781414082904], [36.79682876554763, -1.310647233214538], [36.798466572500445, -1.309776830744584], [36.799270840789816, -1.308904728846234], [36.80114208327382, -1.305993778292708], [36.80270596810853, -1.306057546501858], [36.80330530047221, -1.30670971416754], [36.80320078887697, -1.309305786946868], [36.80322481775791, -1.309929637917038], [36.80381034076871, -1.311045698775341], [36.80551676252818, -1.312639831692647], [36.80616139621976, -1.313682547361798], [36.80537987194993, -1.314410075445617], [36.80247577800792, -1.315103591035833], [36.80083957514212, -1.316234633093347], [36.798882556046806, -1.317162089705579], [36.797784150917224, -1.318008283142209], [36.795395736305395, -1.318767013721694], [36.795248260569615, -1.318926923429199]]]]}}, {"type": "Feature", "properties": {"Id": 136, "gridcode": 2}, "geometry": {"type": "MultiPolygon", "coordinates": [[[[36.962599649734734, -1.319341767236761], [36.960667443471245, -1.31917761525576], [36.961572973018534, -1.316781904570429], [36.96228628408402, -1.31672481230345], [36.9643573549983, -1.317049911319311], [36.96563866290374, -1.316577525839798], [36.96699448700359, -1.316469008339325], [36.96776853167189, -1.3171413026339], [36.967277813809865, -1.318245685003482], [36.965317989615066, -1.318783800573325], [36.964881146120796, -1.318404369070864], [36.964487301102686, -1.317943503334896], [36.96409270793053, -1.318403720147304], [36.96272448527018, -1.31919616512774], [36.962599649734734, -1.319341767236761]]]]}}, {"type": "Feature", "properties": {"Id": 137, "gridcode": 1}, "geometry": {"type": "MultiPolygon", "coordinates": [[[[36.714941734150685, -1.325362816138564], [36.71349749158856, -1.32523216385418], [36.71311484146199, -1.324312848128395], [36.71356451040787, -1.323658653253607], [36.71513741410807, -1.324564176715242], [36.714941734150685, -1.325362816138564]]]]}}, {"type": "Feature", "properties": {"Id": 138, "gridcode": 5}, "geometry": {"type": "MultiPolygon", "coordinates": [[[[36.787426851776665, -1.326513940052342], [36.786244174319016, -1.326370778976655], [36.78542748876977, -1.325276363922396], [36.78515863138929, -1.323696164362551], [36.78592786159725, -1.321533350070131], [36.78779716588899, -1.320703075054992], [36.788687987923765, -1.32104880119565], [36.78970037833886, -1.323357716252381], [36.78934380655803, -1.325124083379914], [36.788120661190646, -1.326127656667687], [36.78754193983299, -1.326358522413489], [36.787426851776665, -1.326513940052342]]]]}}, {"type": "Feature", "properties": {"Id": 139, "gridcode": 4}, "geometry": {"type": "MultiPolygon", "coordinates": [[[[36.86395788070643, -1.327666556418915], [36.861968227680016, -1.327523052797983], [36.86009617384097, -1.32717766992452], [36.85925273053854, -1.32670308167217], [36.85675082084325, -1.325745017862145], [36.85571094842605, -1.324841749188252], [36.85521256570721, -1.324258518436872], [36.85475412429256, -1.323860284627941], [36.854146427444086, -1.322761837312567], [36.854086566624275, -1.322003827542817], [36.85457650553009, -1.320371116556526], [36.855269720465756, -1.319259331480469], [36.857091794576945, -1.318759132001309], [36.859238727634754, -1.319671318950378], [36.862285640409404, -1.320597496442325], [36.863159288118105, -1.321356380456105], [36.86403545482992, -1.322940093281785], [36.86512069606798, -1.325922378419505], [36.86461509220936, -1.327060141854669], [36.864082731753015, -1.327520969190492], [36.86395788070643, -1.327666556418915]]]]}}, {"type": "Feature", "properties": {"Id": 140, "gridcode": 3}, "geometry": {"type": "MultiPolygon", "coordinates": [[[[36.80305390381045, -1.329240131211977], [36.80042787601521, -1.329114766713693], [36.79781450115722, -1.328729550704127], [36.79817914252271, -1.326803618901912], [36.79981457251959, -1.325603496316065], [36.8042169630877, -1.326378622634961], [36.804333706573594, -1.327330156893531], [36.8037433182785, -1.328306485315901], [36.80305390381045, -1.329240131211977]]]]}}, {"type": "Feature", "properties": {"Id": 141, "gridcode": 1}, "geometry": {"type": "MultiPolygon", "coordinates": [[[[36.75993756377769, -1.33028597129312], [36.75960910292497, -1.330192823588247], [36.75984561928428, -1.329955218441584], [36.75993756377769, -1.33028597129312]]]]}}, {"type": "Feature", "properties": {"Id": 142, "gridcode": 4}, "geometry": {"type": "MultiPolygon", "coordinates": [[[[36.87635195505088, -1.330389610271325], [36.87521881719856, -1.329717819900037], [36.87460800137598, -1.327363395401191], [36.87550919574906, -1.326732435462317], [36.87673304103695, -1.32744848627329], [36.87709089346519, -1.329177327860087], [36.87635195505088, -1.330389610271325]]]]}}, {"type": "Feature", "properties": {"Id": 143, "gridcode": 2}, "geometry": {"type": "MultiPolygon", "coordinates": [[[[36.67856053300055, -1.330481436479721], [36.678560786607584, -1.330210242788596], [36.67883023843821, -1.330210497994267], [36.67882998486055, -1.33048169173744], [36.67856053300055, -1.330481436479721]]]]}}, {"type": "Feature", "properties": {"Id": 144, "gridcode": 2}, "geometry": {"type": "MultiPolygon", "coordinates": [[[[36.67640466609008, -1.33075058662752], [36.67802162943579, -1.330480925875589], [36.67792880828755, -1.330665164958852], [36.67667550848447, -1.331290698117035], [36.67640466609008, -1.33075058662752]]]]}}, {"type": "Feature", "properties": {"Id": 145, "gridcode": 1}, "geometry": {"type": "MultiPolygon", "coordinates": [[[[36.75778035753756, -1.331911252398525], [36.757393772273105, -1.331610373522027], [36.758029034086434, -1.331276281014117], [36.75778035753756, -1.331911252398525]]]]}}, {"type": "Feature", "properties": {"Id": 146, "gridcode": 2}, "geometry": {"type": "MultiPolygon", "coordinates": [[[[36.68205960663647, -1.334552667955393], [36.681917422495054, -1.334424566413551], [36.68050177079668, -1.33100020583467], [36.68017775174638, -1.329940579575274], [36.68202003340285, -1.329660318973419], [36.68299886495573, -1.330542213394951], [36.682743979944, -1.331171013717328], [36.68190853815121, -1.332372357951189], [36.68205960663647, -1.334552667955393]]]]}}, {"type": "Feature", "properties": {"Id": 147, "gridcode": 1}, "geometry": {"type": "MultiPolygon", "coordinates": [[[[36.73999292687957, -1.334878156447193], [36.73862496187069, -1.334684659545675], [36.73797598232026, -1.333413860037493], [36.73938657309507, -1.332303857665557], [36.74041204126286, -1.332876879299031], [36.74039549037033, -1.333658103278424], [36.74040587238901, -1.334194234103142], [36.73999292687957, -1.334878156447193]]]]}}, {"type": "Feature", "properties": {"Id": 148, "gridcode": 2}, "geometry": {"type": "MultiPolygon", "coordinates": [[[[36.68232855151346, -1.335095312425411], [36.68205909848108, -1.335095056668563], [36.68205935258461, -1.334823862312302], [36.68232880558752, -1.334824118017182], [36.68232855151346, -1.335095312425411]]]]}}, {"type": "Feature", "properties": {"Id": 149, "gridcode": 1}, "geometry": {"type": "MultiPolygon", "coordinates": [[[[36.749962880674616, -1.33515856904765], [36.74904568545845, -1.334997058567462], [36.747688201397416, -1.334192250133491], [36.74685022355244, -1.333950265038026], [36.74634136922189, -1.333648594763833], [36.74472490073483, -1.333295035489559], [36.745041112991856, -1.332331189733031], [36.74591305756553, -1.331237333554569], [36.74825451824494, -1.331557209068115], [36.75027428560978, -1.334345415407991], [36.749962880674616, -1.33515856904765]]]]}}, {"type": "Feature", "properties": {"Id": 150, "gridcode": 5}, "geometry": {"type": "MultiPolygon", "coordinates": [[[[36.91649730148077, -1.341002330192949], [36.9150261127524, -1.340803004993359], [36.913721817826335, -1.339628087751269], [36.912877917033484, -1.337254621226071], [36.91422393313195, -1.334932279056588], [36.91598636946433, -1.332950376547355], [36.91690117277527, -1.332451061510952], [36.91829993714571, -1.331806373451026], [36.919358288292365, -1.330856235006108], [36.919867444950334, -1.33028368023136], [36.920152320820065, -1.330027947623789], [36.92133444924934, -1.328505188137751], [36.92365571457098, -1.327063598097086], [36.92650290463558, -1.326895219856353], [36.930627697899, -1.32860162817745], [36.93115037950873, -1.330572350165342], [36.92949441762956, -1.33243453275837], [36.92606337942784, -1.334628442502168], [36.9239360854927, -1.335199938830353], [36.920528941147566, -1.335836992464402], [36.91769957373518, -1.339894156270206], [36.91662458793388, -1.340859188648399], [36.91649730148077, -1.341002330192949]]]]}}, {"type": "Feature", "properties": {"Id": 151, "gridcode": 3}, "geometry": {"type": "MultiPolygon", "coordinates": [[[[36.73783150011808, -1.341113875262905], [36.736906357753696, -1.340417538178166], [36.73555938551377, -1.340038676911015], [36.736233747048416, -1.338010995016967], [36.73717756407121, -1.338519354923287], [36.737412060916796, -1.338825704818916], [36.73793011030436, -1.339228921880677], [36.738007294876866, -1.339758012654991], [36.73794719501809, -1.34016476462988], [36.73798732759255, -1.340439864040947], [36.73783150011808, -1.341113875262905]]]]}}, {"type": "Feature", "properties": {"Id": 152, "gridcode": 5}, "geometry": {"type": "MultiPolygon", "coordinates": [[[[36.92306388595751, -1.218408045367684], [36.925156180199835, -1.218533620871234], [36.925608559690936, -1.219103120494875], [36.92665600543797, -1.219405430852351], [36.92890083919323, -1.221215325876524], [36.93027921717073, -1.221613147977661], [36.931803827060655, -1.222905283365985], [36.93249235337707, -1.223026434466288], [36.93289092854731, -1.223710014214313], [36.93440002334054, -1.22511955399248], [36.936446052499534, -1.228314014658574], [36.93880735070616, -1.231418265289804], [36.9389087086606, -1.234043653990505], [36.93806352382354, -1.235842576154337], [36.93649644741387, -1.237542220106003], [36.934203577608194, -1.239127596985356], [36.92954268990384, -1.240767729535758], [36.92787131657506, -1.240833087967074], [36.92716379493855, -1.240496328025974], [36.92393491123962, -1.236801310906674], [36.92290528332839, -1.237760000376067], [36.921569499555105, -1.240834269278474], [36.923422111522534, -1.242661795337632], [36.92440933254747, -1.24318856564951], [36.92587900726021, -1.243765929721529], [36.92784768635589, -1.245381100778225], [36.93076317429938, -1.245784489174912], [36.932260142484296, -1.246891443672758], [36.93434160516222, -1.249156063207804], [36.935705369578045, -1.24951688738198], [36.93991074830674, -1.247613671975278], [36.94345869676567, -1.248662141510826], [36.94586514232269, -1.248319063813971], [36.946637001692785, -1.247600357402228], [36.947589017246, -1.246567835651577], [36.94871975632696, -1.245966752876397], [36.95270304639725, -1.245810965181593], [36.95540175062017, -1.246460202207441], [36.95652161810459, -1.246993227453825], [36.95868775038851, -1.249016442158454], [36.95902132249715, -1.250301821881836], [36.95927949632094, -1.25166859598315], [36.95971074680086, -1.253751357039339], [36.9590417953785, -1.255175149444544], [36.957902593198135, -1.255474636474075], [36.956145869388884, -1.255403167037089], [36.95387405791014, -1.256877186555015], [36.95227659250799, -1.259800413683444], [36.9506580661356, -1.261798882840339], [36.951017251842906, -1.263544966924873], [36.952542274240734, -1.264672665329827], [36.95415899215597, -1.265999078074366], [36.95734904169779, -1.266513148989894], [36.95937352983752, -1.267000210829295], [36.960893864179255, -1.26820547222747], [36.96188826546197, -1.269287376557123], [36.96386963344991, -1.268470078475889], [36.96503390795576, -1.269736803722022], [36.9664235078899, -1.271034742278996], [36.96870503087747, -1.273636586336547], [36.97000661030098, -1.275425572568335], [36.97111854345121, -1.275818822981141], [36.97196512121457, -1.276089326497443], [36.9726995314455, -1.276888353515262], [36.97328374395036, -1.277166430204532], [36.974304598835765, -1.277711150871075], [36.975029822100446, -1.277851108383463], [36.975174325405824, -1.279342066748012], [36.97510944448356, -1.280146685503775], [36.97617693640027, -1.279702725006156], [36.97696417660072, -1.278285209035193], [36.97651176003006, -1.278248262176508], [36.97606214858262, -1.278284261675424], [36.97652241450216, -1.277455511402489], [36.97684780107689, -1.276370777760175], [36.97733156600521, -1.27662222747341], [36.97772508655489, -1.277511760505081], [36.97976225698877, -1.277348628192296], [36.98075098809007, -1.277793624731235], [36.981669983409546, -1.279870901007427], [36.982159519370136, -1.280443710812988], [36.98255794068124, -1.280789742957171], [36.983256334024134, -1.28205189207352], [36.983734353301706, -1.283132408150456], [36.9858712164551, -1.283306928244917], [36.98815849754043, -1.282339540638516], [36.99136949693974, -1.281752642911149], [36.99374553739615, -1.280747716532652], [36.994758704763, -1.280666588186775], [36.99525993458642, -1.281101921524068], [36.99550917613377, -1.281393542146386], [36.99186702735807, -1.282879832470373], [36.97499118345424, -1.28953450724615], [36.974750927642646, -1.289785778353993], [36.97373766925845, -1.289576050973978], [36.96990002531417, -1.289651801979443], [36.96899916319813, -1.28963256932077], [36.96732422697919, -1.288269536871091], [36.96660500956563, -1.286032718077896], [36.9636738096017, -1.282673683923574], [36.96162559984079, -1.282047452963663], [36.958955388640845, -1.282595681534094], [36.95657224670142, -1.28421877527498], [36.9554274930133, -1.284776616182962], [36.95225926813353, -1.285551263407907], [36.950366054852054, -1.287192028152607], [36.94852584591765, -1.288658014178998], [36.94670612345925, -1.289353576033757], [36.94537799118424, -1.288445902544328], [36.9449767932493, -1.28636850409051], [36.94443910240329, -1.284249715388478], [36.94416471096263, -1.281688766170539], [36.94352775781414, -1.278545978539836], [36.94308305468367, -1.277675390120788], [36.9411542338168, -1.277043707322841], [36.93980311396899, -1.276010122937936], [36.93902451662976, -1.27322318584216], [36.938515211896814, -1.27172165244182], [36.93825200899557, -1.270593928371291], [36.938944884961344, -1.268561804608739], [36.94238427584686, -1.266602806747446], [36.94415231981252, -1.264361941927391], [36.94503236778558, -1.262121482125611], [36.94499119309916, -1.260009171390481], [36.94312626125741, -1.258202912477605], [36.94063417683616, -1.258714594024255], [36.93956656593591, -1.259267080206037], [36.939036654124074, -1.259821317869958], [36.93826465415111, -1.261419701008157], [36.937202061501814, -1.263491711019971], [36.936895519310674, -1.264439949053506], [36.936353216228085, -1.265497427996522], [36.93507466053023, -1.266120469378811], [36.929743839093824, -1.26659330098635], [36.92736463486952, -1.267410799884855], [36.922436681482836, -1.272564903226542], [36.92085094201736, -1.275847903761989], [36.919589776638915, -1.277937243616436], [36.9187884454207, -1.279977223833052], [36.91801214990424, -1.283170992879337], [36.917456701098665, -1.284799992169948], [36.91586551051583, -1.287158446886278], [36.91472549070256, -1.289178411704168], [36.913141184839, -1.290707953313822], [36.90961069737164, -1.292106096600667], [36.909128759731814, -1.293152003205706], [36.90975263336624, -1.294373390520998], [36.91128181906568, -1.296647954574412], [36.91231080095857, -1.29823043898961], [36.91423659109631, -1.301809343322863], [36.91504957400305, -1.302889539363748], [36.91692838809303, -1.305608910204668], [36.919063362224605, -1.308362355092285], [36.920872294351085, -1.311435161784283], [36.92325052233509, -1.314160661433369], [36.92530623760763, -1.314566359270867], [36.92659258173056, -1.315234672921857], [36.92604275116025, -1.316847062953873], [36.92432703549264, -1.317405816953784], [36.92312205692352, -1.317819809185807], [36.91980335443882, -1.318082829212237], [36.916114135011135, -1.317537067086739], [36.91011665838, -1.317812102825651], [36.90799913028966, -1.318907756439127], [36.90599584646949, -1.321622853990523], [36.90289256681713, -1.32366684809183], [36.90034655849407, -1.327117491574109], [36.896467819807086, -1.329672206414008], [36.8955856467032, -1.330594743831969], [36.89568743639386, -1.335834723867454], [36.89532920185089, -1.336533159874992], [36.89354269746639, -1.337709804942301], [36.887613001625965, -1.338353021978949], [36.88697104732687, -1.33868514867301], [36.88618792953953, -1.340306233681017], [36.88483928373135, -1.34230493351558], [36.8827973151054, -1.343522521310441], [36.88062897742329, -1.342961197754], [36.876083662651055, -1.340030821158606], [36.872667443826195, -1.339654233563243], [36.86989563234687, -1.339175899797796], [36.867053731922844, -1.337699283846092], [36.865271220932485, -1.33682699111309], [36.86163634382696, -1.334521184427978], [36.85962006171872, -1.332814628870872], [36.85501859252701, -1.33076631676644], [36.85089080481518, -1.327944939286098], [36.847969485149044, -1.326782289181915], [36.845117008397324, -1.326378961326012], [36.840796618613304, -1.327489318044199], [36.835794073911615, -1.327774794884914], [36.8332371194468, -1.328148566938381], [36.83069885284768, -1.32918219788921], [36.82778163642941, -1.329119690560968], [36.82538205618857, -1.327283790883742], [36.82354936345739, -1.326072118669436], [36.82199978715717, -1.324446004320017], [36.82209305850366, -1.320035603778188], [36.82205826883342, -1.318242807670442], [36.82125117442129, -1.31746098004436], [36.82084972620633, -1.317039691722852], [36.81960870484364, -1.316645872441119], [36.818295138486064, -1.3173254806065], [36.81747827012389, -1.317723445800851], [36.81595177691478, -1.318513211407019], [36.81456697897865, -1.318964141689328], [36.81270570639337, -1.318482283360606], [36.81234545408814, -1.316242570214366], [36.81236579911672, -1.315280674383751], [36.81236049452124, -1.315007232445152], [36.81263725043277, -1.313653301440902], [36.812327078474155, -1.312430721483243], [36.81240859958037, -1.308575589250287], [36.813066356344734, -1.306001769605259], [36.81345235339893, -1.305249235918452], [36.813814650538674, -1.303389952601389], [36.81112055974849, -1.303056220949175], [36.80995177605928, -1.302257334728047], [36.80922941753495, -1.301903840594952], [36.80532712003895, -1.302783735600749], [36.8041667807622, -1.301566095750218], [36.80348020518588, -1.300901007756031], [36.80226953784449, -1.299361338239947], [36.79859391577959, -1.297349675130649], [36.7974228474284, -1.29737270159063], [36.79688391607827, -1.297361154734157], [36.79607549067436, -1.297377049255747], [36.795132361800746, -1.297356854111247], [36.794162842965996, -1.297375917393299], [36.79211056347526, -1.299040333289406], [36.79038037902751, -1.30017985391134], [36.78656125176146, -1.300880692800402], [36.784868502687864, -1.299502931696803], [36.78381053669561, -1.298985194642706], [36.78300837892646, -1.298007039291692], [36.784610099413264, -1.294042634870209], [36.78492505186778, -1.290512891336585], [36.78620622495845, -1.289276143877214], [36.78995690379241, -1.287140237889519], [36.79309069779332, -1.288768542028879], [36.794550760113594, -1.290300701556608], [36.79585686838353, -1.29072854634526], [36.796904195238, -1.292153113631231], [36.79939309544096, -1.292563136988357], [36.80186969656433, -1.293576732534025], [36.804299869638676, -1.294115856374764], [36.80510265147948, -1.294393203304802], [36.806458609382034, -1.294837373373281], [36.80806910173163, -1.295938166750674], [36.809429349932174, -1.295470885392205], [36.809953618300305, -1.293849558848758], [36.81058090978338, -1.292919875287672], [36.812071939494594, -1.291480525270563], [36.814080551137685, -1.292174434267707], [36.814784400181104, -1.294363936415553], [36.815078068813456, -1.294938885630625], [36.81536916788957, -1.295844439652707], [36.81617539738257, -1.297422937031337], [36.8166923536027, -1.297923704422501], [36.81701232938836, -1.298259489688046], [36.81803269598507, -1.299828839405778], [36.818687388549606, -1.300802749047939], [36.82102747035701, -1.301182116243306], [36.82248559444965, -1.300427693265249], [36.825452845044964, -1.297805062302197], [36.82598529644545, -1.295072449631755], [36.82554877881106, -1.294649613421908], [36.82427918533691, -1.294028320120004], [36.82133782479542, -1.293447754193612], [36.81918785759831, -1.291802871671897], [36.81881704086326, -1.288340139300913], [36.81754678844312, -1.28585312816671], [36.816022608383456, -1.283827831723258], [36.815439511417615, -1.282615507741638], [36.815090936836235, -1.279829670024099], [36.81630154552912, -1.278226713655937], [36.81862941707765, -1.277304894720955], [36.81939994106713, -1.276464793084086], [36.817739234770016, -1.273994442603748], [36.815594082333334, -1.272162309880113], [36.81392776020122, -1.272734772012255], [36.81172448370982, -1.272687632476068], [36.8082393134677, -1.271166407914828], [36.80593794380251, -1.269165234211209], [36.80443318302212, -1.268170430059763], [36.80189165826671, -1.267811118648618], [36.80055017477634, -1.267262108064346], [36.79901999758606, -1.266653144259767], [36.79866596019772, -1.264819546878574], [36.79838650490724, -1.263995519302263], [36.79839768267717, -1.263465949664367], [36.79838187142949, -1.262652286434956], [36.79841159923783, -1.261244697032842], [36.800696439072574, -1.259038939864672], [36.80217449984743, -1.258318755832414], [36.80297796587802, -1.257771572756979], [36.80388158483652, -1.25717639311992], [36.80955036525861, -1.257297627394496], [36.81294942204194, -1.256423909025062], [36.81433925802229, -1.256159290237971], [36.8164369142848, -1.256883917111273], [36.81891254667206, -1.25729167990145], [36.82130500938165, -1.257244550575274], [36.82157447548275, -1.257250305992892], [36.822318888022025, -1.257235643604604], [36.8243989923891, -1.257543374359239], [36.825616321665024, -1.25751939071956], [36.82646082362645, -1.257537439222679], [36.82749855652108, -1.259175208557345], [36.82635763808635, -1.260866224647347], [36.823744702294825, -1.26338877271765], [36.822411011216246, -1.266149742678124], [36.823033817368376, -1.269223407167852], [36.822429083240884, -1.270402475604224], [36.82294506028834, -1.271412650541581], [36.82374279790658, -1.272185390947708], [36.82510021794661, -1.272158658003089], [36.82683610854232, -1.270343256115972], [36.828229340073, -1.269425568315877], [36.83059931536819, -1.26848704162282], [36.8340678901691, -1.267357407071608], [36.835845219839406, -1.266002372158731], [36.83866856268296, -1.264241134095863], [36.842679430749335, -1.262934853718895], [36.84501100658968, -1.26323678914831], [36.848012373773166, -1.263505089194127], [36.85075870016773, -1.2623865510159], [36.85270039293967, -1.261754159505858], [36.85464048668154, -1.261087587096652], [36.85626004323411, -1.260691633571931], [36.85859027190852, -1.259104630453972], [36.86072248535995, -1.256084736974776], [36.861456181924346, -1.254565743148923], [36.8618830483413, -1.253733430558259], [36.86307975860059, -1.252945138966379], [36.86547224865031, -1.250830272266618], [36.86604103782445, -1.249958622526015], [36.866586040895335, -1.249150811542122], [36.866850805971616, -1.248305432315867], [36.866196597597174, -1.247024689241868], [36.866885800647715, -1.245003375869591], [36.868405620840505, -1.24353604554969], [36.87139332321644, -1.243118724003925], [36.872783878238614, -1.242640920358702], [36.87394085261922, -1.242358038172793], [36.87552656488202, -1.241813177965011], [36.876555338561964, -1.240737191014413], [36.877098303688705, -1.239176471821655], [36.87573488067247, -1.237473682856673], [36.87416599650324, -1.237504649207157], [36.873238111479495, -1.237184140522258], [36.87225508180852, -1.236673433424359], [36.87066959111152, -1.235897657295508], [36.868794008755216, -1.234615815876013], [36.86933714192238, -1.233022897252529], [36.87227884936858, -1.230504784403078], [36.87448636445851, -1.229880014819527], [36.87709699421198, -1.228529036089363], [36.878935808518904, -1.228568275784619], [36.87926041536284, -1.231259884607798], [36.88018035389315, -1.232482138928513], [36.88225007662536, -1.232884237558099], [36.883841129985214, -1.23180058333648], [36.88442900003654, -1.231514110802004], [36.88581214831232, -1.231543623602271], [36.88687126689465, -1.232984042683776], [36.88653421235216, -1.233972594691687], [36.88603511876821, -1.235516443517641], [36.88541185973382, -1.237059454931783], [36.88545782006337, -1.239418081667645], [36.88608381853658, -1.240024412654276], [36.88714728187578, -1.240482666108851], [36.89047071447678, -1.239628238012005], [36.892723019942956, -1.238854319660394], [36.89516516889787, -1.238058845515587], [36.89845251174614, -1.236719808631966], [36.900973692608886, -1.236411769351687], [36.90256442782099, -1.236445714446974], [36.90626409010974, -1.237403161946378], [36.90712768547191, -1.237851808003107], [36.908691729891416, -1.238330006716924], [36.91190260626979, -1.237670736552337], [36.91463372656723, -1.236257380106579], [36.916211969402276, -1.23505400079253], [36.9172877070111, -1.233405396380501], [36.91822001781918, -1.229569124959966], [36.91777775798955, -1.227387178346619], [36.91687131674396, -1.224714935583233], [36.91555517816421, -1.222757378746413], [36.91280909183767, -1.221113719975488], [36.9132843476945, -1.220654830890302], [36.91591766757264, -1.221253194882323], [36.9193174184507, -1.221534853371681], [36.920265086208005, -1.221516127331254], [36.921907592120924, -1.22039737188177], [36.92287314385012, -1.219387429624031], [36.92306388595751, -1.218408045367684]], [[36.87635195505088, -1.330389610271325], [36.87709089346519, -1.329177327860087], [36.87673304103695, -1.32744848627329], [36.87550919574906, -1.326732435462317], [36.87460800137598, -1.327363395401191], [36.87521881719856, -1.329717819900037], [36.87635195505088, -1.330389610271325]], [[36.86395788070643, -1.327666556418915], [36.864082731753015, -1.327520969190492], [36.86461509220936, -1.327060141854669], [36.86512069606798, -1.325922378419505], [36.86403545482992, -1.322940093281785], [36.863159288118105, -1.321356380456105], [36.862285640409404, -1.320597496442325], [36.859238727634754, -1.319671318950378], [36.857091794576945, -1.318759132001309], [36.855269720465756, -1.319259331480469], [36.85457650553009, -1.320371116556526], [36.854086566624275, -1.322003827542817], [36.854146427444086, -1.322761837312567], [36.85475412429256, -1.323860284627941], [36.85521256570721, -1.324258518436872], [36.85571094842605, -1.324841749188252], [36.85675082084325, -1.325745017862145], [36.85925273053854, -1.32670308167217], [36.86009617384097, -1.32717766992452], [36.861968227680016, -1.327523052797983], [36.86395788070643, -1.327666556418915]], [[36.89716734142144, -1.251749639867888], [36.89728730134815, -1.251599120890714], [36.89913296417683, -1.250295583139077], [36.90109227727019, -1.247836975008224], [36.901520919811716, -1.246332630315953], [36.9010064444443, -1.244044591403403], [36.89988415950502, -1.243138563835073], [36.898903699463055, -1.243260516178262], [36.89698373864313, -1.244394381618499], [36.895142945203105, -1.246704260539219], [36.89417882330386, -1.248082457413628], [36.89381473560362, -1.250452404349644], [36.8954477848014, -1.251609703854828], [36.89716734142144, -1.251749639867888]], [[36.86237809920189, -1.283726238587855], [36.86250782482049, -1.283585560448853], [36.866319430189954, -1.282095359601215], [36.86797082718584, -1.280822991028001], [36.868709482943416, -1.279251104239612], [36.86910641564775, -1.278497601148362], [36.87176325594692, -1.275098422431273], [36.87248691006841, -1.273558432553956], [36.873475011483656, -1.271937187098831], [36.875091405927165, -1.270432291852375], [36.87762086682555, -1.269233347657028], [36.87822749741923, -1.268910909517141], [36.878860050008385, -1.268224903070008], [36.87925745307941, -1.266965125395477], [36.87921487915192, -1.265861020488589], [36.87836166777853, -1.264234926944709], [36.87594756331424, -1.26280380620606], [36.87402592138506, -1.262432908527712], [36.872107739679734, -1.261754454370459], [36.87068541034016, -1.261299928323811], [36.86823502374756, -1.261665625823901], [36.865739336825975, -1.262321606721722], [36.86092876788663, -1.264451766969279], [36.8579123302003, -1.267080551903529], [36.85592360989788, -1.268023182235084], [36.85407435224952, -1.26930168056899], [36.852888549004035, -1.271825136477717], [36.85337806441698, -1.280964036845484], [36.8545015227631, -1.282013496085815], [36.85622474229695, -1.282833803488904], [36.859264534236345, -1.283565281433193], [36.86237809920189, -1.283726238587855]], [[36.814692446560855, -1.269853460279688], [36.81480530589053, -1.269424354359815], [36.815119440035545, -1.269198147271312], [36.81534484997626, -1.268707076148458], [36.8141101648205, -1.268112410880361], [36.81377174128697, -1.269608141989923], [36.814692446560855, -1.269853460279688]], [[36.84190133533878, -1.279369330784845], [36.84202129807603, -1.279218822012447], [36.84257791240361, -1.278770971487686], [36.84283118061473, -1.277480005024477], [36.84128263415911, -1.275342588865103], [36.8392856052002, -1.27373024452531], [36.838457042712484, -1.273833265241794], [36.83857700149532, -1.274810692817851], [36.839089807716505, -1.275690427081028], [36.83932854978728, -1.276805521058861], [36.839776485916346, -1.277981405709092], [36.84013493762211, -1.279247220362596], [36.84190133533878, -1.279369330784845]], [[36.83272771220382, -1.292922684427479], [36.83284522812101, -1.292769717706817], [36.83384965182109, -1.292356967242261], [36.83419393991469, -1.291202181164719], [36.83281435739023, -1.290128538502382], [36.83127567052752, -1.290735830300528], [36.831546369903016, -1.292590495584542], [36.83272771220382, -1.292922684427479]], [[36.86263169080182, -1.302712419916427], [36.8628587812138, -1.302466151163437], [36.86816179527532, -1.302044228792343], [36.87069871199127, -1.301601848326593], [36.87430857700691, -1.30077879127441], [36.88027838532588, -1.3003721827092], [36.88248031716181, -1.299793471231709], [36.883995223159694, -1.299260496962892], [36.88459312751989, -1.298452461881697], [36.88404275783084, -1.296867822817469], [36.88243600121546, -1.296102960628769], [36.87857088401855, -1.297285809634065], [36.87111417609921, -1.297729581045213], [36.86652663920762, -1.298691544888515], [36.86005883745647, -1.299575592033783], [36.85894904596855, -1.300165422388774], [36.859002242288526, -1.301545675185932], [36.86007253508676, -1.302545466951803], [36.86263169080182, -1.302712419916427]], [[36.89928425657567, -1.299759872577166], [36.899883034615556, -1.29911052985997], [36.901473880247174, -1.298356503342551], [36.90265023954699, -1.296730108316013], [36.90165456860345, -1.296376592653314], [36.89957097623311, -1.297817086859382], [36.89861584252596, -1.299546268545043], [36.89928425657567, -1.299759872577166]], [[36.89847511696663, -1.300572898092378], [36.898475790116066, -1.29975919540998], [36.89739783549251, -1.299758292115811], [36.89739716199842, -1.300571994232523], [36.89847511696663, -1.300572898092378]], [[36.81735832625851, -1.303758227362934], [36.817266357479895, -1.303427465348139], [36.817029852303584, -1.303665089548221], [36.81735832625851, -1.303758227362934]], [[36.816010718976734, -1.304028270528666], [36.815864600953915, -1.30368377135011], [36.815391107889475, -1.303917794553442], [36.816010718976734, -1.304028270528666]], [[36.90439376341875, -1.312783447203109], [36.904501521219636, -1.312620621374587], [36.904825439730665, -1.312404257178776], [36.90504165870871, -1.311233014544072], [36.90360510379055, -1.310775815983497], [36.90240089336303, -1.311354966410587], [36.902954630806335, -1.312656481626736], [36.90439376341875, -1.312783447203109]]]]}}, {"type": "Feature", "properties": {"Id": 153, "gridcode": 3}, "geometry": {"type": "MultiPolygon", "coordinates": [[[[36.763426633331825, -1.345748127476191], [36.76301251905254, -1.345622221174136], [36.7622244257213, -1.345330121721325], [36.761003172185156, -1.344958828477149], [36.75814387754898, -1.345187385567958], [36.75455794132398, -1.343581298300992], [36.752187316402434, -1.343036952569997], [36.7503713028424, -1.341522242093208], [36.74927361751354, -1.341270180198712], [36.749024853559284, -1.340554802808404], [36.75073477772311, -1.340165497553323], [36.75193048418093, -1.338771266199355], [36.75293602117544, -1.337900964879227], [36.7550419397654, -1.338073222221314], [36.756821163924585, -1.338565069386297], [36.7589967262416, -1.338818119283509], [36.76327177115497, -1.339512671612352], [36.76517246689475, -1.341013639152515], [36.766000450193395, -1.341536659024074], [36.767057387982206, -1.342520239295703], [36.76593930799068, -1.344532812863761], [36.76355147632572, -1.345602556736034], [36.763426633331825, -1.345748127476191]]]]}}, {"type": "Feature", "properties": {"Id": 154, "gridcode": 4}, "geometry": {"type": "MultiPolygon", "coordinates": [[[[36.865663648493694, -1.219719022322604], [36.86615145891101, -1.21962030829464], [36.86600237507975, -1.219312449503984], [36.86619948809318, -1.218907042327133], [36.86566450323443, -1.218634107868118], [36.865522784426545, -1.218226100453908], [36.86584530709723, -1.217613800027123], [36.86579470942574, -1.21630291701197], [36.864718447578966, -1.215790621590514], [36.86413809749821, -1.215480946651027], [36.864234824122484, -1.213072781930769], [36.86417202085797, -1.211445360834331], [36.86420199679993, -1.210699038478536], [36.865108911998014, -1.208481688234223], [36.86739758208565, -1.206350673091768], [36.86931803975405, -1.205216331720628], [36.872101316517465, -1.203504061683538], [36.87363152181881, -1.202778653779855], [36.875790530348326, -1.201520462695935], [36.87956353269776, -1.199958623340919], [36.88456861376257, -1.19889980437352], [36.88691774191137, -1.198995351182094], [36.88906169221937, -1.199753564131154], [36.88979127212914, -1.200892650806255], [36.89036105056583, -1.201727449337338], [36.89114317412215, -1.201696855808008], [36.8914594024701, -1.201709720466038], [36.8938181709684, -1.201089584817004], [36.89768800412046, -1.197561172991325], [36.89851585701871, -1.195799105874608], [36.898076413476126, -1.194105775845874], [36.896943254577046, -1.193434087048624], [36.89716854004687, -1.193106201628901], [36.89815598448448, -1.193329806066606], [36.89927523996702, -1.193078161901299], [36.899121437484354, -1.1923851526832], [36.89765455712228, -1.191364098192738], [36.89721479074586, -1.190721952186946], [36.89828673531803, -1.19093343354031], [36.900285944230916, -1.191911566104371], [36.9013806339727, -1.193539721693358], [36.90142760744077, -1.195946216221423], [36.90075602253869, -1.196975499015217], [36.896316920862475, -1.203378985102207], [36.89518616139459, -1.204149188546521], [36.89358236086108, -1.205205755336226], [36.892758808340204, -1.20681177230643], [36.89302139208087, -1.20875847652951], [36.893558305208444, -1.211407414343502], [36.89252659975397, -1.214668755222099], [36.891965409622216, -1.215255740026917], [36.89014427698763, -1.215291718058016], [36.88800962964969, -1.212625835634525], [36.88732723345927, -1.2105036376147], [36.88604583840709, -1.209837948079111], [36.88521105769762, -1.210622317118122], [36.88520480748362, -1.210919506373139], [36.88523532081658, -1.212484413306839], [36.88466358765671, -1.213899924055684], [36.88439823452274, -1.215532529323987], [36.884031930422644, -1.217325465045287], [36.88512519826098, -1.218472571934442], [36.88655110342428, -1.219326059534513], [36.88830835754688, -1.22040053825279], [36.890878176572535, -1.220763693913282], [36.89361548780338, -1.222857672170611], [36.896789415451046, -1.221780662486893], [36.89881989053057, -1.220729874547209], [36.901021639693994, -1.22016377786999], [36.90343552851076, -1.220116091050459], [36.904338535552746, -1.220557904869387], [36.90719423596352, -1.222041433946315], [36.91027223226018, -1.222107070051846], [36.91224295773823, -1.220639063804464], [36.911652765009684, -1.21941221335983], [36.91001061967958, -1.216681910193686], [36.9094869272905, -1.214618480354247], [36.91007445342707, -1.212895139421214], [36.90957016842264, -1.210806078021142], [36.908117574880286, -1.208876170254152], [36.908405902655694, -1.206987548496802], [36.909636356856694, -1.205101723457877], [36.91106446852722, -1.204610957389395], [36.91263331697216, -1.20512470632216], [36.91348100921777, -1.206784072377799], [36.913640471578724, -1.207279988994438], [36.91321068049475, -1.207958784475413], [36.91423070723682, -1.209366508929453], [36.91485486596232, -1.211570187460945], [36.91555294536996, -1.21213373574616], [36.916406511331104, -1.213208272541447], [36.91755780548076, -1.213913337988219], [36.91860528950536, -1.214757870202981], [36.91925487215497, -1.215033970176071], [36.91968260115377, -1.215572420204643], [36.92052046418994, -1.216085540651545], [36.92150927020342, -1.217330331257125], [36.92306388595751, -1.218408045367684], [36.92287314385012, -1.219387429624031], [36.921907592120924, -1.22039737188177], [36.920265086208005, -1.221516127331254], [36.9193174184507, -1.221534853371681], [36.91591766757264, -1.221253194882323], [36.9132843476945, -1.220654830890302], [36.91280909183767, -1.221113719975488], [36.91555517816421, -1.222757378746413], [36.91687131674396, -1.224714935583233], [36.91777775798955, -1.227387178346619], [36.91822001781918, -1.229569124959966], [36.9172877070111, -1.233405396380501], [36.916211969402276, -1.23505400079253], [36.91463372656723, -1.236257380106579], [36.91190260626979, -1.237670736552337], [36.908691729891416, -1.238330006716924], [36.90712768547191, -1.237851808003107], [36.90626409010974, -1.237403161946378], [36.90256442782099, -1.236445714446974], [36.900973692608886, -1.236411769351687], [36.89845251174614, -1.236719808631966], [36.89516516889787, -1.238058845515587], [36.892723019942956, -1.238854319660394], [36.89047071447678, -1.239628238012005], [36.88714728187578, -1.240482666108851], [36.88608381853658, -1.240024412654276], [36.88545782006337, -1.239418081667645], [36.88541185973382, -1.237059454931783], [36.88603511876821, -1.235516443517641], [36.88653421235216, -1.233972594691687], [36.88687126689465, -1.232984042683776], [36.88581214831232, -1.231543623602271], [36.88442900003654, -1.231514110802004], [36.883841129985214, -1.23180058333648], [36.88225007662536, -1.232884237558099], [36.88018035389315, -1.232482138928513], [36.87926041536284, -1.231259884607798], [36.878935808518904, -1.228568275784619], [36.87709699421198, -1.228529036089363], [36.87448636445851, -1.229880014819527], [36.87227884936858, -1.230504784403078], [36.86933714192238, -1.233022897252529], [36.868794008755216, -1.234615815876013], [36.87066959111152, -1.235897657295508], [36.87225508180852, -1.236673433424359], [36.873238111479495, -1.237184140522258], [36.87416599650324, -1.237504649207157], [36.87573488067247, -1.237473682856673], [36.877098303688705, -1.239176471821655], [36.876555338561964, -1.240737191014413], [36.87552656488202, -1.241813177965011], [36.87394085261922, -1.242358038172793], [36.872783878238614, -1.242640920358702], [36.87139332321644, -1.243118724003925], [36.868405620840505, -1.24353604554969], [36.866885800647715, -1.245003375869591], [36.866196597597174, -1.247024689241868], [36.866850805971616, -1.248305432315867], [36.866586040895335, -1.249150811542122], [36.86604103782445, -1.249958622526015], [36.86547224865031, -1.250830272266618], [36.86307975860059, -1.252945138966379], [36.8618830483413, -1.253733430558259], [36.861456181924346, -1.254565743148923], [36.86072248535995, -1.256084736974776], [36.85859027190852, -1.259104630453972], [36.85626004323411, -1.260691633571931], [36.85464048668154, -1.261087587096652], [36.85270039293967, -1.261754159505858], [36.85075870016773, -1.2623865510159], [36.848012373773166, -1.263505089194127], [36.84501100658968, -1.26323678914831], [36.842679430749335, -1.262934853718895], [36.83866856268296, -1.264241134095863], [36.835845219839406, -1.266002372158731], [36.8340678901691, -1.267357407071608], [36.83059931536819, -1.26848704162282], [36.828229340073, -1.269425568315877], [36.82683610854232, -1.270343256115972], [36.82510021794661, -1.272158658003089], [36.82374279790658, -1.272185390947708], [36.82294506028834, -1.271412650541581], [36.822429083240884, -1.270402475604224], [36.823033817368376, -1.269223407167852], [36.822411011216246, -1.266149742678124], [36.823744702294825, -1.26338877271765], [36.82635763808635, -1.260866224647347], [36.82749855652108, -1.259175208557345], [36.82646082362645, -1.257537439222679], [36.825616321665024, -1.25751939071956], [36.8243989923891, -1.257543374359239], [36.822318888022025, -1.257235643604604], [36.82157447548275, -1.257250305992892], [36.82130500938165, -1.257244550575274], [36.81891254667206, -1.25729167990145], [36.8164369142848, -1.256883917111273], [36.81433925802229, -1.256159290237971], [36.81294942204194, -1.256423909025062], [36.80955036525861, -1.257297627394496], [36.80388158483652, -1.25717639311992], [36.80297796587802, -1.257771572756979], [36.80217449984743, -1.258318755832414], [36.800696439072574, -1.259038939864672], [36.79841159923783, -1.261244697032842], [36.79838187142949, -1.262652286434956], [36.79839768267717, -1.263465949664367], [36.79838650490724, -1.263995519302263], [36.79866596019772, -1.264819546878574], [36.79901999758606, -1.266653144259767], [36.80055017477634, -1.267262108064346], [36.80189165826671, -1.267811118648618], [36.80443318302212, -1.268170430059763], [36.80593794380251, -1.269165234211209], [36.8082393134677, -1.271166407914828], [36.81172448370982, -1.272687632476068], [36.81392776020122, -1.272734772012255], [36.815594082333334, -1.272162309880113], [36.817739234770016, -1.273994442603748], [36.81939994106713, -1.276464793084086], [36.81862941707765, -1.277304894720955], [36.81630154552912, -1.278226713655937], [36.815090936836235, -1.279829670024099], [36.815439511417615, -1.282615507741638], [36.816022608383456, -1.283827831723258], [36.81754678844312, -1.28585312816671], [36.81881704086326, -1.288340139300913], [36.81918785759831, -1.291802871671897], [36.82133782479542, -1.293447754193612], [36.82427918533691, -1.294028320120004], [36.82554877881106, -1.294649613421908], [36.82598529644545, -1.295072449631755], [36.825452845044964, -1.297805062302197], [36.82248559444965, -1.300427693265249], [36.82102747035701, -1.301182116243306], [36.818687388549606, -1.300802749047939], [36.81803269598507, -1.299828839405778], [36.81701232938836, -1.298259489688046], [36.8166923536027, -1.297923704422501], [36.81617539738257, -1.297422937031337], [36.81536916788957, -1.295844439652707], [36.815078068813456, -1.294938885630625], [36.814784400181104, -1.294363936415553], [36.814080551137685, -1.292174434267707], [36.812071939494594, -1.291480525270563], [36.81058090978338, -1.292919875287672], [36.809953618300305, -1.293849558848758], [36.809429349932174, -1.295470885392205], [36.80806910173163, -1.295938166750674], [36.806458609382034, -1.294837373373281], [36.80510265147948, -1.294393203304802], [36.804299869638676, -1.294115856374764], [36.80186969656433, -1.293576732534025], [36.79939309544096, -1.292563136988357], [36.796904195238, -1.292153113631231], [36.79585686838353, -1.29072854634526], [36.794550760113594, -1.290300701556608], [36.79309069779332, -1.288768542028879], [36.78995690379241, -1.287140237889519], [36.78620622495845, -1.289276143877214], [36.78492505186778, -1.290512891336585], [36.784610099413264, -1.294042634870209], [36.78300837892646, -1.298007039291692], [36.78381053669561, -1.298985194642706], [36.784868502687864, -1.299502931696803], [36.78656125176146, -1.300880692800402], [36.79038037902751, -1.30017985391134], [36.79211056347526, -1.299040333289406], [36.794162842965996, -1.297375917393299], [36.795132361800746, -1.297356854111247], [36.79607549067436, -1.297377049255747], [36.79688391607827, -1.297361154734157], [36.7974228474284, -1.29737270159063], [36.79859391577959, -1.297349675130649], [36.80226953784449, -1.299361338239947], [36.80348020518588, -1.300901007756031], [36.8041667807622, -1.301566095750218], [36.80532712003895, -1.302783735600749], [36.80922941753495, -1.301903840594952], [36.80995177605928, -1.302257334728047], [36.81112055974849, -1.303056220949175], [36.813814650538674, -1.303389952601389], [36.81345235339893, -1.305249235918452], [36.813066356344734, -1.306001769605259], [36.81240859958037, -1.308575589250287], [36.812327078474155, -1.312430721483243], [36.81263725043277, -1.313653301440902], [36.81236049452124, -1.315007232445152], [36.81236579911672, -1.315280674383751], [36.81234545408814, -1.316242570214366], [36.81270570639337, -1.318482283360606], [36.81456697897865, -1.318964141689328], [36.81595177691478, -1.318513211407019], [36.81747827012389, -1.317723445800851], [36.818295138486064, -1.3173254806065], [36.81960870484364, -1.316645872441119], [36.82084972620633, -1.317039691722852], [36.82125117442129, -1.31746098004436], [36.82205826883342, -1.318242807670442], [36.82209305850366, -1.320035603778188], [36.82199978715717, -1.324446004320017], [36.82354936345739, -1.326072118669436], [36.82538205618857, -1.327283790883742], [36.82778163642941, -1.329119690560968], [36.83069885284768, -1.32918219788921], [36.8332371194468, -1.328148566938381], [36.835794073911615, -1.327774794884914], [36.840796618613304, -1.327489318044199], [36.845117008397324, -1.326378961326012], [36.847969485149044, -1.326782289181915], [36.85089080481518, -1.327944939286098], [36.85501859252701, -1.33076631676644], [36.85962006171872, -1.332814628870872], [36.86163634382696, -1.334521184427978], [36.865271220932485, -1.33682699111309], [36.867053731922844, -1.337699283846092], [36.86989563234687, -1.339175899797796], [36.872667443826195, -1.339654233563243], [36.876083662651055, -1.340030821158606], [36.88062897742329, -1.342961197754], [36.8827973151054, -1.343522521310441], [36.88483928373135, -1.34230493351558], [36.88618792953953, -1.340306233681017], [36.88697104732687, -1.33868514867301], [36.887613001625965, -1.338353021978949], [36.89354269746639, -1.337709804942301], [36.89532920185089, -1.336533159874992], [36.89568743639386, -1.335834723867454], [36.8955856467032, -1.330594743831969], [36.896467819807086, -1.329672206414008], [36.90034655849407, -1.327117491574109], [36.90289256681713, -1.32366684809183], [36.90599584646949, -1.321622853990523], [36.90799913028966, -1.318907756439127], [36.91011665838, -1.317812102825651], [36.916114135011135, -1.317537067086739], [36.91980335443882, -1.318082829212237], [36.92312205692352, -1.317819809185807], [36.92432703549264, -1.317405816953784], [36.92604275116025, -1.316847062953873], [36.92659258173056, -1.315234672921857], [36.92530623760763, -1.314566359270867], [36.92325052233509, -1.314160661433369], [36.920872294351085, -1.311435161784283], [36.919063362224605, -1.308362355092285], [36.91692838809303, -1.305608910204668], [36.91504957400305, -1.302889539363748], [36.91423659109631, -1.301809343322863], [36.91231080095857, -1.29823043898961], [36.91128181906568, -1.296647954574412], [36.90975263336624, -1.294373390520998], [36.909128759731814, -1.293152003205706], [36.90961069737164, -1.292106096600667], [36.913141184839, -1.290707953313822], [36.91472549070256, -1.289178411704168], [36.91586551051583, -1.287158446886278], [36.917456701098665, -1.284799992169948], [36.91801214990424, -1.283170992879337], [36.9187884454207, -1.279977223833052], [36.919589776638915, -1.277937243616436], [36.92085094201736, -1.275847903761989], [36.922436681482836, -1.272564903226542], [36.92736463486952, -1.267410799884855], [36.929743839093824, -1.26659330098635], [36.93507466053023, -1.266120469378811], [36.936353216228085, -1.265497427996522], [36.936895519310674, -1.264439949053506], [36.937202061501814, -1.263491711019971], [36.93826465415111, -1.261419701008157], [36.939036654124074, -1.259821317869958], [36.93956656593591, -1.259267080206037], [36.94063417683616, -1.258714594024255], [36.94312626125741, -1.258202912477605], [36.94499119309916, -1.260009171390481], [36.94503236778558, -1.262121482125611], [36.94415231981252, -1.264361941927391], [36.94238427584686, -1.266602806747446], [36.938944884961344, -1.268561804608739], [36.93825200899557, -1.270593928371291], [36.938515211896814, -1.27172165244182], [36.93902451662976, -1.27322318584216], [36.93980311396899, -1.276010122937936], [36.9411542338168, -1.277043707322841], [36.94308305468367, -1.277675390120788], [36.94352775781414, -1.278545978539836], [36.94416471096263, -1.281688766170539], [36.94443910240329, -1.284249715388478], [36.9449767932493, -1.28636850409051], [36.94537799118424, -1.288445902544328], [36.94670612345925, -1.289353576033757], [36.94852584591765, -1.288658014178998], [36.950366054852054, -1.287192028152607], [36.95225926813353, -1.285551263407907], [36.9554274930133, -1.284776616182962], [36.95657224670142, -1.28421877527498], [36.958955388640845, -1.282595681534094], [36.96162559984079, -1.282047452963663], [36.9636738096017, -1.282673683923574], [36.96660500956563, -1.286032718077896], [36.96732422697919, -1.288269536871091], [36.96899916319813, -1.28963256932077], [36.96990002531417, -1.289651801979443], [36.97373766925845, -1.289576050973978], [36.974750927642646, -1.289785778353993], [36.97668119218552, -1.295018025022179], [36.98023251651782, -1.304665964670925], [36.98039796956599, -1.305522706382387], [36.980054611544354, -1.305190156061794], [36.97764496568288, -1.29946416883927], [36.976072646282795, -1.296711369050728], [36.974907015235495, -1.294288216895922], [36.974042969090924, -1.293140266889075], [36.972197446237764, -1.292237272538457], [36.96949544910395, -1.292632458347688], [36.968615870818546, -1.29261368801921], [36.96692482536891, -1.291735179262818], [36.9650770773184, -1.289796436128173], [36.96437928415189, -1.288011635417147], [36.963826113522714, -1.28663591501052], [36.9621712036124, -1.285541971070978], [36.960140888788516, -1.285582042242837], [36.95899014271538, -1.286970186814971], [36.960254472389366, -1.28944523195837], [36.95950928243137, -1.291289995302174], [36.95761384541692, -1.291249532715612], [36.95603531165055, -1.288822038951365], [36.955152488247656, -1.288552117643464], [36.95267952083474, -1.289401819162346], [36.95090179340736, -1.291261113805568], [36.94936509274497, -1.292273353064693], [36.94817241827378, -1.29318270471287], [36.94542686072503, -1.294076940066776], [36.94414130386277, -1.293409059812718], [36.943544292714684, -1.292167917838095], [36.94242814130087, -1.289313048089116], [36.94147875736467, -1.286360243724432], [36.940833487683896, -1.284457832040367], [36.939178683128134, -1.281218345176855], [36.93829043748184, -1.279371805534778], [36.936406352570074, -1.276239113923788], [36.93582352859196, -1.274426465951277], [36.93548592559577, -1.273431149775771], [36.9337101600545, -1.270227947836372], [36.93238311408008, -1.269275551386917], [36.92855758106109, -1.270437323278954], [36.925923531147404, -1.274699192810949], [36.92449774904261, -1.276587214780412], [36.92362422616068, -1.277771245969738], [36.9226649361883, -1.279757266828292], [36.9213766445652, -1.282004445596506], [36.91992578531217, -1.285008152566122], [36.91909983883746, -1.28661862987335], [36.918204033710325, -1.289039053008831], [36.91721009726646, -1.290685642846104], [36.916338455411314, -1.292490183355587], [36.915319086000395, -1.292986893852669], [36.914289324680354, -1.293519734262459], [36.91397847721177, -1.294512205902585], [36.91453221543385, -1.295596272378829], [36.91680385544004, -1.297294051102587], [36.91727012998568, -1.300676093065533], [36.918822243158665, -1.303163917642022], [36.919682535316355, -1.304625269437375], [36.922200501666865, -1.307064206531041], [36.92394383611978, -1.310248459514797], [36.92449404831311, -1.310781397019283], [36.92831168468875, -1.311721468495642], [36.93081203110248, -1.313307467575652], [36.93178335801756, -1.316328654659426], [36.93146023185755, -1.317593300070578], [36.930322673949966, -1.319279320730044], [36.927425671330646, -1.321344100112757], [36.92689168559028, -1.321812492930436], [36.92807544716435, -1.323385365493522], [36.93030870149496, -1.325303304683979], [36.93335527131477, -1.327045122030468], [36.93418175178851, -1.327610002039501], [36.93473279122464, -1.328755573144557], [36.93468130114899, -1.331194493632321], [36.93410073396077, -1.33289697203997], [36.93057801197659, -1.335217247810737], [36.92903067325146, -1.335721149693898], [36.928146473811495, -1.336024914724189], [36.92578028807171, -1.337636267474614], [36.9239063028634, -1.338246548604854], [36.92253166036832, -1.339182676163688], [36.91893185200401, -1.342947199590904], [36.917727720805956, -1.343740279068155], [36.91497285546941, -1.344117536261672], [36.91339861179245, -1.343573708797946], [36.91065770062216, -1.342965687366514], [36.91016604515427, -1.34194350898986], [36.90896343526372, -1.339943729976826], [36.909565324270226, -1.336410361599339], [36.911537626433436, -1.33297045458123], [36.91313896939675, -1.331915729000087], [36.914660094077284, -1.330682038556463], [36.91558873014352, -1.328318226494962], [36.916128882025355, -1.327265123696072], [36.91755501503553, -1.325888358197491], [36.91914983461344, -1.323951343451579], [36.91879707671151, -1.321859298504668], [36.91822920096836, -1.321309241564543], [36.91715199080334, -1.320782130915835], [36.912698446998036, -1.320230598036201], [36.910781092256535, -1.320558089461355], [36.90764505920063, -1.323329973919843], [36.90505424362783, -1.325393741423826], [36.90361700989154, -1.326559404815458], [36.90308744363086, -1.327113193939288], [36.90155280253325, -1.329464710656099], [36.900946029522416, -1.330363964484196], [36.90006101766462, -1.331218313927514], [36.89892491539046, -1.332406407259831], [36.89858006389843, -1.336271763771452], [36.897907482421815, -1.338243956658574], [36.896598302365696, -1.339873392828807], [36.89038386163508, -1.341558964550152], [36.888013367248924, -1.343558255327496], [36.88503222306045, -1.345211409095726], [36.88248899052108, -1.346039570256692], [36.87995183557066, -1.345985237045457], [36.878181619172665, -1.344775283213378], [36.87674781511915, -1.343270688521203], [36.87627512303129, -1.342812805396751], [36.87349525060214, -1.342419750979388], [36.87082046279574, -1.341638119558753], [36.86839499071699, -1.340947292739792], [36.865245004421574, -1.339658130764693], [36.85938013838326, -1.33533875130154], [36.854402692365106, -1.332671581211547], [36.853306664874715, -1.332135219158961], [36.8507588337142, -1.330655377973244], [36.84620286537261, -1.328603051778309], [36.84110141326482, -1.329914132354008], [36.8366696730384, -1.330306846935188], [36.83377833573671, -1.33090022528822], [36.83049416649094, -1.331358698246755], [36.82709112378178, -1.331285773364985], [36.82323198202008, -1.328487151283571], [36.82070322591743, -1.327766877918787], [36.81987683228829, -1.327202001339949], [36.81928242844927, -1.325966133631195], [36.81828712554372, -1.323419781280916], [36.81799119716002, -1.322840395540588], [36.81735427765165, -1.32222339557225], [36.815540930014635, -1.321795459884132], [36.81315974526877, -1.322407417029247], [36.81074082948592, -1.324503391486598], [36.80992677395804, -1.324768456262859], [36.807760521028506, -1.325650585646083], [36.807777481563335, -1.326525206558393], [36.80927918668833, -1.326937627539201], [36.8112729619727, -1.326125747926588], [36.81213446988118, -1.325860725427545], [36.81421934762858, -1.328048606789753], [36.81569110729822, -1.32947431629409], [36.81611956997548, -1.330649497622877], [36.813012781512334, -1.332163063973447], [36.80844092255973, -1.332065064396057], [36.806909795494555, -1.332095145257116], [36.80318785403532, -1.333175617342075], [36.80160005661907, -1.33356368429983], [36.79961890503711, -1.333153421675198], [36.79830620854813, -1.331775846628763], [36.79753692692445, -1.330176296171548], [36.79694163551525, -1.329010710180117], [36.79510231578987, -1.328557671384887], [36.79376083009468, -1.328008604900464], [36.79210687629469, -1.32774133232162], [36.78929937278432, -1.328884533291254], [36.78756946356394, -1.329779484772074], [36.78498939270525, -1.33103641984338], [36.78210080865757, -1.330974478120932], [36.779559415981836, -1.328307455112073], [36.77755164219229, -1.328823398521319], [36.775878792249244, -1.328787534187589], [36.77433456234981, -1.328253989545419], [36.77339550364843, -1.325332478777729], [36.7738382437434, -1.323600211863223], [36.77543785047528, -1.322056174259242], [36.77600822586427, -1.320875597290355], [36.77596548990828, -1.31867132938457], [36.77463359305339, -1.316063438902422], [36.773563283121725, -1.313616140423409], [36.77245627966238, -1.311121336851153], [36.771658999868414, -1.308640983300633], [36.77018840298669, -1.305761540164645], [36.76953061649019, -1.303035283494577], [36.76896645576412, -1.301631862357845], [36.76816112068045, -1.300851727961154], [36.765168735681584, -1.300114687809965], [36.76274401086287, -1.299780134651279], [36.760416680495965, -1.300378231272587], [36.7579012347919, -1.302418211553978], [36.75316631200917, -1.303079157723502], [36.75165098393649, -1.303599669646621], [36.750667150326535, -1.304108656754173], [36.75005751963597, -1.304405651871209], [36.74729595993969, -1.304346436734685], [36.74419709328384, -1.304407288739008], [36.74150253063366, -1.304349518345143], [36.74040580293141, -1.304371055880146], [36.739733010916396, -1.305074565839345], [36.736682674497985, -1.305937511663948], [36.736115406237104, -1.305029874372107], [36.73854235134361, -1.303012896613982], [36.74060399934317, -1.301226512486767], [36.740964970140666, -1.299792148345896], [36.73881505777917, -1.297278696900087], [36.736214947271705, -1.294759863887761], [36.733895540532686, -1.294058942528751], [36.73073552418981, -1.29459850610562], [36.72852679198366, -1.294862289008984], [36.7261757035267, -1.29425358497809], [36.7250363855173, -1.293474792982539], [36.72397537279286, -1.292955522493356], [36.722532870413, -1.291441700492356], [36.72211727653583, -1.289677177872486], [36.72292633891908, -1.288896205014162], [36.72319089529782, -1.288348608739528], [36.72433937225706, -1.287789094318494], [36.725633741093176, -1.286435574991279], [36.725600515298716, -1.284722078206918], [36.72427231994705, -1.284286969675031], [36.7234695844048, -1.284009617965511], [36.72130879199023, -1.283741906826097], [36.72103656786746, -1.283456224951771], [36.7182312622457, -1.282765241144721], [36.71727383031185, -1.282079169063824], [36.71788142278498, -1.280894672595348], [36.720809315256865, -1.280322100717513], [36.724328987077726, -1.279947776250474], [36.726431712897, -1.280492159669775], [36.726703471810715, -1.280486823993829], [36.72761387991217, -1.280506333256784], [36.73196379141855, -1.282766641225997], [36.73530116031481, -1.281039999493932], [36.737282790650255, -1.280763364617603], [36.737885679928766, -1.280776290422394], [36.738719050606505, -1.280759915010052], [36.74152281037812, -1.278330414256184], [36.74314613415508, -1.276981249117047], [36.74341044878475, -1.276694161919444], [36.74200551959365, -1.276006611654422], [36.74044734264346, -1.275622832941616], [36.738458777511845, -1.274754777620072], [36.73684603553017, -1.27306234954191], [36.73641466894609, -1.271274554118988], [36.73589106393283, -1.270249343007728], [36.73386759635845, -1.267883795016621], [36.73106480402568, -1.26620583878491], [36.7307506241089, -1.265552588267693], [36.73076197836611, -1.265015594798661], [36.73146677241901, -1.264335241941433], [36.73824293617437, -1.264805615571], [36.739311767751424, -1.264252612751346], [36.74073255926095, -1.263690026439142], [36.742614069109635, -1.262872625287251], [36.74403324958384, -1.262310670392137], [36.745366507612204, -1.262339221817401], [36.74746429514877, -1.262882291350963], [36.74887475645345, -1.263149299641852], [36.75123717905834, -1.262337735470465], [36.754042636892784, -1.262074397786169], [36.75638214372251, -1.263864333233353], [36.758335080203786, -1.264820047139784], [36.76076262987472, -1.265417919511057], [36.76264771710452, -1.26618942012723], [36.76390773139395, -1.267791845136046], [36.7638959628025, -1.268348573975799], [36.76329078213252, -1.269528458590698], [36.76096138489384, -1.271263286203484], [36.760574203333476, -1.271668181672576], [36.760677590073314, -1.276993971713935], [36.76065382119896, -1.278118169570514], [36.761345788418225, -1.282913415069784], [36.76090747986562, -1.284628507599481], [36.759346924903774, -1.286941265626063], [36.759033570571994, -1.289278852408019], [36.75958688537636, -1.290821978403097], [36.76023731540698, -1.290141825089663], [36.7608941436542, -1.289507777663272], [36.76307558449964, -1.289203240007355], [36.76414314023595, -1.288650912925073], [36.765504507389416, -1.287987646696806], [36.76632593340944, -1.287562668333007], [36.76716749950882, -1.287580700589711], [36.770348248764144, -1.286763231392784], [36.77102419228946, -1.286777706190729], [36.77355107008217, -1.286728032827484], [36.776500643145695, -1.284172139085557], [36.77790130762385, -1.283249629656075], [36.780322978541825, -1.281076611181924], [36.78123118103707, -1.280478437696931], [36.78229152122283, -1.279961822583866], [36.78441001810113, -1.280007185576941], [36.78553368150393, -1.280591031584074], [36.78710190458314, -1.28108251468541], [36.788758734829216, -1.280513342678075], [36.78867070859494, -1.275980442036201], [36.78896110016394, -1.274559654432679], [36.79103021963271, -1.273196832621646], [36.79245839086894, -1.273227397348207], [36.792989554992026, -1.273216946335592], [36.794029219534906, -1.273757145083017], [36.795699170056785, -1.274304152855342], [36.796291310088044, -1.274925526841882], [36.79622142144141, -1.278233355236127], [36.79487396506111, -1.281360476767585], [36.79460893970985, -1.282471968867118], [36.79578335930763, -1.284219007072873], [36.79843759158216, -1.285736631679678], [36.79999509271822, -1.286246812973331], [36.8029529356447, -1.287339677617447], [36.80408941386953, -1.287711948611729], [36.807236367797024, -1.287066055114344], [36.807536869671765, -1.287072481528123], [36.80790267877148, -1.28706529094506], [36.81105491904446, -1.285434322205971], [36.811009461095004, -1.283093596792155], [36.81131632567771, -1.282193760010929], [36.81158159910253, -1.280784714179344], [36.81104445171859, -1.278667680807691], [36.810556563468616, -1.276645851029037], [36.809101176098764, -1.274225694263451], [36.803140717051114, -1.272945212713616], [36.80162052044942, -1.272975137034854], [36.80067739664434, -1.272954951136255], [36.80025085134952, -1.272963350040654], [36.7985284204475, -1.272368310667978], [36.79785205480993, -1.271328047039354], [36.796390155428504, -1.270452903662693], [36.792975653123925, -1.269970152531054], [36.791225416846615, -1.269060753189324], [36.78971023460133, -1.268025120130025], [36.78873343445479, -1.267000098382375], [36.78814976273433, -1.266714476995727], [36.78761646088523, -1.26643737444598], [36.78677219782576, -1.266160832402535], [36.78600058943191, -1.265351128056784], [36.785002123958755, -1.264383945439653], [36.78290566789243, -1.260487576321988], [36.78004867482311, -1.258777263839165], [36.78036788550638, -1.255969956891337], [36.78206320770435, -1.255589482164306], [36.78315679783129, -1.257271431737641], [36.78418413103651, -1.25691849341655], [36.786337805226545, -1.25639200724866], [36.788463905488214, -1.255291919044516], [36.78950807632677, -1.25369189639082], [36.79035163301951, -1.252574935172378], [36.792244769622975, -1.251652498742732], [36.79600381416706, -1.252351840621301], [36.797033562730476, -1.252331556552288], [36.79896866145898, -1.253123486101433], [36.80083125089221, -1.253430279683194], [36.802442425820985, -1.253708288399293], [36.804872802904335, -1.253976129200546], [36.80702291833065, -1.254254591492592], [36.809306925162694, -1.254522306337775], [36.81440315083537, -1.252974832271932], [36.81918133716097, -1.253727370908537], [36.81996058314408, -1.253712016582456], [36.820554232949476, -1.253724706197399], [36.82265213127445, -1.254267730284231], [36.82373518904951, -1.254534428770665], [36.82642382852201, -1.255355773692728], [36.828930310614304, -1.255850437047624], [36.83021914881328, -1.256731331881127], [36.83089848925524, -1.258143659095539], [36.83033071642014, -1.259808683611461], [36.826146940010716, -1.26430042618063], [36.82561245145558, -1.265427405580061], [36.82674536485056, -1.266524794839533], [36.829464925844356, -1.266471235863159], [36.83320950705072, -1.265508696805168], [36.836613437303676, -1.262835046189908], [36.83747177827913, -1.262416812132467], [36.83881443101636, -1.261598834530372], [36.842612167475814, -1.259492600790105], [36.843941849177824, -1.259167523681372], [36.845014581726055, -1.258891761883987], [36.84644358665605, -1.258612214835455], [36.847442770233535, -1.25863357263937], [36.84860659739513, -1.258610635089814], [36.8496689040029, -1.257170770433264], [36.851755905841976, -1.253472837672984], [36.85231482569758, -1.252644398473537], [36.854996552736736, -1.251582354211125], [36.85866918156809, -1.249261194275659], [36.860282893509144, -1.246401854412592], [36.86149738519316, -1.245601836022069], [36.86200281730479, -1.2450732101223], [36.86358276995835, -1.244032462220197], [36.865508198243376, -1.242363782690216], [36.86750063052473, -1.240943593687519], [36.86849585284211, -1.239902699869997], [36.8684706538754, -1.238608629212628], [36.86666953048847, -1.236445582787801], [36.864424676085264, -1.236130074875443], [36.86363633952251, -1.237762228393786], [36.862788427136586, -1.239415595772441], [36.86108029174836, -1.240247971752519], [36.85994051559772, -1.239854273780729], [36.85916901775789, -1.238250408289114], [36.85986830213351, -1.235825687076181], [36.86042332377366, -1.235289831586514], [36.86200721559183, -1.232862527632269], [36.86283246240621, -1.23206578294851], [36.86461511208088, -1.230201284023753], [36.86605862428944, -1.227989106680728], [36.8673869865411, -1.226230007566261], [36.86770794743284, -1.224582172200995], [36.86767311010273, -1.222793652710951], [36.86625027415793, -1.221415532040137], [36.865222127844895, -1.22176882284256], [36.86411358044867, -1.224063999944211], [36.86188046227085, -1.22622004763991], [36.86121971306536, -1.226911148389138], [36.86066955166369, -1.227442313998131], [36.86015130587786, -1.22798436039864], [36.85936274861263, -1.2282549440987], [36.858250560527004, -1.226328967725018], [36.859125849486176, -1.22462216710207], [36.86108615180537, -1.22202622678655], [36.86191870101431, -1.220302474963104], [36.86290182867852, -1.219823376690456], [36.86445090332152, -1.219856436708599], [36.864722767208626, -1.219851066784727], [36.865839244539764, -1.220236697366175], [36.865663648493694, -1.219719022322604]], [[36.91649730148077, -1.341002330192949], [36.91662458793388, -1.340859188648399], [36.91769957373518, -1.339894156270206], [36.920528941147566, -1.335836992464402], [36.9239360854927, -1.335199938830353], [36.92606337942784, -1.334628442502168], [36.92949441762956, -1.33243453275837], [36.93115037950873, -1.330572350165342], [36.930627697899, -1.32860162817745], [36.92650290463558, -1.326895219856353], [36.92365571457098, -1.327063598097086], [36.92133444924934, -1.328505188137751], [36.920152320820065, -1.330027947623789], [36.919867444950334, -1.33028368023136], [36.919358288292365, -1.330856235006108], [36.91829993714571, -1.331806373451026], [36.91690117277527, -1.332451061510952], [36.91598636946433, -1.332950376547355], [36.91422393313195, -1.334932279056588], [36.912877917033484, -1.337254621226071], [36.913721817826335, -1.339628087751269], [36.9150261127524, -1.340803004993359], [36.91649730148077, -1.341002330192949]], [[36.79498759111718, -1.308891703901793], [36.79511486976002, -1.308748577361559], [36.7959389085802, -1.30822213698636], [36.79748372443023, -1.307138091115041], [36.79862893469956, -1.305329281250332], [36.79939755518418, -1.302831815122811], [36.798556001117596, -1.301616973707837], [36.79688590631323, -1.300843704445038], [36.7950857342899, -1.3009501177744], [36.78954297333561, -1.303474300620178], [36.78920490163202, -1.305057622261447], [36.790881942220395, -1.307478571837534], [36.79278753087761, -1.308700728929386], [36.79498759111718, -1.308891703901793]], [[36.88317642372403, -1.223801426791763], [36.883565174951684, -1.222738523501397], [36.88296483033754, -1.221653504465979], [36.8810185749596, -1.221809353264067], [36.88062748922731, -1.222410200047034], [36.88128920937688, -1.223606154299739], [36.88317642372403, -1.223801426791763]], [[36.892598613720544, -1.236014404952319], [36.892725884804676, -1.235871258112304], [36.89396978407052, -1.23558101949145], [36.895421552585915, -1.234788473996754], [36.90001832369032, -1.234264927887713], [36.90108131278646, -1.233979274152698], [36.90325253900978, -1.233725026319701], [36.90527998955944, -1.233416254325858], [36.90621668907776, -1.233473192135371], [36.90952221166295, -1.234940682355073], [36.91253934568915, -1.234129905010114], [36.914398271566434, -1.233115085871229], [36.91525538933772, -1.232151075941386], [36.91563688216658, -1.229550697953529], [36.91500834267914, -1.227783212194531], [36.913332112004554, -1.226273416287515], [36.910941225180615, -1.225711537754449], [36.90654424154339, -1.225971842277273], [36.903133253197595, -1.225049460341823], [36.90120676616741, -1.225743482346687], [36.899017180758584, -1.228775193881191], [36.89714139111576, -1.2291260484709], [36.895978863615355, -1.230735670167711], [36.89442255754809, -1.232574085700453], [36.890909036948564, -1.234500934390313], [36.89058522550794, -1.235839806695316], [36.892598613720544, -1.236014404952319]], [[36.917136068255, -1.217318486646109], [36.91726090504245, -1.217172878649398], [36.91739607785131, -1.215495742470171], [36.91601627069463, -1.213719582481096], [36.91447707588186, -1.21339356199699], [36.91370211330293, -1.21429750523442], [36.91380045499986, -1.215541268282179], [36.91501023879938, -1.217098558794343], [36.917136068255, -1.217318486646109]], [[36.881841720324154, -1.207526466924016], [36.88208649171111, -1.207230338629219], [36.88351788652405, -1.206808778293081], [36.88462207304277, -1.205472954795877], [36.88348483954259, -1.204024353733192], [36.88176662810893, -1.204199271857031], [36.88028072344774, -1.205054303019389], [36.879294802392145, -1.20670040250826], [36.88010926494571, -1.207382439278633], [36.881841720324154, -1.207526466924016]], [[36.872406904727036, -1.211587498664508], [36.87252929075819, -1.211439436197631], [36.87495103393859, -1.210384582984182], [36.875226862410706, -1.20782076272778], [36.87398600126256, -1.20608250642175], [36.87147769331662, -1.206642464488407], [36.86964383945953, -1.207803594567987], [36.868665455143315, -1.20918740958459], [36.868792511135986, -1.210451915747777], [36.871623645108095, -1.211290560976765], [36.872406904727036, -1.211587498664508]], [[36.87482326071566, -1.222981085279152], [36.87516660422934, -1.221578915875273], [36.874195047938734, -1.220971193243789], [36.87316565887656, -1.221644707481894], [36.873434363361866, -1.222855615610881], [36.87482326071566, -1.222981085279152]], [[36.752445542269605, -1.270342140373482], [36.75256306145486, -1.270189183863668], [36.75401006268656, -1.269375501113387], [36.754720793598636, -1.267808835703164], [36.75331203427058, -1.266712434833801], [36.75177212002106, -1.266279390449461], [36.75055848367274, -1.266758373356467], [36.750174582659604, -1.267910248202845], [36.75183685706204, -1.270170968368454], [36.752445542269605, -1.270342140373482]], [[36.74812996158574, -1.275220088000707], [36.748247481405016, -1.275067132545353], [36.74855183156053, -1.274831103882666], [36.74857611445069, -1.274017503239331], [36.74664221663753, -1.274780730863733], [36.74639594008547, -1.27508191375003], [36.74812996158574, -1.275220088000707]], [[36.747031890402745, -1.298271718051008], [36.74771479072462, -1.297329577939976], [36.74768317461837, -1.296787516062061], [36.748000254099104, -1.296502886886282], [36.747963777202855, -1.295877582938193], [36.74742738689503, -1.294881984275573], [36.747717410976854, -1.294345945842635], [36.74762083319898, -1.292690426671952], [36.75005551532459, -1.290915365810681], [36.75212599358437, -1.290273893406804], [36.75309520462829, -1.289184046422032], [36.75409216211959, -1.288289103562239], [36.75511964988372, -1.287133720661313], [36.75592030721909, -1.285382010474976], [36.756811878800086, -1.283734117758404], [36.757412923505434, -1.281938203616514], [36.75600889328856, -1.278532256193172], [36.754459314310516, -1.278623846853768], [36.75395338665867, -1.27859304259631], [36.75284842276553, -1.278990993627025], [36.75028249335026, -1.278834793811938], [36.74885081483951, -1.278919407931234], [36.74451849964805, -1.281283934855039], [36.743620520820755, -1.281914061068112], [36.74314579571986, -1.282952703979179], [36.74250374475657, -1.284139380808125], [36.74124157455241, -1.286190221512463], [36.74098633714224, -1.287260408169515], [36.743083815112904, -1.289746495607551], [36.74344316882469, -1.291307270954627], [36.7433678391896, -1.29256060594133], [36.742807568804686, -1.293596114390027], [36.74287459194295, -1.294745076469874], [36.74371413370504, -1.296303337189897], [36.74553851276446, -1.297473451464736], [36.74636618622061, -1.297856679388147], [36.747031890402745, -1.298271718051008]], [[36.759160325928526, -1.295299267905836], [36.75940024417812, -1.294998269303473], [36.76079878636377, -1.293873118142663], [36.76030688308046, -1.291684605975697], [36.75825619212942, -1.292573418724688], [36.75690369861213, -1.292402876296766], [36.75661622435324, -1.294277675993787], [36.757702433332334, -1.295154717422142], [36.759160325928526, -1.295299267905836]], [[36.77047592837279, -1.297479007636924], [36.77060564481806, -1.297338344079777], [36.77093000335006, -1.297036407485041], [36.77250288719956, -1.296536737103411], [36.77303178584108, -1.296255647794569], [36.77358122505028, -1.295995268179555], [36.77441064207544, -1.295421911083822], [36.77436809591155, -1.294316987067541], [36.77249019606597, -1.293422955350504], [36.770719339008494, -1.292477835912151], [36.76804718334563, -1.293038056867403], [36.76652509534643, -1.293846972392483], [36.76657726260117, -1.295202004237266], [36.76903192678533, -1.297017466638192], [36.77047592837279, -1.297479007636924]], [[36.795248260569615, -1.318926923429199], [36.795395736305395, -1.318767013721694], [36.797784150917224, -1.318008283142209], [36.798882556046806, -1.317162089705579], [36.80083957514212, -1.316234633093347], [36.80247577800792, -1.315103591035833], [36.80537987194993, -1.314410075445617], [36.80616139621976, -1.313682547361798], [36.80551676252818, -1.312639831692647], [36.80381034076871, -1.311045698775341], [36.80322481775791, -1.309929637917038], [36.80320078887697, -1.309305786946868], [36.80330530047221, -1.30670971416754], [36.80270596810853, -1.306057546501858], [36.80114208327382, -1.305993778292708], [36.799270840789816, -1.308904728846234], [36.798466572500445, -1.309776830744584], [36.79682876554763, -1.310647233214538], [36.79338864850644, -1.310781414082904], [36.79078463253033, -1.309949102268736], [36.78691698026659, -1.307126817705253], [36.78518451410216, -1.307492753162985], [36.783530327594825, -1.308469549959314], [36.78314761160855, -1.312452346127454], [36.781968836963166, -1.31307878958536], [36.780531158341944, -1.312747642485707], [36.77977760609874, -1.312043675588214], [36.77975327093834, -1.311411457906453], [36.78057453075409, -1.310646954099138], [36.7808339681229, -1.310365642877351], [36.78119534363567, -1.31002923288613], [36.78060621512836, -1.308769959711755], [36.77852988513504, -1.307661787697441], [36.77573344052999, -1.308023107037448], [36.775710076131304, -1.30860335211204], [36.77573618013101, -1.309281406243113], [36.775714168799546, -1.309828115139062], [36.776531555087125, -1.311717864146618], [36.77678929703389, -1.313355699194756], [36.77706809465743, -1.314430469749562], [36.7775648551776, -1.316537779034865], [36.77826735828638, -1.317634864531405], [36.77957858814861, -1.318098729229769], [36.7811780200226, -1.317590646307511], [36.783342598152075, -1.31582087407938], [36.78752315305164, -1.315657849367109], [36.78976714094441, -1.316726187894448], [36.792162610696685, -1.318767257170629], [36.795248260569615, -1.318926923429199]], [[36.787426851776665, -1.326513940052342], [36.78754193983299, -1.326358522413489], [36.788120661190646, -1.326127656667687], [36.78934380655803, -1.325124083379914], [36.78970037833886, -1.323357716252381], [36.788687987923765, -1.32104880119565], [36.78779716588899, -1.320703075054992], [36.78592786159725, -1.321533350070131], [36.78515863138929, -1.323696164362551], [36.78542748876977, -1.325276363922396], [36.786244174319016, -1.326370778976655], [36.787426851776665, -1.326513940052342]], [[36.80305390381045, -1.329240131211977], [36.8037433182785, -1.328306485315901], [36.804333706573594, -1.327330156893531], [36.8042169630877, -1.326378622634961], [36.79981457251959, -1.325603496316065], [36.79817914252271, -1.326803618901912], [36.79781450115722, -1.328729550704127], [36.80042787601521, -1.329114766713693], [36.80305390381045, -1.329240131211977]]]]}}, {"type": "Feature", "properties": {"Id": 155, "gridcode": 3}, "geometry": {"type": "MultiPolygon", "coordinates": [[[[36.75183326451626, -1.35251759238437], [36.75137496209182, -1.352398759836255], [36.75107586424663, -1.35105007353616], [36.751527708501875, -1.351314601006157], [36.75183326451626, -1.35251759238437]]]]}}, {"type": "Feature", "properties": {"Id": 156, "gridcode": 3}, "geometry": {"type": "MultiPolygon", "coordinates": [[[[36.75318010637137, -1.353061264222661], [36.75257885743387, -1.352938524206826], [36.75231924104952, -1.352402222715234], [36.75308674349851, -1.352025855701939], [36.75318010637137, -1.353061264222661]]]]}}, {"type": "Feature", "properties": {"Id": 157, "gridcode": 3}, "geometry": {"type": "MultiPolygon", "coordinates": [[[[36.745365042812246, -1.353596377652349], [36.744412000236345, -1.353469963006908], [36.74389338491215, -1.353178109318841], [36.74295547687385, -1.352755838394222], [36.74200826920445, -1.351932957402731], [36.74226679315511, -1.349311320564511], [36.74360966534613, -1.346894181054405], [36.74324477182969, -1.345368090769489], [36.740848358930144, -1.345050256791629], [36.74013011339382, -1.343139974536803], [36.738258695657024, -1.341680072779677], [36.73820882563406, -1.341048080335325], [36.738983772145964, -1.33980540112387], [36.74282768612523, -1.340252510239388], [36.744879239886195, -1.341038253467573], [36.74576981378106, -1.342080553469739], [36.74605909841332, -1.342331866902446], [36.746745966178146, -1.343135762553765], [36.74768971572167, -1.343422693652352], [36.74967304517421, -1.345145667691182], [36.75037793975947, -1.34614820416747], [36.750772726632434, -1.351151179357275], [36.749133549712, -1.351885505951433], [36.74766615503011, -1.352930593842555], [36.745516262984495, -1.353420046188532], [36.745365042812246, -1.353596377652349]]]]}}, {"type": "Feature", "properties": {"Id": 158, "gridcode": 3}, "geometry": {"type": "MultiPolygon", "coordinates": [[[[36.732969361994655, -1.353855946957868], [36.732131930885146, -1.35363881094927], [36.73259069824874, -1.352931205268133], [36.73299501406226, -1.351846768573195], [36.733889411082956, -1.352141441524576], [36.733647889750124, -1.35330148068548], [36.73307956909402, -1.353695619067308], [36.732969361994655, -1.353855946957868]]]]}}, {"type": "Feature", "properties": {"Id": 159, "gridcode": 5}, "geometry": {"type": "MultiPolygon", "coordinates": [[[[36.90624255679845, -1.357267661882178], [36.90475285502937, -1.357138377162977], [36.90395977952587, -1.356851186523947], [36.903051625760924, -1.356568083902804], [36.90100224190126, -1.356689214867322], [36.900105135125855, -1.357178835387413], [36.89889640079223, -1.357105268410515], [36.8970892514074, -1.35506608777852], [36.89722624361241, -1.352786245218546], [36.90007926867752, -1.349638875132028], [36.90127133960517, -1.349269529146622], [36.90274944490422, -1.348737182574805], [36.904379385594176, -1.349630457753278], [36.90583503325708, -1.352257079973246], [36.907280926793796, -1.354615590722404], [36.90717354375565, -1.356403064622837], [36.90636984533415, -1.357124523162109], [36.90624255679845, -1.357267661882178]]]]}}, {"type": "Feature", "properties": {"Id": 160, "gridcode": 2}, "geometry": {"type": "MultiPolygon", "coordinates": [[[[36.71894477797592, -1.367131581925694], [36.71867531445218, -1.367131324168221], [36.71867557054767, -1.36686012287678], [36.71894503404123, -1.366860380583103], [36.71894477797592, -1.367131581925694]]]]}}, {"type": "Feature", "properties": {"Id": 161, "gridcode": 2}, "geometry": {"type": "MultiPolygon", "coordinates": [[[[36.72002237658393, -1.367403814198227], [36.719752912826635, -1.36740355651116], [36.719753168852215, -1.367132355015815], [36.720022632579315, -1.367132612651757], [36.72002237658393, -1.367403814198227]]]]}}, {"type": "Feature", "properties": {"Id": 162, "gridcode": 3}, "geometry": {"type": "MultiPolygon", "coordinates": [[[[36.75855621425235, -1.367440350548043], [36.75615801481466, -1.367236343715748], [36.7554484009931, -1.366227069800175], [36.75482613735318, -1.364820021566086], [36.75386504795021, -1.36308251845779], [36.75382605755741, -1.362588334751993], [36.75418444447702, -1.360621335543573], [36.75611480008659, -1.359503613956499], [36.75755181151855, -1.357828061629476], [36.75958565173477, -1.35766548660163], [36.76005698757381, -1.358074958421538], [36.76030614035592, -1.358366562177566], [36.7620455760017, -1.35978884077422], [36.76290537835437, -1.361011709709832], [36.7635360398488, -1.362437723479057], [36.76407408558355, -1.363410420988097], [36.76356898260359, -1.365279301123459], [36.76113383792917, -1.366014701304504], [36.75951988833034, -1.366919016335018], [36.758681060374144, -1.367294782431474], [36.75855621425235, -1.367440350548043]]]]}}, {"type": "Feature", "properties": {"Id": 163, "gridcode": 2}, "geometry": {"type": "MultiPolygon", "coordinates": [[[[36.72056104826516, -1.367675531129237], [36.720022120537706, -1.367675015744035], [36.72002237658393, -1.367403814198227], [36.72056130425098, -1.367404329481194], [36.72056104826516, -1.367675531129237]]]]}}, {"type": "Feature", "properties": {"Id": 164, "gridcode": 2}, "geometry": {"type": "MultiPolygon", "coordinates": [[[[36.73187781296342, -1.368499937497152], [36.72962676558897, -1.368364442782871], [36.72825596834578, -1.367392736711806], [36.730091173793, -1.365943369306698], [36.73140114460959, -1.365780640952405], [36.73215808171997, -1.367768165156501], [36.73187781296342, -1.368499937497152]]]]}}, {"type": "Feature", "properties": {"Id": 165, "gridcode": 2}, "geometry": {"type": "MultiPolygon", "coordinates": [[[[36.78792785360282, -1.368552639463397], [36.78759938266874, -1.368459485233772], [36.78783591065734, -1.36822187905264], [36.78792785360282, -1.368552639463397]]]]}}, {"type": "Feature", "properties": {"Id": 166, "gridcode": 2}, "geometry": {"type": "MultiPolygon", "coordinates": [[[[36.78792785360282, -1.368552639463397], [36.78886537323256, -1.36910851980697], [36.78810370367614, -1.369484324550061], [36.78792785360282, -1.368552639463397]]]]}}, {"type": "Feature", "properties": {"Id": 167, "gridcode": 5}, "geometry": {"type": "MultiPolygon", "coordinates": [[[[36.91189076451357, -1.370291936227745], [36.91043196364442, -1.370022796470571], [36.910275652643364, -1.368120627643443], [36.91061213457443, -1.368382490961726], [36.911504472561546, -1.369596040344402], [36.91189076451357, -1.370291936227745]]]]}}, {"type": "Feature", "properties": {"Id": 168, "gridcode": 2}, "geometry": {"type": "MultiPolygon", "coordinates": [[[[36.783882469361494, -1.372074658190963], [36.78349587577432, -1.371773767610962], [36.784131164858636, -1.371439679805419], [36.783882469361494, -1.372074658190963]]]]}}, {"type": "Feature", "properties": {"Id": 169, "gridcode": 2}, "geometry": {"type": "MultiPolygon", "coordinates": [[[[36.727022311845126, -1.373919372163644], [36.72633166830797, -1.373529369404569], [36.72609744324474, -1.372951812532572], [36.7256353298113, -1.372592122228313], [36.724296867302556, -1.370803922414685], [36.72337037079513, -1.370543304476039], [36.72264918737312, -1.369601086718349], [36.72175632526773, -1.36973301944729], [36.72152012777983, -1.369150596143152], [36.721216192240284, -1.368914029823907], [36.72056104826516, -1.367675531129237], [36.72119334870899, -1.367867784633491], [36.72417914128632, -1.369753959186252], [36.72519842541605, -1.370639487578857], [36.726070818534424, -1.372165722307492], [36.726897993375225, -1.373502367733678], [36.727022311845126, -1.373919372163644]]]]}}, {"type": "Feature", "properties": {"Id": 170, "gridcode": 4}, "geometry": {"type": "MultiPolygon", "coordinates": [[[[36.909742746629156, -1.361068017678805], [36.908964351699666, -1.361912070709951], [36.90714501569714, -1.363605688248739], [36.90980057428361, -1.367305674508493], [36.910275652643364, -1.368120627643443], [36.91043196364442, -1.370022796470571], [36.91189076451357, -1.370291936227745], [36.91206102755226, -1.370424442628311], [36.91415791686234, -1.373257020111745], [36.91431320003595, -1.373820142220266], [36.91180330220148, -1.373993202700005], [36.91050144855448, -1.373940107336381], [36.90738833303191, -1.372838862523873], [36.90668973604193, -1.372078707461254], [36.90503668943811, -1.369243085583671], [36.90242025989214, -1.366798922607031], [36.90112538502149, -1.365389892571353], [36.89911291617795, -1.363509943880744], [36.89640934858326, -1.359288161020303], [36.894783751328944, -1.357398429462549], [36.893815395893384, -1.355886311398038], [36.89309526949991, -1.353590129784295], [36.89318763447671, -1.351295123143109], [36.89413822213668, -1.348573055378402], [36.896624659407216, -1.346960115979226], [36.898847464981394, -1.34424250110896], [36.901961801738906, -1.343253096842952], [36.904095411576556, -1.343340048740672], [36.90530638574714, -1.3430218162715], [36.9076956170767, -1.342736151884963], [36.90873190156226, -1.343102710058135], [36.90919460690044, -1.345553289958312], [36.907676766746995, -1.347427090268511], [36.90775383094216, -1.349427439191674], [36.910500469850376, -1.352704369866019], [36.911069524648596, -1.354518806898255], [36.910948295584916, -1.357531423166422], [36.909873651954086, -1.359571167175395], [36.90956768644556, -1.36022220518293], [36.909742746629156, -1.361068017678805]], [[36.90624255679845, -1.357267661882178], [36.90636984533415, -1.357124523162109], [36.90717354375565, -1.356403064622837], [36.907280926793796, -1.354615590722404], [36.90583503325708, -1.352257079973246], [36.904379385594176, -1.349630457753278], [36.90274944490422, -1.348737182574805], [36.90127133960517, -1.349269529146622], [36.90007926867752, -1.349638875132028], [36.89722624361241, -1.352786245218546], [36.8970892514074, -1.35506608777852], [36.89889640079223, -1.357105268410515], [36.900105135125855, -1.357178835387413], [36.90100224190126, -1.356689214867322], [36.903051625760924, -1.356568083902804], [36.90395977952587, -1.356851186523947], [36.90475285502937, -1.357138377162977], [36.90624255679845, -1.357267661882178]]]]}}, {"type": "Feature", "properties": {"Id": 171, "gridcode": 2}, "geometry": {"type": "MultiPolygon", "coordinates": [[[[36.727291521252205, -1.374190833161327], [36.72702205536798, -1.374190575020681], [36.727022311845126, -1.373919372163644], [36.727291777699016, -1.373919630253327], [36.727291521252205, -1.374190833161327]]]]}}, {"type": "Feature", "properties": {"Id": 172, "gridcode": 2}, "geometry": {"type": "MultiPolygon", "coordinates": [[[[36.75720178842693, -1.375032922504259], [36.75559506784647, -1.374862873556601], [36.75465003359522, -1.374344855726965], [36.7534936781176, -1.373809389699871], [36.75259309115102, -1.372793030277228], [36.751629800325944, -1.371265465993532], [36.75115172767599, -1.369188596889731], [36.75057867394425, -1.367576469704908], [36.749118410411086, -1.365781802899121], [36.74744940029759, -1.36526136982251], [36.7455986402953, -1.365927757697662], [36.74391199240537, -1.36711113564778], [36.7421645692447, -1.367004651160183], [36.7410342593649, -1.366385074818974], [36.73885043381375, -1.363561686121354], [36.73815117080644, -1.362931677669701], [36.734643613220655, -1.361455041142715], [36.73414628045536, -1.359828684589467], [36.73300058151178, -1.359093807337099], [36.73201448825428, -1.359152019068259], [36.73175968233468, -1.358864451515576], [36.72874229432861, -1.358545104740602], [36.728258414361164, -1.356962715381843], [36.72723022527254, -1.355624796090932], [36.72686221432009, -1.352437149622374], [36.72597204634928, -1.350784759616736], [36.72458967751223, -1.349539307856495], [36.723910306781356, -1.348772600103629], [36.72400838832205, -1.347142017406528], [36.725034430448794, -1.346669221447484], [36.72664526355956, -1.345669051015649], [36.72800002689086, -1.345044786291428], [36.728254812257006, -1.344528109841019], [36.72640849001488, -1.342258976942126], [36.72491469821028, -1.338645734734276], [36.72404252181154, -1.337859965086889], [36.723695754984426, -1.337331537812774], [36.7248578678796, -1.336288432387884], [36.72619758066857, -1.336370045738454], [36.7271570068902, -1.337452806126229], [36.727999500102605, -1.337403055380911], [36.72919960840253, -1.33747616237865], [36.73014707685969, -1.33799550019995], [36.73163740671886, -1.33852403426541], [36.733092651595676, -1.336887834105756], [36.73338352094047, -1.334841954854816], [36.7314915453172, -1.333137393313161], [36.727457190045754, -1.332840131104865], [36.72639476331743, -1.332552678977588], [36.72482965874584, -1.332257161733251], [36.72341463139346, -1.329805770175237], [36.72261720964463, -1.329852850839578], [36.72234776434539, -1.329836444920554], [36.72184603516603, -1.329866071859808], [36.721545453793176, -1.331478620973798], [36.721225769121084, -1.332977781007416], [36.71768617476719, -1.332762141059563], [36.71576534736675, -1.333278003859688], [36.71333366733103, -1.332397275620041], [36.70924993396501, -1.331965104548788], [36.7078373282703, -1.330370915162215], [36.7074916807343, -1.328497438344967], [36.70671482396802, -1.326311988655225], [36.706420325249994, -1.325032670926898], [36.70428475317363, -1.323469762896169], [36.70326176033301, -1.321847543052326], [36.702866436826405, -1.320554793656055], [36.70329239513064, -1.319363431909722], [36.70390103435901, -1.318986994101346], [36.70824507295631, -1.320162295556389], [36.711567914052836, -1.319720753473901], [36.7123806451307, -1.318437194061725], [36.712767357051234, -1.318090076136452], [36.71374381441587, -1.317640114359122], [36.714712511083086, -1.317111469011774], [36.71696438362004, -1.315187014632438], [36.7179950115956, -1.314528631437051], [36.720243823451526, -1.314665621867328], [36.72171013904053, -1.317888869501768], [36.72111166035027, -1.32012965851185], [36.72046141207083, -1.321699080058605], [36.72020605074042, -1.322857841579953], [36.7212824685107, -1.324411859808194], [36.72194641623724, -1.325871378143469], [36.72295766334922, -1.326339635763223], [36.723481883988846, -1.326308670830363], [36.72409722227797, -1.325616816453356], [36.72477053566856, -1.324143883416001], [36.72507853110885, -1.323574681793014], [36.7292158038857, -1.322807230946559], [36.7335778512632, -1.324111683205647], [36.735563886788654, -1.324425038485383], [36.737276530126074, -1.324794968290219], [36.738886136554996, -1.327031508859545], [36.74062912448355, -1.325594864428227], [36.74191781651633, -1.325259755138522], [36.7444397547974, -1.325804481626754], [36.747123004586086, -1.326062886281178], [36.75090740370029, -1.32525272802571], [36.75307851955509, -1.324998765924759], [36.75494987195321, -1.324714003518582], [36.75967453255485, -1.324462361650453], [36.76090637718993, -1.325852487853472], [36.76087081332961, -1.326443988242625], [36.760336755639145, -1.327431005962743], [36.75981088410723, -1.329762837304802], [36.7607923966655, -1.329227191293935], [36.76141389143199, -1.328245616856283], [36.76250813072522, -1.326905827513873], [36.76341861610951, -1.325335114932551], [36.764186860339905, -1.324981074900531], [36.76484576519344, -1.325021202939406], [36.765541926638555, -1.326551449356849], [36.76543198884702, -1.328380033109193], [36.764712971159014, -1.329708878036082], [36.7654607133943, -1.33038252023971], [36.76572243139086, -1.331519329883222], [36.766784679222525, -1.331850522373263], [36.76706781896575, -1.333690242597866], [36.76737383485349, -1.335138198779727], [36.76845877703798, -1.336704480140175], [36.770746104643756, -1.337242306885631], [36.771105945066836, -1.338033310525004], [36.771657594722505, -1.33853028577177], [36.771910361711015, -1.342451033769589], [36.76953611877767, -1.343839324582811], [36.76755849761405, -1.346386380164917], [36.765269786179736, -1.34844074321122], [36.764051254474516, -1.349002248491498], [36.761672242097, -1.348857340193305], [36.7612377020454, -1.348882992680186], [36.760785990649445, -1.349871138107507], [36.76088462903594, -1.351562912034292], [36.76239104531368, -1.353414260445187], [36.76275323347794, -1.353740565110484], [36.76418462210501, -1.356323770161599], [36.76469674934298, -1.357449560174145], [36.76538860150714, -1.360454920965425], [36.76732601698598, -1.362694761013751], [36.76791795433818, -1.366102034536891], [36.76772711906002, -1.369274693911535], [36.76812767186628, -1.370018200908341], [36.769229631273326, -1.372571504495747], [36.76916731347382, -1.373607490505149], [36.767847363131985, -1.373527058166875], [36.767111451417335, -1.373570513908727], [36.76516045056447, -1.373269939335419], [36.762989742907024, -1.373011947372299], [36.76192728448821, -1.372724474438612], [36.76016796111082, -1.372466868808997], [36.758252860564276, -1.373655921991877], [36.75720178842693, -1.375032922504259]], [[36.75993756377769, -1.33028597129312], [36.75984561928428, -1.329955218441584], [36.75960910292497, -1.330192823588247], [36.75993756377769, -1.33028597129312]], [[36.749962880674616, -1.33515856904765], [36.75027428560978, -1.334345415407991], [36.74825451824494, -1.331557209068115], [36.74591305756553, -1.331237333554569], [36.745041112991856, -1.332331189733031], [36.74472490073483, -1.333295035489559], [36.74634136922189, -1.333648594763833], [36.74685022355244, -1.333950265038026], [36.747688201397416, -1.334192250133491], [36.74904568545845, -1.334997058567462], [36.749962880674616, -1.33515856904765]], [[36.75778035753756, -1.331911252398525], [36.758029034086434, -1.331276281014117], [36.757393772273105, -1.331610373522027], [36.75778035753756, -1.331911252398525]], [[36.73999292687957, -1.334878156447193], [36.74040587238901, -1.334194234103142], [36.74039549037033, -1.333658103278424], [36.74041204126286, -1.332876879299031], [36.73938657309507, -1.332303857665557], [36.73797598232026, -1.333413860037493], [36.73862496187069, -1.334684659545675], [36.73999292687957, -1.334878156447193]], [[36.714941734150685, -1.325362816138564], [36.71513741410807, -1.324564176715242], [36.71356451040787, -1.323658653253607], [36.71311484146199, -1.324312848128395], [36.71349749158856, -1.32523216385418], [36.714941734150685, -1.325362816138564]], [[36.763426633331825, -1.345748127476191], [36.76355147632572, -1.345602556736034], [36.76593930799068, -1.344532812863761], [36.767057387982206, -1.342520239295703], [36.766000450193395, -1.341536659024074], [36.76517246689475, -1.341013639152515], [36.76327177115497, -1.339512671612352], [36.7589967262416, -1.338818119283509], [36.756821163924585, -1.338565069386297], [36.7550419397654, -1.338073222221314], [36.75293602117544, -1.337900964879227], [36.75193048418093, -1.338771266199355], [36.75073477772311, -1.340165497553323], [36.749024853559284, -1.340554802808404], [36.74927361751354, -1.341270180198712], [36.7503713028424, -1.341522242093208], [36.752187316402434, -1.343036952569997], [36.75455794132398, -1.343581298300992], [36.75814387754898, -1.345187385567958], [36.761003172185156, -1.344958828477149], [36.7622244257213, -1.345330121721325], [36.76301251905254, -1.345622221174136], [36.763426633331825, -1.345748127476191]], [[36.73783150011808, -1.341113875262905], [36.73798732759255, -1.340439864040947], [36.73794719501809, -1.34016476462988], [36.738007294876866, -1.339758012654991], [36.73793011030436, -1.339228921880677], [36.737412060916796, -1.338825704818916], [36.73717756407121, -1.338519354923287], [36.736233747048416, -1.338010995016967], [36.73555938551377, -1.340038676911015], [36.736906357753696, -1.340417538178166], [36.73783150011808, -1.341113875262905]], [[36.745365042812246, -1.353596377652349], [36.745516262984495, -1.353420046188532], [36.74766615503011, -1.352930593842555], [36.749133549712, -1.351885505951433], [36.750772726632434, -1.351151179357275], [36.75037793975947, -1.34614820416747], [36.74967304517421, -1.345145667691182], [36.74768971572167, -1.343422693652352], [36.746745966178146, -1.343135762553765], [36.74605909841332, -1.342331866902446], [36.74576981378106, -1.342080553469739], [36.744879239886195, -1.341038253467573], [36.74282768612523, -1.340252510239388], [36.738983772145964, -1.33980540112387], [36.73820882563406, -1.341048080335325], [36.738258695657024, -1.341680072779677], [36.74013011339382, -1.343139974536803], [36.740848358930144, -1.345050256791629], [36.74324477182969, -1.345368090769489], [36.74360966534613, -1.346894181054405], [36.74226679315511, -1.349311320564511], [36.74200826920445, -1.351932957402731], [36.74295547687385, -1.352755838394222], [36.74389338491215, -1.353178109318841], [36.744412000236345, -1.353469963006908], [36.745365042812246, -1.353596377652349]], [[36.75183326451626, -1.35251759238437], [36.751527708501875, -1.351314601006157], [36.75107586424663, -1.35105007353616], [36.75137496209182, -1.352398759836255], [36.75183326451626, -1.35251759238437]], [[36.732969361994655, -1.353855946957868], [36.73307956909402, -1.353695619067308], [36.733647889750124, -1.35330148068548], [36.733889411082956, -1.352141441524576], [36.73299501406226, -1.351846768573195], [36.73259069824874, -1.352931205268133], [36.732131930885146, -1.35363881094927], [36.732969361994655, -1.353855946957868]], [[36.75318010637137, -1.353061264222661], [36.75308674349851, -1.352025855701939], [36.75231924104952, -1.352402222715234], [36.75257885743387, -1.352938524206826], [36.75318010637137, -1.353061264222661]], [[36.75855621425235, -1.367440350548043], [36.758681060374144, -1.367294782431474], [36.75951988833034, -1.366919016335018], [36.76113383792917, -1.366014701304504], [36.76356898260359, -1.365279301123459], [36.76407408558355, -1.363410420988097], [36.7635360398488, -1.362437723479057], [36.76290537835437, -1.361011709709832], [36.7620455760017, -1.35978884077422], [36.76030614035592, -1.358366562177566], [36.76005698757381, -1.358074958421538], [36.75958565173477, -1.35766548660163], [36.75755181151855, -1.357828061629476], [36.75611480008659, -1.359503613956499], [36.75418444447702, -1.360621335543573], [36.75382605755741, -1.362588334751993], [36.75386504795021, -1.36308251845779], [36.75482613735318, -1.364820021566086], [36.7554484009931, -1.366227069800175], [36.75615801481466, -1.367236343715748], [36.75855621425235, -1.367440350548043]]]]}}, {"type": "Feature", "properties": {"Id": 173, "gridcode": 2}, "geometry": {"type": "MultiPolygon", "coordinates": [[[[36.77633163172504, -1.378034275229055], [36.775712025856606, -1.377923761163566], [36.776185527567556, -1.377689775780199], [36.77633163172504, -1.378034275229055]]]]}}, {"type": "Feature", "properties": {"Id": 174, "gridcode": 2}, "geometry": {"type": "MultiPolygon", "coordinates": [[[[36.78225985275897, -1.378311052806098], [36.780261126851414, -1.378181583501827], [36.78050659744115, -1.376094165011281], [36.780942922446414, -1.374958703032802], [36.78210243781804, -1.374123916259398], [36.78167952046253, -1.3719593764395], [36.78352563581097, -1.372374044272764], [36.78342425683593, -1.372887871706005], [36.78350528993741, -1.373302614192209], [36.78317874519143, -1.374100257277302], [36.783233282717724, -1.374379368209821], [36.78315286470795, -1.374786924550383], [36.783624348741824, -1.377175151206217], [36.78248515578757, -1.377995306317451], [36.78225985275897, -1.378311052806098]]]]}}, {"type": "Feature", "properties": {"Id": 175, "gridcode": 3}, "geometry": {"type": "MultiPolygon", "coordinates": [[[[36.768244102930225, -1.381552400923489], [36.767595509387014, -1.381100790461107], [36.76800935626249, -1.380628168616916], [36.768244102930225, -1.381552400923489]]]]}}, {"type": "Feature", "properties": {"Id": 176, "gridcode": 1}, "geometry": {"type": "MultiPolygon", "coordinates": [[[[36.745876879417786, -1.382615969486656], [36.74549001362513, -1.382279868971422], [36.74521413352069, -1.381656032235806], [36.74488062812182, -1.381366298654238], [36.74403624981135, -1.381433756799892], [36.74334343229724, -1.382241548373614], [36.742778368556415, -1.382195304584184], [36.742248113923175, -1.382237669637811], [36.741980239680714, -1.381924145903258], [36.74115227583322, -1.381401103498968], [36.74063417404345, -1.380566828977916], [36.74007542404281, -1.380315250449272], [36.739520383013755, -1.380002876116964], [36.73777760937704, -1.380142140661201], [36.73613072051555, -1.3788415144734], [36.73295394046422, -1.378111960054531], [36.73205620405572, -1.376666371969755], [36.730547176112275, -1.376207534902616], [36.72984160147722, -1.375381710591254], [36.72926773250506, -1.375427558863617], [36.72872068792806, -1.374787280061815], [36.727291521252205, -1.374190833161327], [36.727291777699016, -1.373919630253327], [36.727022311845126, -1.373919372163644], [36.726897993375225, -1.373502367733678], [36.726070818534424, -1.372165722307492], [36.72519842541605, -1.370639487578857], [36.72417914128632, -1.369753959186252], [36.72119334870899, -1.367867784633491], [36.72056104826516, -1.367675531129237], [36.72056130425098, -1.367404329481194], [36.72002237658393, -1.367403814198227], [36.720022632579315, -1.367132612651757], [36.719753168852215, -1.367132355015815], [36.71894477797592, -1.367131581925694], [36.71894503404123, -1.366860380583103], [36.71867557054767, -1.36686012287678], [36.71854890028692, -1.366173473233789], [36.718000095091575, -1.366205872074031], [36.717741441945805, -1.365359990936272], [36.71663001237694, -1.363913736133336], [36.71527332088933, -1.362691390208977], [36.71442036985922, -1.361728759744968], [36.713973313190635, -1.360745975436972], [36.71127448670251, -1.359259859322329], [36.70884067850543, -1.358315537289734], [36.70858664333438, -1.358028833550003], [36.70830226843652, -1.357772624124985], [36.7079212158607, -1.35734256876423], [36.705272358077785, -1.354956024225517], [36.704795753813166, -1.353908265764422], [36.703351585604814, -1.352607108409604], [36.697940367004485, -1.3523387602415], [36.695630786507756, -1.353772720223292], [36.69402756915162, -1.353674998819319], [36.69004086042534, -1.34993054598946], [36.689458364334385, -1.346577199176427], [36.68677736960021, -1.34328213989395], [36.686347744855574, -1.33909440635839], [36.685053916197525, -1.336692658947668], [36.6837372567753, -1.337166744873549], [36.682947239196324, -1.337118588106271], [36.68232855151346, -1.335095312425411], [36.68232880558752, -1.334824118017182], [36.68205935258461, -1.334823862312302], [36.68205960663647, -1.334552667955393], [36.68190853815121, -1.332372357951189], [36.682743979944, -1.331171013717328], [36.68299886495573, -1.330542213394951], [36.68202003340285, -1.329660318973419], [36.68017775174638, -1.329940579575274], [36.67947934602997, -1.330050687044662], [36.67883023843821, -1.330210497994267], [36.678560786607584, -1.330210242788596], [36.67856053300055, -1.330481436479721], [36.67802162943579, -1.330480925875589], [36.67640466609008, -1.33075058662752], [36.675911810771744, -1.330589098036815], [36.66998715039877, -1.326285378088746], [36.67341554647151, -1.324615353020924], [36.664719902898675, -1.320033247906225], [36.66685654405152, -1.31515045675892], [36.66684138588347, -1.31436700901989], [36.67098204742778, -1.306540581070653], [36.67393489473245, -1.307829714941338], [36.67562761869467, -1.307541230811488], [36.67898922913099, -1.301054574571961], [36.680342104493434, -1.30079006218544], [36.68073857388073, -1.300375493715896], [36.681013654681735, -1.300109982900649], [36.681742914873126, -1.30059599026497], [36.68234921428045, -1.300459778342865], [36.682847708364555, -1.299122654820541], [36.68271729385945, -1.29853460912066], [36.68182323887616, -1.298754758378632], [36.68309995032527, -1.295867225127329], [36.68411869740908, -1.291056983162227], [36.6847010268424, -1.290123123612894], [36.6850647506019, -1.289808306564656], [36.68540816702104, -1.293493816881813], [36.68487798123488, -1.295522758671691], [36.685307642951614, -1.296441243675983], [36.68622057092127, -1.296478507516079], [36.68873136835932, -1.295595374325418], [36.690275770819206, -1.29565840082184], [36.69033098769139, -1.294287862613471], [36.690260695419084, -1.292460922951011], [36.691052473437686, -1.291602406790158], [36.69281982889533, -1.291138035887948], [36.69504833366853, -1.291674454058282], [36.695980532459735, -1.292118285141549], [36.69742012604534, -1.292886671143078], [36.69949100624728, -1.293434838921468], [36.701047642597224, -1.293498356385404], [36.70191353585678, -1.293088019803801], [36.703127344980864, -1.290784317512103], [36.703714777105766, -1.289534463479713], [36.704565051362756, -1.288612506860731], [36.705626942197384, -1.288571103487343], [36.70720550303401, -1.289413643600204], [36.70891618363608, -1.289960465836453], [36.71099304762085, -1.291776735757485], [36.713406468618174, -1.292456196872942], [36.7140437897179, -1.293818538857012], [36.71617461069822, -1.297299813175971], [36.716723071699725, -1.298103569923738], [36.71737074770176, -1.299115047702453], [36.721587733524196, -1.301070396924905], [36.722770389227534, -1.301118647703285], [36.72562320739238, -1.300573155179735], [36.72705449922604, -1.299812538451259], [36.72825203099484, -1.299391308045834], [36.73147669128937, -1.29871532160168], [36.73335684646778, -1.298642018272993], [36.734474716475056, -1.299174230220457], [36.735034007741625, -1.300240369138588], [36.73399557039116, -1.301563953283678], [36.73080110119783, -1.302073160790453], [36.73042366937243, -1.306387449892432], [36.72947610878141, -1.308185828478019], [36.73090858993633, -1.308950407419902], [36.73301032535079, -1.30903616219456], [36.7369728925707, -1.308881700862557], [36.74047924335148, -1.309293728694176], [36.74213577341977, -1.308898171964043], [36.74453032650136, -1.307910762038237], [36.74673589402242, -1.307824776677644], [36.74876896840074, -1.308719922458056], [36.750480727695575, -1.308995953919128], [36.752815409349964, -1.31024205302056], [36.756568119741495, -1.309682297037931], [36.75940109730294, -1.311648119772661], [36.76186086553157, -1.312518326222089], [36.763327903659885, -1.311445136816602], [36.76532482076986, -1.309906757523017], [36.76629395287897, -1.309278118966947], [36.767270749233674, -1.308602904821427], [36.767910519340596, -1.309540450092766], [36.768921080565455, -1.311700599226395], [36.7708061887571, -1.314978346999552], [36.770877252973044, -1.316824581977269], [36.77046835484495, -1.31769459296523], [36.76845637290238, -1.318999670381807], [36.768053527530455, -1.320153144778806], [36.76897705415355, -1.322288326164956], [36.769234536689225, -1.32419736616109], [36.76996456326839, -1.326715554347257], [36.770505422131805, -1.329580830607574], [36.77204951560684, -1.331992216648963], [36.77355834333864, -1.333401808911939], [36.77407622658646, -1.333965379654483], [36.77513689390271, -1.334956293012779], [36.775666667497354, -1.33664574400309], [36.77650713828307, -1.336680047667169], [36.778615527524224, -1.336365581380632], [36.77949121631335, -1.336973230814273], [36.782237570600934, -1.33763428015392], [36.78508009221736, -1.34154212129622], [36.78603758230741, -1.341880869248916], [36.79308452745488, -1.342410558570043], [36.794387160818445, -1.34325884398857], [36.79532450770917, -1.344278873962865], [36.79611049568812, -1.344310941028451], [36.79671345390182, -1.343749672204965], [36.797959302885644, -1.342398826752301], [36.79965549398041, -1.342332692263901], [36.79968517439605, -1.343103925345905], [36.7983293348677, -1.344836004680489], [36.79756327092274, -1.345199027380519], [36.79695892295196, -1.347114207168691], [36.79538155060861, -1.348137345778486], [36.79533117270966, -1.349387799653964], [36.7956297099113, -1.350247540439954], [36.795886695232554, -1.352699048179784], [36.79644025035178, -1.3548331625656], [36.7959615369934, -1.357585274867483], [36.79722819011999, -1.359209463264479], [36.7980359384965, -1.359964094920597], [36.79750696330552, -1.360294584205686], [36.79534062942108, -1.36055347889465], [36.79454197609589, -1.361105504903456], [36.79372278197758, -1.36163685212425], [36.7934620942254, -1.363274234373636], [36.79317988819265, -1.364896581934174], [36.79348910460542, -1.366390936518048], [36.793140450723705, -1.36749577060108], [36.791355842187805, -1.367921848006553], [36.78894014409242, -1.368866028909799], [36.789553627518856, -1.370035483630759], [36.79025007562042, -1.371524269817815], [36.792095305860016, -1.373248177825578], [36.79165352778084, -1.374271958362812], [36.789317217155144, -1.374718617725337], [36.78840097646881, -1.375712023706253], [36.78774593588009, -1.376022405110228], [36.78725193992713, -1.376557999353661], [36.78624011826001, -1.377037439268219], [36.7856357418767, -1.377599994157537], [36.78559197491902, -1.378685670065756], [36.787235724389646, -1.380847173108236], [36.787275724566086, -1.381887306921133], [36.785339548266236, -1.382502243862364], [36.78223383451911, -1.383594524881748], [36.779019164214894, -1.383019407792155], [36.77861006580552, -1.382239534072758], [36.779556960448176, -1.380857378878902], [36.78011093906501, -1.378737641128301], [36.779183793831436, -1.37869979005588], [36.777661646645704, -1.379235123944848], [36.77628563137951, -1.379288721311719], [36.77538255944375, -1.378445001768778], [36.7753938475537, -1.37816487792641], [36.77511411646743, -1.377359222243773], [36.77513508433656, -1.376839082190613], [36.77133863692442, -1.377500728371605], [36.770036920056484, -1.375467752751924], [36.76871807289808, -1.375118625422584], [36.76502685820734, -1.377297957420503], [36.76324584760758, -1.378955664592687], [36.762207996336045, -1.380080888060363], [36.76136802270996, -1.380862699945762], [36.76110856571709, -1.381143992684799], [36.75975016896823, -1.381946002390212], [36.75926209990071, -1.382475144918243], [36.75770770548652, -1.382535676118734], [36.75650620778726, -1.381963594899575], [36.754959803260306, -1.381138153087758], [36.75463070362506, -1.381398719136015], [36.75437087644356, -1.381680406659063], [36.75384154150346, -1.381658797492847], [36.75329238928347, -1.381950571546209], [36.75150997901922, -1.381877777496919], [36.74946834973396, -1.382962580349098], [36.74664475715181, -1.382215057786379], [36.74600660767963, -1.382475325580543], [36.745876879417786, -1.382615969486656]], [[36.72788955577527, -1.310187420833489], [36.728007320717666, -1.309763259893176], [36.728731920408435, -1.309201402236394], [36.72827385981098, -1.308435543100547], [36.72832887120987, -1.308063185068036], [36.72711261901227, -1.30762774384397], [36.72616327335835, -1.308863315234763], [36.72588664445912, -1.3094283282945], [36.72669472018497, -1.309762061473224], [36.72719866799885, -1.310068651610576], [36.72788955577527, -1.310187420833489]], [[36.75720178842693, -1.375032922504259], [36.758252860564276, -1.373655921991877], [36.76016796111082, -1.372466868808997], [36.76192728448821, -1.372724474438612], [36.762989742907024, -1.373011947372299], [36.76516045056447, -1.373269939335419], [36.767111451417335, -1.373570513908727], [36.767847363131985, -1.373527058166875], [36.76916731347382, -1.373607490505149], [36.769229631273326, -1.372571504495747], [36.76812767186628, -1.370018200908341], [36.76772711906002, -1.369274693911535], [36.76791795433818, -1.366102034536891], [36.76732601698598, -1.362694761013751], [36.76538860150714, -1.360454920965425], [36.76469674934298, -1.357449560174145], [36.76418462210501, -1.356323770161599], [36.76275323347794, -1.353740565110484], [36.76239104531368, -1.353414260445187], [36.76088462903594, -1.351562912034292], [36.760785990649445, -1.349871138107507], [36.7612377020454, -1.348882992680186], [36.761672242097, -1.348857340193305], [36.764051254474516, -1.349002248491498], [36.765269786179736, -1.34844074321122], [36.76755849761405, -1.346386380164917], [36.76953611877767, -1.343839324582811], [36.771910361711015, -1.342451033769589], [36.771657594722505, -1.33853028577177], [36.771105945066836, -1.338033310525004], [36.770746104643756, -1.337242306885631], [36.76845877703798, -1.336704480140175], [36.76737383485349, -1.335138198779727], [36.76706781896575, -1.333690242597866], [36.766784679222525, -1.331850522373263], [36.76572243139086, -1.331519329883222], [36.7654607133943, -1.33038252023971], [36.764712971159014, -1.329708878036082], [36.76543198884702, -1.328380033109193], [36.765541926638555, -1.326551449356849], [36.76484576519344, -1.325021202939406], [36.764186860339905, -1.324981074900531], [36.76341861610951, -1.325335114932551], [36.76250813072522, -1.326905827513873], [36.76141389143199, -1.328245616856283], [36.7607923966655, -1.329227191293935], [36.75981088410723, -1.329762837304802], [36.760336755639145, -1.327431005962743], [36.76087081332961, -1.326443988242625], [36.76090637718993, -1.325852487853472], [36.75967453255485, -1.324462361650453], [36.75494987195321, -1.324714003518582], [36.75307851955509, -1.324998765924759], [36.75090740370029, -1.32525272802571], [36.747123004586086, -1.326062886281178], [36.7444397547974, -1.325804481626754], [36.74191781651633, -1.325259755138522], [36.74062912448355, -1.325594864428227], [36.738886136554996, -1.327031508859545], [36.737276530126074, -1.324794968290219], [36.735563886788654, -1.324425038485383], [36.7335778512632, -1.324111683205647], [36.7292158038857, -1.322807230946559], [36.72507853110885, -1.323574681793014], [36.72477053566856, -1.324143883416001], [36.72409722227797, -1.325616816453356], [36.723481883988846, -1.326308670830363], [36.72295766334922, -1.326339635763223], [36.72194641623724, -1.325871378143469], [36.7212824685107, -1.324411859808194], [36.72020605074042, -1.322857841579953], [36.72046141207083, -1.321699080058605], [36.72111166035027, -1.32012965851185], [36.72171013904053, -1.317888869501768], [36.720243823451526, -1.314665621867328], [36.7179950115956, -1.314528631437051], [36.71696438362004, -1.315187014632438], [36.714712511083086, -1.317111469011774], [36.71374381441587, -1.317640114359122], [36.712767357051234, -1.318090076136452], [36.7123806451307, -1.318437194061725], [36.711567914052836, -1.319720753473901], [36.70824507295631, -1.320162295556389], [36.70390103435901, -1.318986994101346], [36.70329239513064, -1.319363431909722], [36.702866436826405, -1.320554793656055], [36.70326176033301, -1.321847543052326], [36.70428475317363, -1.323469762896169], [36.706420325249994, -1.325032670926898], [36.70671482396802, -1.326311988655225], [36.7074916807343, -1.328497438344967], [36.7078373282703, -1.330370915162215], [36.70924993396501, -1.331965104548788], [36.71333366733103, -1.332397275620041], [36.71576534736675, -1.333278003859688], [36.71768617476719, -1.332762141059563], [36.721225769121084, -1.332977781007416], [36.721545453793176, -1.331478620973798], [36.72184603516603, -1.329866071859808], [36.72234776434539, -1.329836444920554], [36.72261720964463, -1.329852850839578], [36.72341463139346, -1.329805770175237], [36.72482965874584, -1.332257161733251], [36.72639476331743, -1.332552678977588], [36.727457190045754, -1.332840131104865], [36.7314915453172, -1.333137393313161], [36.73338352094047, -1.334841954854816], [36.733092651595676, -1.336887834105756], [36.73163740671886, -1.33852403426541], [36.73014707685969, -1.33799550019995], [36.72919960840253, -1.33747616237865], [36.727999500102605, -1.337403055380911], [36.7271570068902, -1.337452806126229], [36.72619758066857, -1.336370045738454], [36.7248578678796, -1.336288432387884], [36.723695754984426, -1.337331537812774], [36.72404252181154, -1.337859965086889], [36.72491469821028, -1.338645734734276], [36.72640849001488, -1.342258976942126], [36.728254812257006, -1.344528109841019], [36.72800002689086, -1.345044786291428], [36.72664526355956, -1.345669051015649], [36.725034430448794, -1.346669221447484], [36.72400838832205, -1.347142017406528], [36.723910306781356, -1.348772600103629], [36.72458967751223, -1.349539307856495], [36.72597204634928, -1.350784759616736], [36.72686221432009, -1.352437149622374], [36.72723022527254, -1.355624796090932], [36.728258414361164, -1.356962715381843], [36.72874229432861, -1.358545104740602], [36.73175968233468, -1.358864451515576], [36.73201448825428, -1.359152019068259], [36.73300058151178, -1.359093807337099], [36.73414628045536, -1.359828684589467], [36.734643613220655, -1.361455041142715], [36.73815117080644, -1.362931677669701], [36.73885043381375, -1.363561686121354], [36.7410342593649, -1.366385074818974], [36.7421645692447, -1.367004651160183], [36.74391199240537, -1.36711113564778], [36.7455986402953, -1.365927757697662], [36.74744940029759, -1.36526136982251], [36.749118410411086, -1.365781802899121], [36.75057867394425, -1.367576469704908], [36.75115172767599, -1.369188596889731], [36.751629800325944, -1.371265465993532], [36.75259309115102, -1.372793030277228], [36.7534936781176, -1.373809389699871], [36.75465003359522, -1.374344855726965], [36.75559506784647, -1.374862873556601], [36.75720178842693, -1.375032922504259]], [[36.73187781296342, -1.368499937497152], [36.73215808171997, -1.367768165156501], [36.73140114460959, -1.365780640952405], [36.730091173793, -1.365943369306698], [36.72825596834578, -1.367392736711806], [36.72962676558897, -1.368364442782871], [36.73187781296342, -1.368499937497152]], [[36.78792785360282, -1.368552639463397], [36.78810370367614, -1.369484324550061], [36.78886537323256, -1.36910851980697], [36.78792785360282, -1.368552639463397], [36.78783591065734, -1.36822187905264], [36.78759938266874, -1.368459485233772], [36.78792785360282, -1.368552639463397]], [[36.783882469361494, -1.372074658190963], [36.784131164858636, -1.371439679805419], [36.78349587577432, -1.371773767610962], [36.783882469361494, -1.372074658190963]], [[36.78225985275897, -1.378311052806098], [36.78248515578757, -1.377995306317451], [36.783624348741824, -1.377175151206217], [36.78315286470795, -1.374786924550383], [36.783233282717724, -1.374379368209821], [36.78317874519143, -1.374100257277302], [36.78350528993741, -1.373302614192209], [36.78342425683593, -1.372887871706005], [36.78352563581097, -1.372374044272764], [36.78167952046253, -1.3719593764395], [36.78210243781804, -1.374123916259398], [36.780942922446414, -1.374958703032802], [36.78050659744115, -1.376094165011281], [36.780261126851414, -1.378181583501827], [36.78225985275897, -1.378311052806098]], [[36.77633163172504, -1.378034275229055], [36.776185527567556, -1.377689775780199], [36.775712025856606, -1.377923761163566], [36.77633163172504, -1.378034275229055]]]]}}, {"type": "Feature", "properties": {"Id": 177, "gridcode": 3}, "geometry": {"type": "MultiPolygon", "coordinates": [[[[36.76150420824341, -1.384800532184705], [36.762043155310636, -1.384801044531347], [36.76177332657738, -1.385179180380328], [36.76150420824341, -1.384800532184705]]]]}}, {"type": "Feature", "properties": {"Id": 178, "gridcode": 3}, "geometry": {"type": "MultiPolygon", "coordinates": [[[[36.756653438487064, -1.385067123924889], [36.75719238381719, -1.38506763748018], [36.756922555114514, -1.385445771462098], [36.756653438487064, -1.385067123924889]]]]}}, {"type": "Feature", "properties": {"Id": 179, "gridcode": 3}, "geometry": {"type": "MultiPolygon", "coordinates": [[[[36.757461856557256, -1.385067894211647], [36.75893406979477, -1.384923610784563], [36.7609652613758, -1.384800019714945], [36.76064420571305, -1.385249947778285], [36.75986860340699, -1.385094932975922], [36.75915909999078, -1.38554733777702], [36.757574215815474, -1.385225985680738], [36.757461856557256, -1.385067894211647]]]]}}, {"type": "Feature", "properties": {"Id": 180, "gridcode": 3}, "geometry": {"type": "MultiPolygon", "coordinates": [[[[36.76258184811049, -1.385072766260339], [36.763489244072055, -1.385228783005068], [36.76446765667409, -1.3856169781352], [36.76409890766263, -1.386079525552507], [36.76270154233601, -1.38522348222718], [36.76258184811049, -1.385072766260339]]]]}}, {"type": "Feature", "properties": {"Id": 181, "gridcode": 3}, "geometry": {"type": "MultiPolygon", "coordinates": [[[[36.765814265019884, -1.386431888143028], [36.76527531618949, -1.386431376056956], [36.76527557059966, -1.386160166053423], [36.765814519368824, -1.386160678039285], [36.765814265019884, -1.386431888143028]]]]}}, {"type": "Feature", "properties": {"Id": 182, "gridcode": 2}, "geometry": {"type": "MultiPolygon", "coordinates": [[[[36.88869898332136, -1.387359122346653], [36.88837048509026, -1.387265971815205], [36.88860701543931, -1.38702834265521], [36.88869898332136, -1.387359122346653]]]]}}, {"type": "Feature", "properties": {"Id": 183, "gridcode": 3}, "geometry": {"type": "MultiPolygon", "coordinates": [[[[36.765814265019884, -1.386431888143028], [36.76807872972342, -1.387075515414885], [36.77198788641717, -1.387408091088615], [36.77254961965057, -1.388065546930382], [36.77071244302493, -1.387668673873617], [36.769615936678306, -1.388267015623939], [36.76918811412601, -1.388748015378942], [36.768745723667294, -1.389145075191745], [36.76813696470733, -1.388458043790785], [36.76726036487111, -1.388509800566299], [36.76602246758446, -1.387112760431698], [36.765814265019884, -1.386431888143028]]]]}}, {"type": "Feature", "properties": {"Id": 184, "gridcode": 3}, "geometry": {"type": "MultiPolygon", "coordinates": [[[[36.886539394431175, -1.391425663599803], [36.88609229163592, -1.39110254315708], [36.886215869720104, -1.390476059469296], [36.88595519193299, -1.389142046172509], [36.886432266166565, -1.389370649177222], [36.886701802626945, -1.390749947954386], [36.886539394431175, -1.391425663599803]]]]}}, {"type": "Feature", "properties": {"Id": 185, "gridcode": 3}, "geometry": {"type": "MultiPolygon", "coordinates": [[[[36.88680768323909, -1.392782066522922], [36.88647918505722, -1.392688914690601], [36.886715716670146, -1.392451286853639], [36.88680768323909, -1.392782066522922]]]]}}, {"type": "Feature", "properties": {"Id": 186, "gridcode": 2}, "geometry": {"type": "MultiPolygon", "coordinates": [[[[36.90001164724341, -1.394421354957672], [36.898863756635485, -1.393773245233501], [36.89855558211191, -1.391661367407411], [36.89944377743982, -1.390505411363109], [36.90029903821357, -1.390785623101143], [36.90093930688875, -1.392429116349492], [36.900703575217484, -1.39349012043492], [36.90001164724341, -1.394421354957672]]]]}}, {"type": "Feature", "properties": {"Id": 187, "gridcode": 3}, "geometry": {"type": "MultiPolygon", "coordinates": [[[[36.85177003801117, -1.396547341286082], [36.85118313046437, -1.396377864418567], [36.850583126808154, -1.394255828043306], [36.85140247757091, -1.394503819691606], [36.85219890469793, -1.395870266665767], [36.85177003801117, -1.396547341286082]]]]}}, {"type": "Feature", "properties": {"Id": 188, "gridcode": 3}, "geometry": {"type": "MultiPolygon", "coordinates": [[[[36.84718820087504, -1.397085571295304], [36.84691871046638, -1.397085322692454], [36.84691895747083, -1.396814097808172], [36.84718844784863, -1.396814346362741], [36.84718820087504, -1.397085571295304]]]]}}, {"type": "Feature", "properties": {"Id": 189, "gridcode": 4}, "geometry": {"type": "MultiPolygon", "coordinates": [[[[36.93234788067543, -1.399061253185717], [36.932078375181575, -1.399061014074479], [36.932078612756285, -1.398789774238274], [36.93234811821924, -1.398790013303137], [36.93234788067543, -1.399061253185717]]]]}}, {"type": "Feature", "properties": {"Id": 190, "gridcode": 4}, "geometry": {"type": "MultiPolygon", "coordinates": [[[[36.933156159936445, -1.399333210353768], [36.9326171486564, -1.399332732194124], [36.93261738621539, -1.399061492265845], [36.9331563974336, -1.399061970332769], [36.933156159936445, -1.399333210353768]]]]}}, {"type": "Feature", "properties": {"Id": 191, "gridcode": 4}, "geometry": {"type": "MultiPolygon", "coordinates": [[[[36.93369493391941, -1.399604928501969], [36.93342542813326, -1.399604689453595], [36.93342566564559, -1.399333449386915], [36.933695171400814, -1.399333688388945], [36.93369493391941, -1.399604928501969]]]]}}, {"type": "Feature", "properties": {"Id": 192, "gridcode": 3}, "geometry": {"type": "MultiPolygon", "coordinates": [[[[36.86739472336674, -1.40307115561887], [36.865047704774476, -1.402828033850429], [36.8640699788481, -1.401978703300338], [36.86401335518766, -1.401261164770508], [36.86457864394805, -1.400771903394435], [36.86445028706718, -1.399145724055289], [36.86564082763766, -1.399465951818956], [36.86859843598049, -1.4019638532471], [36.868348577103426, -1.402404040154582], [36.867519585475286, -1.40292557412985], [36.86739472336674, -1.40307115561887]]]]}}, {"type": "Feature", "properties": {"Id": 193, "gridcode": 3}, "geometry": {"type": "MultiPolygon", "coordinates": [[[[36.862542594515354, -1.404422837275594], [36.86152812728237, -1.40422255469068], [36.85607845606038, -1.400348475981735], [36.85632867089694, -1.40002283359857], [36.85941212667825, -1.400552927434469], [36.8603433459353, -1.401277707944574], [36.86215633899926, -1.403726947171564], [36.862542594515354, -1.404422837275594]]]]}}, {"type": "Feature", "properties": {"Id": 194, "gridcode": 3}, "geometry": {"type": "MultiPolygon", "coordinates": [[[[36.87251218607206, -1.406330601975469], [36.871846216749944, -1.406122959750231], [36.87292918766528, -1.404575623034275], [36.87343250763193, -1.405061016709325], [36.87251218607206, -1.406330601975469]]]]}}, {"type": "Feature", "properties": {"Id": 195, "gridcode": 2}, "geometry": {"type": "MultiPolygon", "coordinates": [[[[36.89029389596732, -1.412042738538876], [36.890294140590434, -1.41177150599609], [36.8911026399354, -1.411772244371809], [36.89110239540586, -1.412043477056508], [36.89029389596732, -1.412042738538876]]]]}}, {"type": "Feature", "properties": {"Id": 196, "gridcode": 2}, "geometry": {"type": "MultiPolygon", "coordinates": [[[[36.91374006695417, -1.41260651409692], [36.91341156041485, -1.412513360280168], [36.91364809839719, -1.412275728636743], [36.91374006695417, -1.41260651409692]]]]}}, {"type": "Feature", "properties": {"Id": 197, "gridcode": 2}, "geometry": {"type": "MultiPolygon", "coordinates": [[[[36.91589464794638, -1.414235883784862], [36.91554451239244, -1.414084718079415], [36.91578724153679, -1.41361939418631], [36.91589464794638, -1.414235883784862]]]]}}, {"type": "Feature", "properties": {"Id": 198, "gridcode": 2}, "geometry": {"type": "MultiPolygon", "coordinates": [[[[36.887865948563885, -1.414752842420509], [36.88810528207175, -1.412841224430907], [36.88910782127599, -1.412249350152444], [36.89029389596732, -1.412042738538876], [36.89007714101087, -1.412560819489171], [36.890467659359125, -1.413832878115545], [36.889248431013336, -1.414630345838757], [36.887865948563885, -1.414752842420509]]]]}}, {"type": "Feature", "properties": {"Id": 199, "gridcode": 2}, "geometry": {"type": "MultiPolygon", "coordinates": [[[[36.891372139811104, -1.411772490434268], [36.89150431680617, -1.41163427963686], [36.892281889050984, -1.411255504633942], [36.88721577600018, -1.409137653332318], [36.879517567231474, -1.406428500367877], [36.876471416084584, -1.407353166387048], [36.87279730182247, -1.406592292985115], [36.86915596092058, -1.407339414144535], [36.86833954936329, -1.404289837645772], [36.86686549687692, -1.404022685115412], [36.862542594515354, -1.404422837275594], [36.86215633899926, -1.403726947171564], [36.8603433459353, -1.401277707944574], [36.85941212667825, -1.400552927434469], [36.85632867089694, -1.40002283359857], [36.85607845606038, -1.400348475981735], [36.85343612837693, -1.39842029194762], [36.847331439674136, -1.397241446006356], [36.84718820087504, -1.397085571295304], [36.84718844784863, -1.396814346362741], [36.84691895747083, -1.396814097808172], [36.846518779917844, -1.395319276030006], [36.8459644850021, -1.393384963066271], [36.84436116029643, -1.391254346536085], [36.84225357774423, -1.385862039426925], [36.8391950593114, -1.387944513252282], [36.8361428779219, -1.386565987739922], [36.83546354105335, -1.38829480692431], [36.83429952551959, -1.390019667414554], [36.831154916785955, -1.387703542366135], [36.826785847353385, -1.387162127841141], [36.823056203894865, -1.385224059489069], [36.820921307817635, -1.385265918963152], [36.818630006332754, -1.381189718562379], [36.81678141685511, -1.380651248212394], [36.80966140280764, -1.385714009405567], [36.80470053640021, -1.388980831360519], [36.80378079296355, -1.387068272885678], [36.80018577085279, -1.389257836482368], [36.79882708133122, -1.387409562809779], [36.79404816705517, -1.385308623946889], [36.79114039115675, -1.385804989381855], [36.789395536219914, -1.387134924729223], [36.784626633965814, -1.387521711754242], [36.78222944352388, -1.388497699169621], [36.78050825109105, -1.388460714599575], [36.778078231056256, -1.386305186387659], [36.776308781042104, -1.386037731312371], [36.77400213282028, -1.387908110008007], [36.77254961965057, -1.388065546930382], [36.77198788641717, -1.387408091088615], [36.76807872972342, -1.387075515414885], [36.765814265019884, -1.386431888143028], [36.765814519368824, -1.386160678039285], [36.76527557059966, -1.386160166053423], [36.765185212991696, -1.385979979661546], [36.76446765667409, -1.3856169781352], [36.763489244072055, -1.385228783005068], [36.76258184811049, -1.385072766260339], [36.762043155310636, -1.384801044531347], [36.76150420824341, -1.384800532184705], [36.76123508994755, -1.384421884097065], [36.7609652613758, -1.384800019714945], [36.75893406979477, -1.384923610784563], [36.757461856557256, -1.385067894211647], [36.75719238381719, -1.38506763748018], [36.756653438487064, -1.385067123924889], [36.755739325426916, -1.384844521790222], [36.754901919540366, -1.385010232454143], [36.754651517803595, -1.384354948850329], [36.75316534050085, -1.384713862053874], [36.75138638103918, -1.384354614658694], [36.75044650558453, -1.385075585238184], [36.74835910891969, -1.384435200041252], [36.74774390367512, -1.383569593261467], [36.74637080117169, -1.383203598173148], [36.74603373609056, -1.382729342904431], [36.745876879417786, -1.382615969486656], [36.74600660767963, -1.382475325580543], [36.74664475715181, -1.382215057786379], [36.74946834973396, -1.382962580349098], [36.75150997901922, -1.381877777496919], [36.75329238928347, -1.381950571546209], [36.75384154150346, -1.381658797492847], [36.75437087644356, -1.381680406659063], [36.75463070362506, -1.381398719136015], [36.754959803260306, -1.381138153087758], [36.75650620778726, -1.381963594899575], [36.75770770548652, -1.382535676118734], [36.75926209990071, -1.382475144918243], [36.75975016896823, -1.381946002390212], [36.76110856571709, -1.381143992684799], [36.76136802270996, -1.380862699945762], [36.762207996336045, -1.380080888060363], [36.76324584760758, -1.378955664592687], [36.76502685820734, -1.377297957420503], [36.76871807289808, -1.375118625422584], [36.770036920056484, -1.375467752751924], [36.77133863692442, -1.377500728371605], [36.77513508433656, -1.376839082190613], [36.77511411646743, -1.377359222243773], [36.7753938475537, -1.37816487792641], [36.77538255944375, -1.378445001768778], [36.77628563137951, -1.379288721311719], [36.777661646645704, -1.379235123944848], [36.779183793831436, -1.37869979005588], [36.78011093906501, -1.378737641128301], [36.779556960448176, -1.380857378878902], [36.77861006580552, -1.382239534072758], [36.779019164214894, -1.383019407792155], [36.78223383451911, -1.383594524881748], [36.785339548266236, -1.382502243862364], [36.787275724566086, -1.381887306921133], [36.787235724389646, -1.380847173108236], [36.78559197491902, -1.378685670065756], [36.7856357418767, -1.377599994157537], [36.78624011826001, -1.377037439268219], [36.78725193992713, -1.376557999353661], [36.78774593588009, -1.376022405110228], [36.78840097646881, -1.375712023706253], [36.789317217155144, -1.374718617725337], [36.79165352778084, -1.374271958362812], [36.792095305860016, -1.373248177825578], [36.79025007562042, -1.371524269817815], [36.789553627518856, -1.370035483630759], [36.78894014409242, -1.368866028909799], [36.791355842187805, -1.367921848006553], [36.793140450723705, -1.36749577060108], [36.79348910460542, -1.366390936518048], [36.79317988819265, -1.364896581934174], [36.7934620942254, -1.363274234373636], [36.79372278197758, -1.36163685212425], [36.79454197609589, -1.361105504903456], [36.79534062942108, -1.36055347889465], [36.79750696330552, -1.360294584205686], [36.7980359384965, -1.359964094920597], [36.79722819011999, -1.359209463264479], [36.7959615369934, -1.357585274867483], [36.79644025035178, -1.3548331625656], [36.795886695232554, -1.352699048179784], [36.7956297099113, -1.350247540439954], [36.79533117270966, -1.349387799653964], [36.79538155060861, -1.348137345778486], [36.79695892295196, -1.347114207168691], [36.79756327092274, -1.345199027380519], [36.7983293348677, -1.344836004680489], [36.79968517439605, -1.343103925345905], [36.79965549398041, -1.342332692263901], [36.797959302885644, -1.342398826752301], [36.79671345390182, -1.343749672204965], [36.79611049568812, -1.344310941028451], [36.79532450770917, -1.344278873962865], [36.794387160818445, -1.34325884398857], [36.79308452745488, -1.342410558570043], [36.78603758230741, -1.341880869248916], [36.78508009221736, -1.34154212129622], [36.782237570600934, -1.33763428015392], [36.77949121631335, -1.336973230814273], [36.778615527524224, -1.336365581380632], [36.77650713828307, -1.336680047667169], [36.775666667497354, -1.33664574400309], [36.77513689390271, -1.334956293012779], [36.77407622658646, -1.333965379654483], [36.77355834333864, -1.333401808911939], [36.77204951560684, -1.331992216648963], [36.770505422131805, -1.329580830607574], [36.76996456326839, -1.326715554347257], [36.769234536689225, -1.32419736616109], [36.76897705415355, -1.322288326164956], [36.768053527530455, -1.320153144778806], [36.76845637290238, -1.318999670381807], [36.77046835484495, -1.31769459296523], [36.770877252973044, -1.316824581977269], [36.7708061887571, -1.314978346999552], [36.768921080565455, -1.311700599226395], [36.767910519340596, -1.309540450092766], [36.767270749233674, -1.308602904821427], [36.76629395287897, -1.309278118966947], [36.76532482076986, -1.309906757523017], [36.763327903659885, -1.311445136816602], [36.76186086553157, -1.312518326222089], [36.75940109730294, -1.311648119772661], [36.756568119741495, -1.309682297037931], [36.752815409349964, -1.31024205302056], [36.750480727695575, -1.308995953919128], [36.74876896840074, -1.308719922458056], [36.74673589402242, -1.307824776677644], [36.74453032650136, -1.307910762038237], [36.74213577341977, -1.308898171964043], [36.74047924335148, -1.309293728694176], [36.7369728925707, -1.308881700862557], [36.73301032535079, -1.30903616219456], [36.73090858993633, -1.308950407419902], [36.72947610878141, -1.308185828478019], [36.73042366937243, -1.306387449892432], [36.73080110119783, -1.302073160790453], [36.73399557039116, -1.301563953283678], [36.735034007741625, -1.300240369138588], [36.734474716475056, -1.299174230220457], [36.73335684646778, -1.298642018272993], [36.73147669128937, -1.29871532160168], [36.72825203099484, -1.299391308045834], [36.72705449922604, -1.299812538451259], [36.72562320739238, -1.300573155179735], [36.722770389227534, -1.301118647703285], [36.721587733524196, -1.301070396924905], [36.71737074770176, -1.299115047702453], [36.716723071699725, -1.298103569923738], [36.71617461069822, -1.297299813175971], [36.7140437897179, -1.293818538857012], [36.713406468618174, -1.292456196872942], [36.71099304762085, -1.291776735757485], [36.70891618363608, -1.289960465836453], [36.70720550303401, -1.289413643600204], [36.705626942197384, -1.288571103487343], [36.704565051362756, -1.288612506860731], [36.703714777105766, -1.289534463479713], [36.703127344980864, -1.290784317512103], [36.70191353585678, -1.293088019803801], [36.701047642597224, -1.293498356385404], [36.69949100624728, -1.293434838921468], [36.69742012604534, -1.292886671143078], [36.695980532459735, -1.292118285141549], [36.69504833366853, -1.291674454058282], [36.69281982889533, -1.291138035887948], [36.691052473437686, -1.291602406790158], [36.690260695419084, -1.292460922951011], [36.69033098769139, -1.294287862613471], [36.690275770819206, -1.29565840082184], [36.68873136835932, -1.295595374325418], [36.68622057092127, -1.296478507516079], [36.685307642951614, -1.296441243675983], [36.68487798123488, -1.295522758671691], [36.68540816702104, -1.293493816881813], [36.6850647506019, -1.289808306564656], [36.68517519429562, -1.289376786123774], [36.6859957442695, -1.288807677533912], [36.68629456113, -1.287274953098651], [36.68679457853074, -1.286395116627509], [36.6869540735109, -1.286284493089522], [36.68707864700007, -1.286430293329606], [36.687459787782174, -1.286681659415232], [36.68895188938052, -1.285845555804715], [36.68977313723454, -1.286432751070112], [36.69049319229057, -1.286756917885334], [36.69174958777011, -1.286656463449906], [36.69409191273951, -1.287524633932302], [36.69520222485817, -1.287219877577671], [36.69513968526941, -1.286427548771732], [36.69520637280821, -1.285601561979843], [36.69606719226637, -1.283549460817782], [36.6959391364046, -1.281927126277158], [36.69331845637057, -1.280923462493356], [36.69134216886876, -1.281081485176927], [36.69046129406167, -1.281406157885705], [36.69027794635834, -1.281258111342836], [36.69040062709137, -1.280272669790583], [36.68859050789944, -1.278811056602424], [36.689236919334824, -1.278000098593979], [36.68938665534504, -1.277879632733978], [36.68951611638664, -1.278020520706835], [36.6898509946111, -1.278333376626531], [36.693028264254515, -1.27909814130695], [36.69658284399072, -1.280039026802702], [36.69883897730729, -1.281243207629944], [36.70193815442738, -1.281578013166961], [36.702721155485534, -1.281547485538031], [36.705264416379634, -1.281651240622327], [36.70729814518803, -1.279924616107265], [36.70784755141764, -1.279664256379053], [36.70873152452388, -1.278453524664442], [36.70931630637833, -1.277209268209572], [36.70975796753095, -1.276371003656396], [36.71088022002139, -1.275839160162932], [36.71512660946972, -1.275331578572509], [36.71591993093209, -1.274909975777439], [36.716982802841315, -1.274406270855415], [36.718410346538604, -1.273978503233777], [36.719876975353635, -1.274761278874671], [36.726048509133726, -1.275952881716482], [36.72818862615332, -1.275579770140447], [36.72859010505428, -1.274139242070124], [36.72753566856453, -1.271102752987924], [36.725849955478665, -1.270440342089527], [36.72536500203356, -1.270459254358237], [36.72495301066124, -1.270442452091797], [36.721926833446126, -1.271331222598071], [36.720248609463006, -1.272624131499873], [36.71902768282218, -1.273416116213768], [36.7172289756343, -1.272305432574753], [36.716208489354045, -1.270711778734948], [36.71558496144769, -1.269798038574437], [36.71493727474131, -1.269192954105209], [36.712967403461356, -1.267736030144313], [36.71107861758196, -1.266275563994516], [36.70785448763589, -1.264445093875695], [36.70656050849477, -1.264495562778951], [36.70624306660863, -1.265831645677388], [36.70567726863728, -1.267214549203903], [36.7042352656378, -1.267897939245612], [36.7015430213184, -1.267423626575353], [36.700212246586844, -1.265975456298815], [36.69910122267297, -1.261616533503894], [36.70131387843284, -1.263009288503272], [36.70206515906449, -1.261619170942958], [36.70233460813476, -1.26161941054193], [36.70233484614872, -1.261348212133935], [36.70301615867412, -1.261220849114193], [36.704625657426234, -1.260788507674472], [36.706687013874344, -1.261346143295879], [36.7082412008794, -1.261908981787805], [36.70997423544854, -1.263129677429306], [36.71341033733187, -1.266207162489629], [36.71782087560389, -1.269323173124453], [36.71951626117108, -1.269627455443999], [36.72079119548733, -1.268931620808539], [36.72158792849274, -1.26718847404603], [36.721872997618576, -1.266661583586084], [36.722382563867995, -1.265546709626616], [36.723492083785885, -1.263950989803083], [36.72383606558978, -1.261741977884155], [36.72308002431703, -1.259164051461014], [36.72281524356581, -1.258925514941813], [36.72304397852118, -1.258031661332405], [36.72454473721788, -1.255783373073759], [36.72470423264793, -1.255672740789666], [36.72484887021515, -1.255798379993841], [36.72526331248064, -1.258096494905345], [36.72654522173789, -1.259596711265328], [36.72877670613654, -1.259155696710286], [36.73040888895382, -1.257993056492311], [36.73148374644233, -1.258292224505418], [36.73205359118512, -1.259580579464421], [36.73559964086666, -1.260689468349818], [36.73933836202728, -1.260378570251244], [36.74063904277144, -1.259252672781061], [36.74171669169403, -1.257995932871605], [36.74343958723941, -1.257733229196847], [36.745668032299335, -1.257246030885486], [36.74805318516554, -1.258259477697457], [36.74961057150546, -1.257487945534264], [36.74836665589928, -1.255886445950562], [36.74802292662815, -1.254733756905409], [36.74757109552247, -1.253917028974019], [36.74741926121393, -1.251994412093695], [36.74787694033349, -1.250469134760603], [36.74842113172439, -1.249998062535693], [36.7486883884742, -1.250360319703426], [36.749344763255415, -1.249625303809887], [36.74842113172439, -1.249998062535693], [36.74829410726085, -1.24985471819117], [36.74786751264985, -1.24947042379209], [36.74744215095095, -1.248990436724143], [36.7474975461747, -1.248068307267413], [36.74848008915935, -1.247615439841017], [36.750137324917546, -1.247716294044687], [36.75043504629428, -1.249329412051301], [36.75091793590645, -1.24976441630838], [36.754741827804494, -1.250131484699349], [36.75922936619005, -1.248747490369976], [36.759867265134595, -1.247923699312292], [36.75932875849682, -1.247438598031505], [36.75885485459829, -1.24690383453062], [36.758537166249845, -1.245524192349906], [36.75737998133471, -1.244102192599079], [36.75492119554623, -1.243335690865992], [36.753733816769945, -1.242684950821387], [36.7547893676025, -1.241166737184398], [36.755307047660104, -1.241198233551161], [36.75565917508644, -1.240053942265154], [36.75742425669591, -1.240161348126825], [36.758807041975615, -1.240662056395775], [36.7593493818056, -1.240052165292748], [36.76149812697657, -1.240182904799531], [36.763082671397605, -1.240089196000791], [36.76447590500679, -1.239004372609423], [36.765136772015694, -1.239044579328544], [36.765885386256535, -1.239000305745204], [36.76687976979221, -1.240122369185333], [36.76716417784905, -1.240378559392357], [36.76747755698818, -1.240732182769495], [36.767416876960326, -1.24174245972437], [36.76744241302727, -1.242179805727376], [36.76830036521757, -1.242577022676868], [36.7687769513833, -1.242548840261761], [36.76965099947241, -1.242865339982884], [36.77046831774891, -1.242817003520352], [36.770924048426224, -1.237269248773965], [36.76934083285001, -1.235843056562907], [36.766841385925915, -1.235511752811975], [36.76648668910021, -1.235910637615126], [36.76607502658329, -1.235782314798564], [36.76337848567959, -1.234101296355493], [36.76176454077619, -1.232766185666365], [36.75912267444448, -1.229503178630516], [36.75742362648172, -1.228994743964838], [36.755946097175936, -1.231328709944304], [36.75390161655015, -1.233684018099174], [36.753426155965755, -1.235229157038959], [36.75239562568503, -1.236565250942773], [36.75057190387546, -1.239550780088024], [36.74855691586326, -1.239820271648658], [36.747224330379176, -1.240376806650704], [36.746017140297816, -1.240631716593576], [36.74453025145124, -1.239816820877241], [36.743733242779804, -1.239447821690093], [36.74217342877882, -1.23768770669604], [36.74128391810297, -1.237117235941197], [36.74115689400817, -1.236973893076823], [36.741571205011994, -1.23684873420576], [36.742330852194826, -1.236422993285436], [36.7440043011825, -1.237134017097148], [36.74732417851595, -1.237405366126268], [36.74801854099385, -1.236291657580296], [36.74816339833001, -1.236166266781253], [36.74881998031055, -1.235982846894549], [36.750289525367236, -1.234069945864568], [36.75070904874553, -1.232400853809804], [36.75032246078946, -1.232099993326368], [36.75583050440649, -1.2222234732577], [36.75598939565278, -1.222070079470112], [36.756686518853975, -1.223387644771581], [36.757557143329976, -1.223258897701826], [36.75840194003307, -1.221186299283365], [36.75758660286004, -1.219823262157146], [36.75733869560277, -1.219630332486384], [36.75772477673354, -1.219226553260654], [36.76205518575922, -1.221665649438112], [36.77120924623067, -1.226826331765097], [36.77148214821017, -1.226560770202016], [36.77255616181752, -1.224657765976784], [36.77269369803373, -1.224524985723716], [36.77377153241786, -1.224525887203795], [36.77458192932525, -1.224778504591646], [36.779071826584804, -1.2272390886446], [36.77969829523562, -1.226158115712237], [36.78131133700896, -1.227468865263346], [36.781707760866105, -1.227932766504922], [36.78199706270859, -1.228184051314628], [36.78241842772798, -1.229136622705576], [36.78414591987818, -1.22899836240708], [36.78575471517242, -1.229293341955976], [36.78602805974214, -1.229271462811518], [36.78643222499478, -1.22930448942762], [36.78724066355272, -1.229239785533871], [36.788199652535894, -1.229318147517594], [36.79039399475314, -1.231212656018966], [36.79099755423219, -1.231164351107735], [36.79194508290432, -1.230633279974219], [36.79387997857285, -1.229766211751467], [36.79491057429598, -1.228931388174666], [36.79355193323758, -1.226999360911342], [36.793586036651824, -1.226576500221437], [36.793555588843375, -1.226191121450343], [36.79466419129365, -1.225231400522851], [36.79503867813797, -1.224794630770996], [36.795965834662105, -1.223991980218271], [36.79626253138116, -1.223259110808804], [36.79572398756543, -1.222791333217332], [36.79479831413927, -1.221708112338884], [36.79320805473905, -1.22143317345896], [36.79241328587774, -1.222360126754088], [36.79253252388655, -1.22386934629199], [36.79013851084848, -1.224306832002144], [36.78961339385844, -1.224919278590547], [36.78907444849603, -1.225206591256565], [36.78738954070759, -1.224224127618186], [36.78904939400223, -1.223026587687995], [36.78723692147043, -1.22221076539743], [36.78648254882849, -1.222271143722963], [36.78553760284216, -1.223373243421565], [36.78449583095417, -1.223288119736184], [36.78384523308602, -1.220394673807387], [36.78347630346277, -1.219380920074506], [36.78367474580809, -1.218719483265549], [36.7852994211691, -1.215794246717586], [36.78455202769931, -1.214731442983364], [36.786175770548475, -1.213416439399588], [36.787337229174206, -1.213189216816231], [36.78951477186882, -1.212062413982097], [36.791164256010454, -1.212468580792446], [36.79271585657221, -1.213731341176278], [36.79466571085523, -1.21436996677212], [36.79546847686012, -1.214647263563919], [36.79791889285719, -1.214917263681881], [36.79947276333929, -1.215724570078356], [36.801665011666834, -1.216008432226763], [36.80382589641865, -1.216275999460447], [36.80567537529717, -1.216754686649385], [36.80819178632798, -1.216139419726526], [36.81056380274408, -1.214659619606554], [36.811367242577, -1.214112415400571], [36.81272017404222, -1.213847719900285], [36.81359959899954, -1.213545548845195], [36.81648509833729, -1.214020751035525], [36.81651858456704, -1.215740394650426], [36.81530338453484, -1.216136207000129], [36.81459833486816, -1.216816913532857], [36.81460649978127, -1.217236789981397], [36.81459507628399, -1.217779219893204], [36.814602988293515, -1.218186055777334], [36.814597276397095, -1.218457270728479], [36.81461790127182, -1.219516999931158], [36.81433215853787, -1.219815862711508], [36.81379711893997, -1.220332424810469], [36.81339978326599, -1.222665622681935], [36.81455607090549, -1.2238789184261], [36.81568389424756, -1.221732817728648], [36.815672903514645, -1.221167938528422], [36.81621913173095, -1.219565954807865], [36.81620818736105, -1.219003633038604], [36.81648885834377, -1.218732642241237], [36.816473017391885, -1.217919072905277], [36.817027914301285, -1.218456544170614], [36.817529291964185, -1.22001599722698], [36.81892644473042, -1.220360020504406], [36.81994241811834, -1.221426070089794], [36.8207924236911, -1.22171968308384], [36.821606005246935, -1.221986146793876], [36.82297377009013, -1.222822521326913], [36.82561479148184, -1.222770428895184], [36.82699317499105, -1.224702758496372], [36.82766959372641, -1.225743014098995], [36.8286034947031, -1.226065604653832], [36.830863985955865, -1.226511683276765], [36.833310813018414, -1.227976336199506], [36.83536047947537, -1.230582738908256], [36.837930724190954, -1.2314705611916], [36.8393777070933, -1.231770090619559], [36.84222707867816, -1.232239343799735], [36.843684091436515, -1.233202507428745], [36.84371165105272, -1.234618770882919], [36.843648647571776, -1.237607026382661], [36.844097353715895, -1.239002611027821], [36.84526149434574, -1.239798252145479], [36.84817782139904, -1.240373749956955], [36.8490646283772, -1.241232717364377], [36.8497650343453, -1.24538616442463], [36.849339756592975, -1.248865539480895], [36.84856377963896, -1.248848958312926], [36.847458912569905, -1.249387344941135], [36.84742618433205, -1.250939050826714], [36.84906069043237, -1.25147439256612], [36.849072451512114, -1.252078262021819], [36.848251723774936, -1.254997786972541], [36.846634100987146, -1.255638405069322], [36.84529167227948, -1.256185171391822], [36.84294917353415, -1.256512323883443], [36.84061286709991, -1.258293550906535], [36.83763983143415, -1.259156838611538], [36.83666087292947, -1.25889022711432], [36.83586088673003, -1.258474587290814], [36.83492887865263, -1.258018528007227], [36.83416420908613, -1.256881099496711], [36.8345073265099, -1.256170766079911], [36.8355833482225, -1.255646458103197], [36.83494516456794, -1.25431969841133], [36.832008040072296, -1.253996034123975], [36.83041787111225, -1.251833221902383], [36.828312816949555, -1.252097259756994], [36.82568106214245, -1.252637506603686], [36.823915296718006, -1.252071521874089], [36.8199979179687, -1.250468418123894], [36.81706512072152, -1.250821369410284], [36.814083765149846, -1.251307294311892], [36.80896339592439, -1.252623487032143], [36.80608181859122, -1.252162278459156], [36.80437894307938, -1.2512775232156], [36.802742751887216, -1.250741605287625], [36.79995379590389, -1.249121784457627], [36.798405027095505, -1.249088670480415], [36.79598152701003, -1.249398373099973], [36.79303920755127, -1.249017319972131], [36.78951290369858, -1.249086766580051], [36.78588435804888, -1.248744391735132], [36.78516091584235, -1.249096891223601], [36.78338279595705, -1.250956467591541], [36.78120936054706, -1.251515121499881], [36.77955705776044, -1.251125235254023], [36.77717935649532, -1.249889839212168], [36.77577309546643, -1.251010768684969], [36.77630414015187, -1.253957281298096], [36.776658660532746, -1.255354518085818], [36.774682754981, -1.257813881412165], [36.77332249349687, -1.260465985383056], [36.77441733024563, -1.26100175397436], [36.77544650542664, -1.261536506277157], [36.77630287801004, -1.261817013968905], [36.77710563756238, -1.262094346955264], [36.78008092506295, -1.262389812182199], [36.78085568794458, -1.263140304175155], [36.781812189293404, -1.265013027822387], [36.78232712568628, -1.267146960767456], [36.7843859628185, -1.269141314856847], [36.78491364131135, -1.269695048992207], [36.78544608905403, -1.27021081356887], [36.78548684030881, -1.272309125247777], [36.78396010024492, -1.276195265463109], [36.78282608415571, -1.276217572387421], [36.780998576461464, -1.275839185449307], [36.7789819543462, -1.276882573537649], [36.778176615660335, -1.276464120016027], [36.77545530295836, -1.275646963827122], [36.77548675218382, -1.274159188535364], [36.775473852103076, -1.273495026555326], [36.776272788739746, -1.272659529026497], [36.777083222723164, -1.272676876944637], [36.778557055552945, -1.271502880135965], [36.779248303406646, -1.269475952800412], [36.779274105972796, -1.268254763170514], [36.7778536452725, -1.267764031671233], [36.77468107735931, -1.267826459361221], [36.772789607503974, -1.267514866608801], [36.7714481566936, -1.266965851946546], [36.77036513957158, -1.266699131890991], [36.7698318460748, -1.266422029015115], [36.76772191551859, -1.265821083069873], [36.76740831212001, -1.264521452299404], [36.76667339414928, -1.263809558037557], [36.76740474347781, -1.262383668928272], [36.76550410667309, -1.262306500384644], [36.763901545444895, -1.26261994172687], [36.76178375047749, -1.263054609989603], [36.75911933301688, -1.262528692414563], [36.758751563390796, -1.261444198321471], [36.75882410799665, -1.258011197687494], [36.75705762236837, -1.257973384631286], [36.75447370482651, -1.258814841462427], [36.75326886965912, -1.259228744829803], [36.75200504362584, -1.259640311365716], [36.74889224407669, -1.261250862944883], [36.747735386664544, -1.26098407744203], [36.74432915226034, -1.259943391840059], [36.74248940522853, -1.260575399241111], [36.74126842414158, -1.260973006317162], [36.73971161961097, -1.261778484385518], [36.737225412207714, -1.262325497205661], [36.73580933580094, -1.262689449249808], [36.7288723077364, -1.262323594594258], [36.7265750091183, -1.261847902983244], [36.72492958046661, -1.264573455811879], [36.72589469250121, -1.265586253711043], [36.726855834814145, -1.266517335539598], [36.727607979710825, -1.267306648028833], [36.73259698084718, -1.269527554777365], [36.73317492193886, -1.27123188249028], [36.733204977771564, -1.272781013890252], [36.73263853599124, -1.275552105438384], [36.73290207516809, -1.276158559825905], [36.73344006135484, -1.277211949244746], [36.73316141074375, -1.277531232741499], [36.73209287577157, -1.277508334090913], [36.72978337285511, -1.278178811103922], [36.726164251133575, -1.277779790334899], [36.724117959262436, -1.277476959632855], [36.7213169721433, -1.277531989700728], [36.719698158940204, -1.277497289030099], [36.715259547168785, -1.278255203043848], [36.71204013013786, -1.278704612951941], [36.71147500279384, -1.279250123189699], [36.710946387344826, -1.279802890951225], [36.71067130874397, -1.280068422906351], [36.71032607976647, -1.280203712617748], [36.7106710680727, -1.280339622865945], [36.71027100685609, -1.281485151432675], [36.71088352807597, -1.283785334451947], [36.7114778171218, -1.284432056491916], [36.71606418833685, -1.286339553454734], [36.716961199917954, -1.287177578314074], [36.71749906783245, -1.288726563165318], [36.71783686961789, -1.292308560376291], [36.718666655395815, -1.293604429639488], [36.7194210290298, -1.294309195930549], [36.71975907794736, -1.295031810367188], [36.72145532443234, -1.296343431249145], [36.72267045131317, -1.296773326014435], [36.72480289787922, -1.296690191350086], [36.729184385336886, -1.296868951661836], [36.732234517860526, -1.296229539925506], [36.734683037084004, -1.296512609800083], [36.736720486169894, -1.298019529972644], [36.73772887137362, -1.299941718468001], [36.737000910893244, -1.301182970622325], [36.73396373202976, -1.303282408512589], [36.732624106098534, -1.304151352561472], [36.73253205870434, -1.30643664178463], [36.73355689369114, -1.307551904612225], [36.736600849972575, -1.307676102764568], [36.73961875657995, -1.307355608809183], [36.74266804489366, -1.306422656580962], [36.74664344164278, -1.305829690107218], [36.748964174801294, -1.307068339475032], [36.74971867314812, -1.307099113969037], [36.75106603545306, -1.307046580903925], [36.754084570231115, -1.307169725429554], [36.755517519702195, -1.306827551804689], [36.75739397879589, -1.306276492179169], [36.760290996942835, -1.305930215954945], [36.76063902225001, -1.304933687441954], [36.76130768252117, -1.3028145673054], [36.76298742496389, -1.302223691472937], [36.764939481435576, -1.302525746054782], [36.76681041604226, -1.303416481830443], [36.76875062451705, -1.306744869022644], [36.770335958698695, -1.309271412106204], [36.77113215217217, -1.311452146031328], [36.77245547673744, -1.314415075296997], [36.77320117970683, -1.316562546226501], [36.773759143055244, -1.318713574570914], [36.7730212443789, -1.319861405286695], [36.77145640910036, -1.322145808523236], [36.77089805131947, -1.323744563903147], [36.771524233766534, -1.326400997181241], [36.7724381296642, -1.329315381315343], [36.773792812119666, -1.330362872911235], [36.77735729206853, -1.330856472676032], [36.77991392492337, -1.332833345797365], [36.78196318086072, -1.333682713663939], [36.782869638410325, -1.333719705473194], [36.78499158794511, -1.333126461368137], [36.78712611104885, -1.331992137144749], [36.78971827802776, -1.331267426725194], [36.79248041745926, -1.330456271874635], [36.79440614311204, -1.331119226618087], [36.79644338608482, -1.332900783489707], [36.79726161525113, -1.333433623424672], [36.7993508699539, -1.335049097951089], [36.801627002042444, -1.335530528696566], [36.80399702837808, -1.335077316364436], [36.807179484134565, -1.334103599018983], [36.81451627036003, -1.334402877453845], [36.81908870352694, -1.334005959718588], [36.82299053610286, -1.332812103190144], [36.828817772910064, -1.333691949807498], [36.83810986290551, -1.333004859607978], [36.84036785582882, -1.333482406931454], [36.84253375065681, -1.333745213641205], [36.84414013816547, -1.3340281854178], [36.85064453359444, -1.334319658199203], [36.851145531267996, -1.335390484644854], [36.85219530610926, -1.336928792582603], [36.85260116427731, -1.340799305424358], [36.85400150458736, -1.340856396001867], [36.85465461558049, -1.340546876069083], [36.855327961938, -1.339816743658979], [36.85779760455861, -1.34047036735911], [36.8588882084965, -1.339890764670782], [36.85961377407548, -1.340680303487351], [36.8614802479349, -1.342211823321911], [36.866476903988634, -1.343176509589848], [36.86800218822042, -1.343664005784082], [36.86893366049094, -1.344888765336882], [36.869192405504656, -1.345441781140518], [36.869471695876506, -1.345974155132545], [36.86973032002045, -1.346798814280091], [36.87013958417644, -1.346782851610364], [36.87054380353011, -1.346799331303736], [36.871327526557984, -1.346768749018197], [36.87222504820598, -1.347391508922058], [36.87331321560516, -1.347909547161993], [36.87422428487697, -1.34890090719147], [36.877725096298064, -1.351134782928256], [36.881036375684296, -1.350855452672455], [36.88213395474825, -1.350335292026337], [36.883886714822935, -1.349257281957867], [36.88510103174284, -1.349209905992829], [36.885005485634984, -1.351583913198454], [36.88535618282714, -1.351965508225802], [36.88724236713475, -1.352269615872714], [36.88698175682997, -1.353865559135292], [36.88643181161193, -1.354668443035975], [36.88617210354186, -1.355221009406767], [36.88563222866171, -1.356245700816431], [36.88666598237904, -1.357425287997143], [36.88849806924511, -1.357353810105484], [36.8904713772865, -1.357937111961657], [36.89229319073323, -1.358375558912883], [36.89351893586421, -1.360394314348216], [36.89398177915499, -1.361727132544753], [36.894422172181656, -1.365458736458746], [36.89531576732453, -1.366078772844582], [36.895778781324566, -1.366060705928049], [36.89694221874275, -1.366340712991246], [36.89800922122147, -1.367165685911669], [36.900122595940566, -1.368728669474292], [36.90043303585142, -1.369066463338186], [36.90093661720628, -1.369536899506713], [36.901253202700765, -1.37188364738104], [36.90192739313714, -1.374482511839351], [36.90206280176152, -1.377999033750603], [36.90157433051486, -1.378926136233939], [36.9012220657886, -1.379934825447609], [36.90127960857235, -1.381429399235138], [36.90096339674615, -1.382102205215681], [36.89907017903254, -1.382703612511981], [36.89790926505426, -1.384687020657458], [36.8971316427762, -1.385100262834966], [36.8952328804392, -1.385703411739876], [36.89453298215442, -1.387192550481176], [36.893312504818375, -1.388036180596024], [36.89254145367266, -1.387752683996067], [36.89110141499243, -1.386185677139707], [36.88993971511488, -1.385632634283691], [36.88963912734847, -1.385059653827423], [36.88891187147689, -1.383505175479271], [36.886990573184804, -1.383098807094367], [36.88693885624255, -1.384383206940684], [36.88799270849885, -1.385927531508911], [36.88836994906485, -1.387925792674839], [36.8891054701861, -1.388318353671575], [36.88941196331488, -1.38766622385724], [36.890532269194786, -1.389415691827391], [36.89152198675638, -1.38994391627395], [36.891930672141115, -1.389927993689018], [36.892338999753804, -1.389944650468274], [36.89328071012397, -1.389613407702235], [36.89502431018374, -1.390443489984249], [36.894764073750636, -1.391573848833658], [36.89432141159054, -1.392841331987702], [36.89554876008752, -1.394639872257494], [36.89412969638265, -1.395620756334286], [36.89191041344151, -1.396985614689645], [36.89170457497796, -1.396558100976155], [36.8922942320694, -1.393734176483584], [36.89239224223652, -1.391300483428116], [36.89132994667322, -1.391759203536679], [36.88984971300841, -1.393518946590319], [36.889928729811786, -1.395572069553251], [36.88909851675926, -1.398416695796121], [36.889536258638806, -1.399681045514861], [36.891194048556386, -1.399748683009696], [36.892179650085026, -1.399067419774284], [36.893679090249044, -1.399428311953117], [36.894476829722265, -1.399981830209628], [36.89610385653413, -1.400244204123798], [36.897452870707504, -1.400721439626112], [36.90175229753115, -1.401139985066749], [36.901353333854395, -1.401870737310474], [36.900813507772845, -1.401891771474663], [36.89947100521148, -1.401837004555082], [36.898810838126245, -1.403241548838576], [36.89811732431659, -1.403213258516805], [36.89717404066726, -1.40325003416887], [36.895875523551176, -1.403197058734596], [36.89529223461986, -1.403740007656044], [36.89555094921625, -1.404322540295691], [36.89634524797175, -1.40506458401688], [36.896417360134905, -1.406938371363055], [36.89510735453558, -1.408358741431894], [36.89214350881221, -1.40757424665818], [36.889638996703546, -1.4078617072214], [36.889585981468876, -1.409177925265751], [36.89069533048962, -1.409471558370031], [36.89477431646958, -1.410093081844681], [36.89733820620797, -1.411872126469932], [36.89884480615003, -1.412405122782256], [36.90015247157878, -1.411785472984965], [36.90008470182285, -1.410024688364562], [36.90148004286985, -1.409970297599147], [36.90364642379483, -1.410058678894617], [36.90917618035014, -1.409723084067898], [36.91090722468876, -1.410276391700435], [36.91058641164559, -1.411313815771877], [36.90794933567337, -1.411657427295016], [36.906161460886764, -1.411584488769501], [36.9042560847105, -1.412988369773658], [36.90390699594708, -1.414094564291253], [36.90362675165021, -1.4146264494633], [36.90313304134802, -1.41567683736459], [36.90039681523189, -1.4157834907856], [36.89850658749815, -1.415706359581622], [36.89644771179568, -1.4162473119856], [36.894373569350314, -1.414514100808903], [36.89332001233288, -1.41286881947481], [36.89205426370573, -1.411990526668386], [36.891372139811104, -1.411772490434268]], [[36.81012844024496, -1.249508166791717], [36.810283636282655, -1.249327164480512], [36.81230489008945, -1.248716506029128], [36.81431061096501, -1.24745881290773], [36.815106226652624, -1.246315576477091], [36.81322121843953, -1.244774512261832], [36.810279359072624, -1.242039687350539], [36.80893621215963, -1.24106726843949], [36.8065416199789, -1.240068199222602], [36.805181794129076, -1.239303080517252], [36.80311061549717, -1.238370804563151], [36.800160389530625, -1.235651544742365], [36.799029639276775, -1.235270039140924], [36.797721399637965, -1.236202016050609], [36.79734812553383, -1.238252017145511], [36.79618295659671, -1.239260686884962], [36.79505640075896, -1.241067648257901], [36.79430826198052, -1.242751384312802], [36.79441900199002, -1.244153228530411], [36.79833749086944, -1.24467261993326], [36.80007134598947, -1.246118608110982], [36.80251137204553, -1.247659698024163], [36.805423572706445, -1.248544861678259], [36.80765298291067, -1.249371008593339], [36.81012844024496, -1.249508166791717]], [[36.81283205912528, -1.238661664499009], [36.812957563124726, -1.237702411687387], [36.81336824286219, -1.236579693589909], [36.813844261931905, -1.235722611770691], [36.81434447783491, -1.234055358768845], [36.81501996083799, -1.23283915365421], [36.81457966750664, -1.23121466720863], [36.81432636057187, -1.228414655153804], [36.813658707649594, -1.227207903838974], [36.81202881086648, -1.226873050500656], [36.810554841966514, -1.227416475868623], [36.80841642882558, -1.227080775418195], [36.807058426868934, -1.226577564303833], [36.8052407143253, -1.226325016932717], [36.80302495980359, -1.228166684382065], [36.802665188274666, -1.228586281958832], [36.8021378965234, -1.230343787624307], [36.80220509238149, -1.23119433583054], [36.80217228478436, -1.231601134593771], [36.802246259790365, -1.232537387486142], [36.80285621346059, -1.234213428404162], [36.8067807547784, -1.23661240333438], [36.808469684201654, -1.237819814555513], [36.810302300909086, -1.238521518310828], [36.81283205912528, -1.238661664499009]], [[36.838154689869654, -1.247904195270553], [36.83831138399809, -1.24574703253169], [36.83909237027067, -1.24532071159444], [36.84069831457611, -1.244700856219676], [36.84075825490221, -1.243702371803377], [36.840710677056194, -1.242887749267751], [36.84101969448206, -1.238825920731492], [36.84048535391945, -1.234779648727584], [36.838957060418274, -1.233942138148838], [36.836082393771406, -1.233600813970506], [36.833274363040466, -1.232300859433135], [36.83074915615314, -1.230522410140911], [36.82741811048126, -1.23071949670163], [36.82299640670161, -1.230322261613997], [36.822666362278504, -1.230932386814359], [36.82241116497871, -1.232032323854026], [36.82212566318773, -1.233101709922844], [36.821638271846965, -1.235202359636248], [36.820373265977636, -1.236832007843795], [36.819463010599094, -1.237649245278498], [36.81938410865692, -1.238963483405559], [36.819793290979014, -1.240114291436525], [36.819628228138036, -1.242863589338079], [36.82071833232085, -1.242413398786576], [36.82133538752904, -1.241719454155656], [36.82316071533525, -1.242288423522495], [36.82400371967187, -1.243505272944028], [36.82428573103215, -1.246863244865163], [36.82656656316197, -1.247480116799643], [36.82836609499807, -1.246845455941483], [36.82975123681385, -1.245873340977992], [36.83408004207996, -1.246690273886429], [36.8366651129779, -1.247774981971001], [36.838154689869654, -1.247904195270553]], [[36.76218395398606, -1.225601012580452], [36.76246436143737, -1.224930631041719], [36.76111121011159, -1.222904449669977], [36.76003797620031, -1.223307614628923], [36.75942068876647, -1.224783411076068], [36.76016356855684, -1.224951688314787], [36.760655717784886, -1.224841075164585], [36.76148573501032, -1.225489654318705], [36.76218395398606, -1.225601012580452]], [[36.81902381106127, -1.245989752557282], [36.81923649787558, -1.245458497403786], [36.81900512769348, -1.244789159762515], [36.81783125433511, -1.245663282499455], [36.81902381106127, -1.245989752557282]], [[36.815520269721716, -1.246529269429788], [36.81542829081232, -1.246198511143881], [36.81519179997162, -1.246436152320517], [36.815520269721716, -1.246529269429788]], [[36.76782075899003, -1.251642003764773], [36.767208312658234, -1.251750110511251], [36.767670591529885, -1.251994363214807], [36.76782075899003, -1.251642003764773], [36.76812023273683, -1.251401052414905], [36.76848078280572, -1.250135910909298], [36.76994888539652, -1.249240111633855], [36.76982781525987, -1.248253581195002], [36.76986251404919, -1.247974735234228], [36.76956111487269, -1.247183505663793], [36.76914283160541, -1.245706327148919], [36.76797577985094, -1.245253680679003], [36.76686834340704, -1.245011520258473], [36.76546676128021, -1.244467903532825], [36.76396587863018, -1.244820409613116], [36.76268324396541, -1.245852400275794], [36.7618809251772, -1.247179366305218], [36.76096775610318, -1.247718578638303], [36.75988965929222, -1.248027830584119], [36.76055598797662, -1.248687886237296], [36.76149085363738, -1.248805736548958], [36.76193882885401, -1.248750037922876], [36.763467808903535, -1.249100988146841], [36.76426239020776, -1.249002199740944], [36.76544602357379, -1.249505393090299], [36.76686353790811, -1.250706942885836], [36.767701286194026, -1.251220087576267], [36.76782075899003, -1.251642003764773]], [[36.76781984087561, -1.2527268468434], [36.767673716919404, -1.252382361084817], [36.767200260599445, -1.252616384240636], [36.76781984087561, -1.2527268468434]], [[36.769164846347564, -1.255440112249825], [36.76898894208789, -1.254508442441501], [36.768227343548105, -1.254884295777816], [36.769164846347564, -1.255440112249825]], [[36.76727285067994, -1.262218757567988], [36.76718089198693, -1.261888007448841], [36.766944392390414, -1.262125633918326], [36.76727285067994, -1.262218757567988]], [[36.70312133228204, -1.286027997273827], [36.703029386322015, -1.285697258116915], [36.702792893547674, -1.28593486411852], [36.70312133228204, -1.286027997273827]], [[36.699883777822706, -1.29063542959432], [36.700001294771475, -1.290482482800816], [36.70030565165995, -1.290246471176752], [36.70108044277451, -1.289127291319701], [36.7013514205675, -1.287287968734494], [36.70006360005473, -1.286285630816443], [36.69813597001895, -1.286570547059746], [36.69608989162727, -1.287377967775126], [36.69627803035303, -1.288667419119697], [36.69762730141091, -1.290502575317426], [36.699883777822706, -1.29063542959432]], [[36.73247182925588, -1.308564375135749], [36.73260399025344, -1.308426178583851], [36.73332267686286, -1.308076057759683], [36.73207068170751, -1.308175759644429], [36.73247182925588, -1.308564375135749]], [[36.768244102930225, -1.381552400923489], [36.76800935626249, -1.380628168616916], [36.767595509387014, -1.381100790461107], [36.768244102930225, -1.381552400923489]], [[36.886539394431175, -1.391425663599803], [36.886701802626945, -1.390749947954386], [36.886432266166565, -1.389370649177222], [36.88595519193299, -1.389142046172509], [36.886215869720104, -1.390476059469296], [36.88609229163592, -1.39110254315708], [36.886539394431175, -1.391425663599803]], [[36.88680768323909, -1.392782066522922], [36.886715716670146, -1.392451286853639], [36.88647918505722, -1.392688914690601], [36.88680768323909, -1.392782066522922]], [[36.85177003801117, -1.396547341286082], [36.85219890469793, -1.395870266665767], [36.85140247757091, -1.394503819691606], [36.850583126808154, -1.394255828043306], [36.85118313046437, -1.396377864418567], [36.85177003801117, -1.396547341286082]], [[36.86739472336674, -1.40307115561887], [36.867519585475286, -1.40292557412985], [36.868348577103426, -1.402404040154582], [36.86859843598049, -1.4019638532471], [36.86564082763766, -1.399465951818956], [36.86445028706718, -1.399145724055289], [36.86457864394805, -1.400771903394435], [36.86401335518766, -1.401261164770508], [36.8640699788481, -1.401978703300338], [36.865047704774476, -1.402828033850429], [36.86739472336674, -1.40307115561887]], [[36.87251218607206, -1.406330601975469], [36.87343250763193, -1.405061016709325], [36.87292918766528, -1.404575623034275], [36.871846216749944, -1.406122959750231], [36.87251218607206, -1.406330601975469]]]]}}, {"type": "Feature", "properties": {"Id": 200, "gridcode": 3}, "geometry": {"type": "MultiPolygon", "coordinates": [[[[36.887865948563885, -1.414752842420509], [36.889248431013336, -1.414630345838757], [36.890467659359125, -1.413832878115545], [36.89007714101087, -1.412560819489171], [36.89029389596732, -1.412042738538876], [36.89110239540586, -1.412043477056508], [36.8911026399354, -1.411772244371809], [36.891372139811104, -1.411772490434268], [36.89205426370573, -1.411990526668386], [36.89332001233288, -1.41286881947481], [36.894373569350314, -1.414514100808903], [36.89644771179568, -1.4162473119856], [36.89850658749815, -1.415706359581622], [36.90039681523189, -1.4157834907856], [36.90313304134802, -1.41567683736459], [36.90362675165021, -1.4146264494633], [36.90390699594708, -1.414094564291253], [36.9042560847105, -1.412988369773658], [36.906161460886764, -1.411584488769501], [36.90794933567337, -1.411657427295016], [36.91058641164559, -1.411313815771877], [36.91090722468876, -1.410276391700435], [36.90917618035014, -1.409723084067898], [36.90364642379483, -1.410058678894617], [36.90148004286985, -1.409970297599147], [36.90008470182285, -1.410024688364562], [36.90015247157878, -1.411785472984965], [36.89884480615003, -1.412405122782256], [36.89733820620797, -1.411872126469932], [36.89477431646958, -1.410093081844681], [36.89069533048962, -1.409471558370031], [36.889585981468876, -1.409177925265751], [36.889638996703546, -1.4078617072214], [36.89214350881221, -1.40757424665818], [36.89510735453558, -1.408358741431894], [36.896417360134905, -1.406938371363055], [36.89634524797175, -1.40506458401688], [36.89555094921625, -1.404322540295691], [36.89529223461986, -1.403740007656044], [36.895875523551176, -1.403197058734596], [36.89717404066726, -1.40325003416887], [36.89811732431659, -1.403213258516805], [36.898810838126245, -1.403241548838576], [36.89947100521148, -1.401837004555082], [36.900813507772845, -1.401891771474663], [36.901353333854395, -1.401870737310474], [36.90175229753115, -1.401139985066749], [36.897452870707504, -1.400721439626112], [36.89610385653413, -1.400244204123798], [36.894476829722265, -1.399981830209628], [36.893679090249044, -1.399428311953117], [36.892179650085026, -1.399067419774284], [36.891194048556386, -1.399748683009696], [36.889536258638806, -1.399681045514861], [36.88909851675926, -1.398416695796121], [36.889928729811786, -1.395572069553251], [36.88984971300841, -1.393518946590319], [36.89132994667322, -1.391759203536679], [36.89239224223652, -1.391300483428116], [36.8922942320694, -1.393734176483584], [36.89170457497796, -1.396558100976155], [36.89191041344151, -1.396985614689645], [36.89412969638265, -1.395620756334286], [36.89554876008752, -1.394639872257494], [36.89432141159054, -1.392841331987702], [36.894764073750636, -1.391573848833658], [36.89502431018374, -1.390443489984249], [36.89328071012397, -1.389613407702235], [36.892338999753804, -1.389944650468274], [36.891930672141115, -1.389927993689018], [36.89152198675638, -1.38994391627395], [36.890532269194786, -1.389415691827391], [36.88941196331488, -1.38766622385724], [36.8891054701861, -1.388318353671575], [36.88836994906485, -1.387925792674839], [36.88799270849885, -1.385927531508911], [36.88693885624255, -1.384383206940684], [36.886990573184804, -1.383098807094367], [36.88891187147689, -1.383505175479271], [36.88963912734847, -1.385059653827423], [36.88993971511488, -1.385632634283691], [36.89110141499243, -1.386185677139707], [36.89254145367266, -1.387752683996067], [36.893312504818375, -1.388036180596024], [36.89453298215442, -1.387192550481176], [36.8952328804392, -1.385703411739876], [36.8971316427762, -1.385100262834966], [36.89790926505426, -1.384687020657458], [36.89907017903254, -1.382703612511981], [36.90096339674615, -1.382102205215681], [36.90127960857235, -1.381429399235138], [36.9012220657886, -1.379934825447609], [36.90157433051486, -1.378926136233939], [36.90206280176152, -1.377999033750603], [36.90192739313714, -1.374482511839351], [36.901253202700765, -1.37188364738104], [36.90093661720628, -1.369536899506713], [36.90043303585142, -1.369066463338186], [36.900122595940566, -1.368728669474292], [36.89800922122147, -1.367165685911669], [36.89694221874275, -1.366340712991246], [36.895778781324566, -1.366060705928049], [36.89531576732453, -1.366078772844582], [36.894422172181656, -1.365458736458746], [36.89398177915499, -1.361727132544753], [36.89351893586421, -1.360394314348216], [36.89229319073323, -1.358375558912883], [36.8904713772865, -1.357937111961657], [36.88849806924511, -1.357353810105484], [36.88666598237904, -1.357425287997143], [36.88563222866171, -1.356245700816431], [36.88617210354186, -1.355221009406767], [36.88643181161193, -1.354668443035975], [36.88698175682997, -1.353865559135292], [36.88724236713475, -1.352269615872714], [36.88535618282714, -1.351965508225802], [36.885005485634984, -1.351583913198454], [36.88510103174284, -1.349209905992829], [36.883886714822935, -1.349257281957867], [36.88213395474825, -1.350335292026337], [36.881036375684296, -1.350855452672455], [36.877725096298064, -1.351134782928256], [36.87422428487697, -1.34890090719147], [36.87331321560516, -1.347909547161993], [36.87222504820598, -1.347391508922058], [36.871327526557984, -1.346768749018197], [36.87054380353011, -1.346799331303736], [36.87013958417644, -1.346782851610364], [36.86973032002045, -1.346798814280091], [36.869471695876506, -1.345974155132545], [36.869192405504656, -1.345441781140518], [36.86893366049094, -1.344888765336882], [36.86800218822042, -1.343664005784082], [36.866476903988634, -1.343176509589848], [36.8614802479349, -1.342211823321911], [36.85961377407548, -1.340680303487351], [36.8588882084965, -1.339890764670782], [36.85779760455861, -1.34047036735911], [36.855327961938, -1.339816743658979], [36.85465461558049, -1.340546876069083], [36.85400150458736, -1.340856396001867], [36.85260116427731, -1.340799305424358], [36.85219530610926, -1.336928792582603], [36.851145531267996, -1.335390484644854], [36.85064453359444, -1.334319658199203], [36.84414013816547, -1.3340281854178], [36.84253375065681, -1.333745213641205], [36.84036785582882, -1.333482406931454], [36.83810986290551, -1.333004859607978], [36.828817772910064, -1.333691949807498], [36.82299053610286, -1.332812103190144], [36.81908870352694, -1.334005959718588], [36.81451627036003, -1.334402877453845], [36.807179484134565, -1.334103599018983], [36.80399702837808, -1.335077316364436], [36.801627002042444, -1.335530528696566], [36.7993508699539, -1.335049097951089], [36.79726161525113, -1.333433623424672], [36.79644338608482, -1.332900783489707], [36.79440614311204, -1.331119226618087], [36.79248041745926, -1.330456271874635], [36.78971827802776, -1.331267426725194], [36.78712611104885, -1.331992137144749], [36.78499158794511, -1.333126461368137], [36.782869638410325, -1.333719705473194], [36.78196318086072, -1.333682713663939], [36.77991392492337, -1.332833345797365], [36.77735729206853, -1.330856472676032], [36.773792812119666, -1.330362872911235], [36.7724381296642, -1.329315381315343], [36.771524233766534, -1.326400997181241], [36.77089805131947, -1.323744563903147], [36.77145640910036, -1.322145808523236], [36.7730212443789, -1.319861405286695], [36.773759143055244, -1.318713574570914], [36.77320117970683, -1.316562546226501], [36.77245547673744, -1.314415075296997], [36.77113215217217, -1.311452146031328], [36.770335958698695, -1.309271412106204], [36.76875062451705, -1.306744869022644], [36.76681041604226, -1.303416481830443], [36.764939481435576, -1.302525746054782], [36.76298742496389, -1.302223691472937], [36.76130768252117, -1.3028145673054], [36.76063902225001, -1.304933687441954], [36.760290996942835, -1.305930215954945], [36.75739397879589, -1.306276492179169], [36.755517519702195, -1.306827551804689], [36.754084570231115, -1.307169725429554], [36.75106603545306, -1.307046580903925], [36.74971867314812, -1.307099113969037], [36.748964174801294, -1.307068339475032], [36.74664344164278, -1.305829690107218], [36.74266804489366, -1.306422656580962], [36.73961875657995, -1.307355608809183], [36.736600849972575, -1.307676102764568], [36.73355689369114, -1.307551904612225], [36.73253205870434, -1.30643664178463], [36.732624106098534, -1.304151352561472], [36.73396373202976, -1.303282408512589], [36.737000910893244, -1.301182970622325], [36.73772887137362, -1.299941718468001], [36.736720486169894, -1.298019529972644], [36.734683037084004, -1.296512609800083], [36.732234517860526, -1.296229539925506], [36.729184385336886, -1.296868951661836], [36.72480289787922, -1.296690191350086], [36.72267045131317, -1.296773326014435], [36.72145532443234, -1.296343431249145], [36.71975907794736, -1.295031810367188], [36.7194210290298, -1.294309195930549], [36.718666655395815, -1.293604429639488], [36.71783686961789, -1.292308560376291], [36.71749906783245, -1.288726563165318], [36.716961199917954, -1.287177578314074], [36.71606418833685, -1.286339553454734], [36.7114778171218, -1.284432056491916], [36.71088352807597, -1.283785334451947], [36.71027100685609, -1.281485151432675], [36.7106710680727, -1.280339622865945], [36.71067130874397, -1.280068422906351], [36.710946387344826, -1.279802890951225], [36.71147500279384, -1.279250123189699], [36.71204013013786, -1.278704612951941], [36.715259547168785, -1.278255203043848], [36.719698158940204, -1.277497289030099], [36.7213169721433, -1.277531989700728], [36.724117959262436, -1.277476959632855], [36.726164251133575, -1.277779790334899], [36.72978337285511, -1.278178811103922], [36.73209287577157, -1.277508334090913], [36.73316141074375, -1.277531232741499], [36.73344006135484, -1.277211949244746], [36.73290207516809, -1.276158559825905], [36.73263853599124, -1.275552105438384], [36.733204977771564, -1.272781013890252], [36.73317492193886, -1.27123188249028], [36.73259698084718, -1.269527554777365], [36.727607979710825, -1.267306648028833], [36.726855834814145, -1.266517335539598], [36.72589469250121, -1.265586253711043], [36.72492958046661, -1.264573455811879], [36.7265750091183, -1.261847902983244], [36.7288723077364, -1.262323594594258], [36.73580933580094, -1.262689449249808], [36.737225412207714, -1.262325497205661], [36.73971161961097, -1.261778484385518], [36.74126842414158, -1.260973006317162], [36.74248940522853, -1.260575399241111], [36.74432915226034, -1.259943391840059], [36.747735386664544, -1.26098407744203], [36.74889224407669, -1.261250862944883], [36.75200504362584, -1.259640311365716], [36.75326886965912, -1.259228744829803], [36.75447370482651, -1.258814841462427], [36.75705762236837, -1.257973384631286], [36.75882410799665, -1.258011197687494], [36.758751563390796, -1.261444198321471], [36.75911933301688, -1.262528692414563], [36.76178375047749, -1.263054609989603], [36.763901545444895, -1.26261994172687], [36.76550410667309, -1.262306500384644], [36.76740474347781, -1.262383668928272], [36.76667339414928, -1.263809558037557], [36.76740831212001, -1.264521452299404], [36.76772191551859, -1.265821083069873], [36.7698318460748, -1.266422029015115], [36.77036513957158, -1.266699131890991], [36.7714481566936, -1.266965851946546], [36.772789607503974, -1.267514866608801], [36.77468107735931, -1.267826459361221], [36.7778536452725, -1.267764031671233], [36.779274105972796, -1.268254763170514], [36.779248303406646, -1.269475952800412], [36.778557055552945, -1.271502880135965], [36.777083222723164, -1.272676876944637], [36.776272788739746, -1.272659529026497], [36.775473852103076, -1.273495026555326], [36.77548675218382, -1.274159188535364], [36.77545530295836, -1.275646963827122], [36.778176615660335, -1.276464120016027], [36.7789819543462, -1.276882573537649], [36.780998576461464, -1.275839185449307], [36.78282608415571, -1.276217572387421], [36.78396010024492, -1.276195265463109], [36.78548684030881, -1.272309125247777], [36.78544608905403, -1.27021081356887], [36.78491364131135, -1.269695048992207], [36.7843859628185, -1.269141314856847], [36.78232712568628, -1.267146960767456], [36.781812189293404, -1.265013027822387], [36.78085568794458, -1.263140304175155], [36.78008092506295, -1.262389812182199], [36.77710563756238, -1.262094346955264], [36.77630287801004, -1.261817013968905], [36.77544650542664, -1.261536506277157], [36.77441733024563, -1.26100175397436], [36.77332249349687, -1.260465985383056], [36.774682754981, -1.257813881412165], [36.776658660532746, -1.255354518085818], [36.77630414015187, -1.253957281298096], [36.77577309546643, -1.251010768684969], [36.77717935649532, -1.249889839212168], [36.77955705776044, -1.251125235254023], [36.78120936054706, -1.251515121499881], [36.78338279595705, -1.250956467591541], [36.78516091584235, -1.249096891223601], [36.78588435804888, -1.248744391735132], [36.78951290369858, -1.249086766580051], [36.79303920755127, -1.249017319972131], [36.79598152701003, -1.249398373099973], [36.798405027095505, -1.249088670480415], [36.79995379590389, -1.249121784457627], [36.802742751887216, -1.250741605287625], [36.80437894307938, -1.2512775232156], [36.80608181859122, -1.252162278459156], [36.80896339592439, -1.252623487032143], [36.814083765149846, -1.251307294311892], [36.81706512072152, -1.250821369410284], [36.8199979179687, -1.250468418123894], [36.823915296718006, -1.252071521874089], [36.82568106214245, -1.252637506603686], [36.828312816949555, -1.252097259756994], [36.83041787111225, -1.251833221902383], [36.832008040072296, -1.253996034123975], [36.83494516456794, -1.25431969841133], [36.8355833482225, -1.255646458103197], [36.8345073265099, -1.256170766079911], [36.83416420908613, -1.256881099496711], [36.83492887865263, -1.258018528007227], [36.83586088673003, -1.258474587290814], [36.83666087292947, -1.25889022711432], [36.83763983143415, -1.259156838611538], [36.84061286709991, -1.258293550906535], [36.84294917353415, -1.256512323883443], [36.84529167227948, -1.256185171391822], [36.846634100987146, -1.255638405069322], [36.848251723774936, -1.254997786972541], [36.849072451512114, -1.252078262021819], [36.84906069043237, -1.25147439256612], [36.84742618433205, -1.250939050826714], [36.847458912569905, -1.249387344941135], [36.84856377963896, -1.248848958312926], [36.849339756592975, -1.248865539480895], [36.8497650343453, -1.24538616442463], [36.8490646283772, -1.241232717364377], [36.84817782139904, -1.240373749956955], [36.84526149434574, -1.239798252145479], [36.844097353715895, -1.239002611027821], [36.843648647571776, -1.237607026382661], [36.84371165105272, -1.234618770882919], [36.843684091436515, -1.233202507428745], [36.84222707867816, -1.232239343799735], [36.8393777070933, -1.231770090619559], [36.837930724190954, -1.2314705611916], [36.83536047947537, -1.230582738908256], [36.833310813018414, -1.227976336199506], [36.830863985955865, -1.226511683276765], [36.8286034947031, -1.226065604653832], [36.82766959372641, -1.225743014098995], [36.82699317499105, -1.224702758496372], [36.82561479148184, -1.222770428895184], [36.82297377009013, -1.222822521326913], [36.821606005246935, -1.221986146793876], [36.8207924236911, -1.22171968308384], [36.81994241811834, -1.221426070089794], [36.81892644473042, -1.220360020504406], [36.817529291964185, -1.22001599722698], [36.817027914301285, -1.218456544170614], [36.816473017391885, -1.217919072905277], [36.81648885834377, -1.218732642241237], [36.81620818736105, -1.219003633038604], [36.81621913173095, -1.219565954807865], [36.815672903514645, -1.221167938528422], [36.81568389424756, -1.221732817728648], [36.81455607090549, -1.2238789184261], [36.81339978326599, -1.222665622681935], [36.81379711893997, -1.220332424810469], [36.81433215853787, -1.219815862711508], [36.81461790127182, -1.219516999931158], [36.814597276397095, -1.218457270728479], [36.814602988293515, -1.218186055777334], [36.81459507628399, -1.217779219893204], [36.81460649978127, -1.217236789981397], [36.81459833486816, -1.216816913532857], [36.81530338453484, -1.216136207000129], [36.81651858456704, -1.215740394650426], [36.81648509833729, -1.214020751035525], [36.81359959899954, -1.213545548845195], [36.81272017404222, -1.213847719900285], [36.811367242577, -1.214112415400571], [36.81056380274408, -1.214659619606554], [36.80819178632798, -1.216139419726526], [36.80567537529717, -1.216754686649385], [36.80382589641865, -1.216275999460447], [36.801665011666834, -1.216008432226763], [36.79947276333929, -1.215724570078356], [36.79791889285719, -1.214917263681881], [36.79546847686012, -1.214647263563919], [36.79466571085523, -1.21436996677212], [36.79271585657221, -1.213731341176278], [36.791164256010454, -1.212468580792446], [36.78951477186882, -1.212062413982097], [36.787337229174206, -1.213189216816231], [36.786175770548475, -1.213416439399588], [36.78734313866462, -1.212150402891203], [36.79061447418844, -1.209104598196628], [36.78954294535241, -1.208406902218634], [36.78860552785719, -1.20772292792438], [36.78794311678478, -1.206220618693966], [36.786255631918024, -1.204163882088196], [36.78537530339224, -1.203652065379275], [36.78556908221277, -1.203022259666356], [36.78801057370043, -1.198529303916462], [36.788343714929624, -1.1982301939352], [36.788060235542666, -1.200584561161871], [36.78853860075882, -1.202349428383268], [36.7900065432483, -1.203624462393294], [36.79345561736312, -1.204416091141056], [36.795959832938394, -1.205344018467369], [36.79798343736786, -1.206482578107092], [36.799355914409716, -1.206772368984165], [36.80034665838048, -1.20454243473386], [36.80113341985206, -1.203861302326211], [36.801413926313025, -1.202926299072171], [36.801958103505214, -1.202455180854699], [36.80233258125458, -1.202018402107032], [36.80291199482237, -1.20151677811993], [36.80328712202559, -1.200266346490245], [36.80376249662596, -1.198966648224515], [36.80411682098613, -1.198659881771855], [36.80424165192898, -1.198514288256753], [36.80486341980279, -1.198717922077751], [36.815147556760714, -1.20435700501234], [36.81811576965164, -1.205981299306311], [36.82753757678618, -1.211147526273451], [36.832033759334614, -1.213607961265836], [36.83499067999674, -1.215216459220343], [36.833213094989084, -1.210795388043056], [36.833065977887024, -1.209115099298048], [36.83360512893125, -1.208844309462114], [36.83413799622583, -1.210586117961355], [36.83629830669177, -1.210745036338215], [36.83618525303603, -1.211445381421284], [36.83571044194796, -1.212605711466576], [36.838081352782844, -1.213086113722888], [36.839512309795126, -1.214276709021961], [36.841105857695005, -1.214896783597731], [36.8425527109747, -1.21429970592247], [36.843167531382186, -1.213437793989694], [36.84341565345984, -1.212461582129653], [36.84260825780374, -1.211179313405705], [36.842496098934795, -1.210750009320301], [36.844047622351276, -1.211480620136836], [36.84989625749108, -1.214005702905131], [36.85065936255471, -1.209560321778236], [36.85085075304583, -1.209400559548467], [36.850996918308724, -1.209527507093601], [36.85093551329191, -1.210289176759655], [36.85126380967573, -1.210882547387936], [36.85154165616492, -1.212422583327344], [36.85254267557786, -1.212873119071608], [36.85415617244882, -1.212743926077827], [36.85488880446256, -1.213156114608147], [36.855283701698404, -1.213618193500947], [36.85568383731669, -1.21396573283959], [36.85934438529843, -1.213569881852764], [36.86118485169759, -1.211423156255421], [36.8624423631931, -1.208592660271121], [36.86395356583982, -1.206819283942664], [36.8672006137649, -1.204547557771515], [36.868500333967496, -1.202282656380065], [36.872021656138415, -1.200070007718301], [36.87246682797966, -1.19955074577442], [36.87409843282924, -1.198605617576911], [36.87552628604597, -1.19817413663712], [36.87647866516835, -1.197822958007281], [36.87699911802158, -1.197215892373581], [36.8776874044468, -1.197608272668636], [36.87797787469218, -1.198964654098783], [36.87868837996788, -1.198633759861019], [36.88040106732029, -1.197376573109646], [36.88297751371122, -1.197701166164453], [36.88475168739368, -1.196653316817826], [36.8878987128625, -1.196260050507086], [36.88804844477504, -1.196139552881669], [36.8894239915364, -1.196046645324769], [36.889751440798065, -1.195493692794251], [36.88939644903791, -1.195326897995394], [36.88994933698202, -1.194633054514778], [36.89091825506513, -1.194060795439438], [36.89326599250979, -1.194737528116479], [36.896254567321556, -1.193554171092237], [36.896943254577046, -1.193434087048624], [36.898076413476126, -1.194105775845874], [36.89851585701871, -1.195799105874608], [36.89768800412046, -1.197561172991325], [36.8938181709684, -1.201089584817004], [36.8914594024701, -1.201709720466038], [36.89114317412215, -1.201696855808008], [36.89036105056583, -1.201727449337338], [36.88979127212914, -1.200892650806255], [36.88906169221937, -1.199753564131154], [36.88691774191137, -1.198995351182094], [36.88456861376257, -1.19889980437352], [36.87956353269776, -1.199958623340919], [36.875790530348326, -1.201520462695935], [36.87363152181881, -1.202778653779855], [36.872101316517465, -1.203504061683538], [36.86931803975405, -1.205216331720628], [36.86739758208565, -1.206350673091768], [36.865108911998014, -1.208481688234223], [36.86420199679993, -1.210699038478536], [36.86417202085797, -1.211445360834331], [36.864234824122484, -1.213072781930769], [36.86413809749821, -1.215480946651027], [36.864718447578966, -1.215790621590514], [36.86579470942574, -1.21630291701197], [36.86584530709723, -1.217613800027123], [36.865522784426545, -1.218226100453908], [36.86566450323443, -1.218634107868118], [36.86533587630009, -1.218726695660487], [36.865571989148734, -1.218964722419958], [36.86566450323443, -1.218634107868118], [36.86619948809318, -1.218907042327133], [36.86600237507975, -1.219312449503984], [36.86615145891101, -1.21962030829464], [36.865663648493694, -1.219719022322604], [36.865517504851425, -1.219374522578009], [36.86504402882416, -1.219608589162292], [36.865663648493694, -1.219719022322604], [36.865839244539764, -1.220236697366175], [36.864722767208626, -1.219851066784727], [36.86445090332152, -1.219856436708599], [36.86290182867852, -1.219823376690456], [36.86191870101431, -1.220302474963104], [36.86108615180537, -1.22202622678655], [36.859125849486176, -1.22462216710207], [36.858250560527004, -1.226328967725018], [36.85936274861263, -1.2282549440987], [36.86015130587786, -1.22798436039864], [36.86066955166369, -1.227442313998131], [36.86121971306536, -1.226911148389138], [36.86188046227085, -1.22622004763991], [36.86411358044867, -1.224063999944211], [36.865222127844895, -1.22176882284256], [36.86625027415793, -1.221415532040137], [36.86767311010273, -1.222793652710951], [36.86770794743284, -1.224582172200995], [36.8673869865411, -1.226230007566261], [36.86605862428944, -1.227989106680728], [36.86461511208088, -1.230201284023753], [36.86283246240621, -1.23206578294851], [36.86200721559183, -1.232862527632269], [36.86042332377366, -1.235289831586514], [36.85986830213351, -1.235825687076181], [36.85916901775789, -1.238250408289114], [36.85994051559772, -1.239854273780729], [36.86108029174836, -1.240247971752519], [36.862788427136586, -1.239415595772441], [36.86363633952251, -1.237762228393786], [36.864424676085264, -1.236130074875443], [36.86666953048847, -1.236445582787801], [36.8684706538754, -1.238608629212628], [36.86849585284211, -1.239902699869997], [36.86750063052473, -1.240943593687519], [36.865508198243376, -1.242363782690216], [36.86358276995835, -1.244032462220197], [36.86200281730479, -1.2450732101223], [36.86149738519316, -1.245601836022069], [36.860282893509144, -1.246401854412592], [36.85866918156809, -1.249261194275659], [36.854996552736736, -1.251582354211125], [36.85231482569758, -1.252644398473537], [36.851755905841976, -1.253472837672984], [36.8496689040029, -1.257170770433264], [36.84860659739513, -1.258610635089814], [36.847442770233535, -1.25863357263937], [36.84644358665605, -1.258612214835455], [36.845014581726055, -1.258891761883987], [36.843941849177824, -1.259167523681372], [36.842612167475814, -1.259492600790105], [36.83881443101636, -1.261598834530372], [36.83747177827913, -1.262416812132467], [36.836613437303676, -1.262835046189908], [36.83320950705072, -1.265508696805168], [36.829464925844356, -1.266471235863159], [36.82674536485056, -1.266524794839533], [36.82561245145558, -1.265427405580061], [36.826146940010716, -1.26430042618063], [36.83033071642014, -1.259808683611461], [36.83089848925524, -1.258143659095539], [36.83021914881328, -1.256731331881127], [36.828930310614304, -1.255850437047624], [36.82642382852201, -1.255355773692728], [36.82373518904951, -1.254534428770665], [36.82265213127445, -1.254267730284231], [36.820554232949476, -1.253724706197399], [36.81996058314408, -1.253712016582456], [36.81918133716097, -1.253727370908537], [36.81440315083537, -1.252974832271932], [36.809306925162694, -1.254522306337775], [36.80702291833065, -1.254254591492592], [36.804872802904335, -1.253976129200546], [36.802442425820985, -1.253708288399293], [36.80083125089221, -1.253430279683194], [36.79896866145898, -1.253123486101433], [36.797033562730476, -1.252331556552288], [36.79600381416706, -1.252351840621301], [36.792244769622975, -1.251652498742732], [36.79035163301951, -1.252574935172378], [36.78950807632677, -1.25369189639082], [36.788463905488214, -1.255291919044516], [36.786337805226545, -1.25639200724866], [36.78418413103651, -1.25691849341655], [36.78315679783129, -1.257271431737641], [36.78206320770435, -1.255589482164306], [36.78036788550638, -1.255969956891337], [36.78004867482311, -1.258777263839165], [36.78290566789243, -1.260487576321988], [36.785002123958755, -1.264383945439653], [36.78600058943191, -1.265351128056784], [36.78677219782576, -1.266160832402535], [36.78761646088523, -1.26643737444598], [36.78814976273433, -1.266714476995727], [36.78873343445479, -1.267000098382375], [36.78971023460133, -1.268025120130025], [36.791225416846615, -1.269060753189324], [36.792975653123925, -1.269970152531054], [36.796390155428504, -1.270452903662693], [36.79785205480993, -1.271328047039354], [36.7985284204475, -1.272368310667978], [36.80025085134952, -1.272963350040654], [36.80067739664434, -1.272954951136255], [36.80162052044942, -1.272975137034854], [36.803140717051114, -1.272945212713616], [36.809101176098764, -1.274225694263451], [36.810556563468616, -1.276645851029037], [36.81104445171859, -1.278667680807691], [36.81158159910253, -1.280784714179344], [36.81131632567771, -1.282193760010929], [36.811009461095004, -1.283093596792155], [36.81105491904446, -1.285434322205971], [36.80790267877148, -1.28706529094506], [36.807536869671765, -1.287072481528123], [36.807236367797024, -1.287066055114344], [36.80408941386953, -1.287711948611729], [36.8029529356447, -1.287339677617447], [36.79999509271822, -1.286246812973331], [36.79843759158216, -1.285736631679678], [36.79578335930763, -1.284219007072873], [36.79460893970985, -1.282471968867118], [36.79487396506111, -1.281360476767585], [36.79622142144141, -1.278233355236127], [36.796291310088044, -1.274925526841882], [36.795699170056785, -1.274304152855342], [36.794029219534906, -1.273757145083017], [36.792989554992026, -1.273216946335592], [36.79245839086894, -1.273227397348207], [36.79103021963271, -1.273196832621646], [36.78896110016394, -1.274559654432679], [36.78867070859494, -1.275980442036201], [36.788758734829216, -1.280513342678075], [36.78710190458314, -1.28108251468541], [36.78553368150393, -1.280591031584074], [36.78441001810113, -1.280007185576941], [36.78229152122283, -1.279961822583866], [36.78123118103707, -1.280478437696931], [36.780322978541825, -1.281076611181924], [36.77790130762385, -1.283249629656075], [36.776500643145695, -1.284172139085557], [36.77355107008217, -1.286728032827484], [36.77102419228946, -1.286777706190729], [36.770348248764144, -1.286763231392784], [36.76716749950882, -1.287580700589711], [36.76632593340944, -1.287562668333007], [36.765504507389416, -1.287987646696806], [36.76414314023595, -1.288650912925073], [36.76307558449964, -1.289203240007355], [36.7608941436542, -1.289507777663272], [36.76023731540698, -1.290141825089663], [36.75958688537636, -1.290821978403097], [36.759033570571994, -1.289278852408019], [36.759346924903774, -1.286941265626063], [36.76090747986562, -1.284628507599481], [36.761345788418225, -1.282913415069784], [36.76065382119896, -1.278118169570514], [36.760677590073314, -1.276993971713935], [36.760574203333476, -1.271668181672576], [36.76096138489384, -1.271263286203484], [36.76329078213252, -1.269528458590698], [36.7638959628025, -1.268348573975799], [36.76390773139395, -1.267791845136046], [36.76264771710452, -1.26618942012723], [36.76076262987472, -1.265417919511057], [36.758335080203786, -1.264820047139784], [36.75638214372251, -1.263864333233353], [36.754042636892784, -1.262074397786169], [36.75123717905834, -1.262337735470465], [36.74887475645345, -1.263149299641852], [36.74746429514877, -1.262882291350963], [36.745366507612204, -1.262339221817401], [36.74403324958384, -1.262310670392137], [36.742614069109635, -1.262872625287251], [36.74073255926095, -1.263690026439142], [36.739311767751424, -1.264252612751346], [36.73824293617437, -1.264805615571], [36.73146677241901, -1.264335241941433], [36.73076197836611, -1.265015594798661], [36.7307506241089, -1.265552588267693], [36.73106480402568, -1.26620583878491], [36.73386759635845, -1.267883795016621], [36.73589106393283, -1.270249343007728], [36.73641466894609, -1.271274554118988], [36.73684603553017, -1.27306234954191], [36.738458777511845, -1.274754777620072], [36.74044734264346, -1.275622832941616], [36.74200551959365, -1.276006611654422], [36.74341044878475, -1.276694161919444], [36.74314613415508, -1.276981249117047], [36.74152281037812, -1.278330414256184], [36.738719050606505, -1.280759915010052], [36.737885679928766, -1.280776290422394], [36.737282790650255, -1.280763364617603], [36.73530116031481, -1.281039999493932], [36.73196379141855, -1.282766641225997], [36.72761387991217, -1.280506333256784], [36.726703471810715, -1.280486823993829], [36.726431712897, -1.280492159669775], [36.724328987077726, -1.279947776250474], [36.720809315256865, -1.280322100717513], [36.71788142278498, -1.280894672595348], [36.71727383031185, -1.282079169063824], [36.7182312622457, -1.282765241144721], [36.72103656786746, -1.283456224951771], [36.72130879199023, -1.283741906826097], [36.7234695844048, -1.284009617965511], [36.72427231994705, -1.284286969675031], [36.725600515298716, -1.284722078206918], [36.725633741093176, -1.286435574991279], [36.72433937225706, -1.287789094318494], [36.72319089529782, -1.288348608739528], [36.72292633891908, -1.288896205014162], [36.72211727653583, -1.289677177872486], [36.722532870413, -1.291441700492356], [36.72397537279286, -1.292955522493356], [36.7250363855173, -1.293474792982539], [36.7261757035267, -1.29425358497809], [36.72852679198366, -1.294862289008984], [36.73073552418981, -1.29459850610562], [36.733895540532686, -1.294058942528751], [36.736214947271705, -1.294759863887761], [36.73881505777917, -1.297278696900087], [36.740964970140666, -1.299792148345896], [36.74060399934317, -1.301226512486767], [36.73854235134361, -1.303012896613982], [36.736115406237104, -1.305029874372107], [36.736682674497985, -1.305937511663948], [36.739733010916396, -1.305074565839345], [36.74040580293141, -1.304371055880146], [36.74150253063366, -1.304349518345143], [36.74419709328384, -1.304407288739008], [36.74729595993969, -1.304346436734685], [36.75005751963597, -1.304405651871209], [36.750667150326535, -1.304108656754173], [36.75165098393649, -1.303599669646621], [36.75316631200917, -1.303079157723502], [36.7579012347919, -1.302418211553978], [36.760416680495965, -1.300378231272587], [36.76274401086287, -1.299780134651279], [36.765168735681584, -1.300114687809965], [36.76816112068045, -1.300851727961154], [36.76896645576412, -1.301631862357845], [36.76953061649019, -1.303035283494577], [36.77018840298669, -1.305761540164645], [36.771658999868414, -1.308640983300633], [36.77245627966238, -1.311121336851153], [36.773563283121725, -1.313616140423409], [36.77463359305339, -1.316063438902422], [36.77596548990828, -1.31867132938457], [36.77600822586427, -1.320875597290355], [36.77543785047528, -1.322056174259242], [36.7738382437434, -1.323600211863223], [36.77339550364843, -1.325332478777729], [36.77433456234981, -1.328253989545419], [36.775878792249244, -1.328787534187589], [36.77755164219229, -1.328823398521319], [36.779559415981836, -1.328307455112073], [36.78210080865757, -1.330974478120932], [36.78498939270525, -1.33103641984338], [36.78756946356394, -1.329779484772074], [36.78929937278432, -1.328884533291254], [36.79210687629469, -1.32774133232162], [36.79376083009468, -1.328008604900464], [36.79510231578987, -1.328557671384887], [36.79694163551525, -1.329010710180117], [36.79753692692445, -1.330176296171548], [36.79830620854813, -1.331775846628763], [36.79961890503711, -1.333153421675198], [36.80160005661907, -1.33356368429983], [36.80318785403532, -1.333175617342075], [36.806909795494555, -1.332095145257116], [36.80844092255973, -1.332065064396057], [36.813012781512334, -1.332163063973447], [36.81611956997548, -1.330649497622877], [36.81569110729822, -1.32947431629409], [36.81421934762858, -1.328048606789753], [36.81213446988118, -1.325860725427545], [36.8112729619727, -1.326125747926588], [36.80927918668833, -1.326937627539201], [36.807777481563335, -1.326525206558393], [36.807760521028506, -1.325650585646083], [36.80992677395804, -1.324768456262859], [36.81074082948592, -1.324503391486598], [36.81315974526877, -1.322407417029247], [36.815540930014635, -1.321795459884132], [36.81735427765165, -1.32222339557225], [36.81799119716002, -1.322840395540588], [36.81828712554372, -1.323419781280916], [36.81928242844927, -1.325966133631195], [36.81987683228829, -1.327202001339949], [36.82070322591743, -1.327766877918787], [36.82323198202008, -1.328487151283571], [36.82709112378178, -1.331285773364985], [36.83049416649094, -1.331358698246755], [36.83377833573671, -1.33090022528822], [36.8366696730384, -1.330306846935188], [36.84110141326482, -1.329914132354008], [36.84620286537261, -1.328603051778309], [36.8507588337142, -1.330655377973244], [36.853306664874715, -1.332135219158961], [36.854402692365106, -1.332671581211547], [36.85938013838326, -1.33533875130154], [36.865245004421574, -1.339658130764693], [36.86839499071699, -1.340947292739792], [36.87082046279574, -1.341638119558753], [36.87349525060214, -1.342419750979388], [36.87627512303129, -1.342812805396751], [36.87674781511915, -1.343270688521203], [36.878181619172665, -1.344775283213378], [36.87995183557066, -1.345985237045457], [36.88248899052108, -1.346039570256692], [36.88503222306045, -1.345211409095726], [36.888013367248924, -1.343558255327496], [36.89038386163508, -1.341558964550152], [36.896598302365696, -1.339873392828807], [36.897907482421815, -1.338243956658574], [36.89858006389843, -1.336271763771452], [36.89892491539046, -1.332406407259831], [36.90006101766462, -1.331218313927514], [36.900946029522416, -1.330363964484196], [36.90155280253325, -1.329464710656099], [36.90308744363086, -1.327113193939288], [36.90361700989154, -1.326559404815458], [36.90505424362783, -1.325393741423826], [36.90764505920063, -1.323329973919843], [36.910781092256535, -1.320558089461355], [36.912698446998036, -1.320230598036201], [36.91715199080334, -1.320782130915835], [36.91822920096836, -1.321309241564543], [36.91879707671151, -1.321859298504668], [36.91914983461344, -1.323951343451579], [36.91755501503553, -1.325888358197491], [36.916128882025355, -1.327265123696072], [36.91558873014352, -1.328318226494962], [36.914660094077284, -1.330682038556463], [36.91313896939675, -1.331915729000087], [36.911537626433436, -1.33297045458123], [36.909565324270226, -1.336410361599339], [36.90896343526372, -1.339943729976826], [36.91016604515427, -1.34194350898986], [36.91065770062216, -1.342965687366514], [36.91339861179245, -1.343573708797946], [36.91497285546941, -1.344117536261672], [36.917727720805956, -1.343740279068155], [36.91893185200401, -1.342947199590904], [36.92253166036832, -1.339182676163688], [36.9239063028634, -1.338246548604854], [36.92578028807171, -1.337636267474614], [36.928146473811495, -1.336024914724189], [36.92903067325146, -1.335721149693898], [36.93057801197659, -1.335217247810737], [36.93410073396077, -1.33289697203997], [36.93468130114899, -1.331194493632321], [36.93473279122464, -1.328755573144557], [36.93418175178851, -1.327610002039501], [36.93335527131477, -1.327045122030468], [36.93030870149496, -1.325303304683979], [36.92807544716435, -1.323385365493522], [36.92689168559028, -1.321812492930436], [36.927425671330646, -1.321344100112757], [36.930322673949966, -1.319279320730044], [36.93146023185755, -1.317593300070578], [36.93178335801756, -1.316328654659426], [36.93081203110248, -1.313307467575652], [36.92831168468875, -1.311721468495642], [36.92449404831311, -1.310781397019283], [36.92394383611978, -1.310248459514797], [36.922200501666865, -1.307064206531041], [36.919682535316355, -1.304625269437375], [36.918822243158665, -1.303163917642022], [36.91727012998568, -1.300676093065533], [36.91680385544004, -1.297294051102587], [36.91453221543385, -1.295596272378829], [36.91397847721177, -1.294512205902585], [36.914289324680354, -1.293519734262459], [36.915319086000395, -1.292986893852669], [36.916338455411314, -1.292490183355587], [36.91721009726646, -1.290685642846104], [36.918204033710325, -1.289039053008831], [36.91909983883746, -1.28661862987335], [36.91992578531217, -1.285008152566122], [36.9213766445652, -1.282004445596506], [36.9226649361883, -1.279757266828292], [36.92362422616068, -1.277771245969738], [36.92449774904261, -1.276587214780412], [36.925923531147404, -1.274699192810949], [36.92855758106109, -1.270437323278954], [36.93238311408008, -1.269275551386917], [36.9337101600545, -1.270227947836372], [36.93548592559577, -1.273431149775771], [36.93582352859196, -1.274426465951277], [36.936406352570074, -1.276239113923788], [36.93829043748184, -1.279371805534778], [36.939178683128134, -1.281218345176855], [36.940833487683896, -1.284457832040367], [36.94147875736467, -1.286360243724432], [36.94242814130087, -1.289313048089116], [36.943544292714684, -1.292167917838095], [36.94414130386277, -1.293409059812718], [36.94542686072503, -1.294076940066776], [36.94817241827378, -1.29318270471287], [36.94936509274497, -1.292273353064693], [36.95090179340736, -1.291261113805568], [36.95267952083474, -1.289401819162346], [36.955152488247656, -1.288552117643464], [36.95603531165055, -1.288822038951365], [36.95761384541692, -1.291249532715612], [36.95950928243137, -1.291289995302174], [36.960254472389366, -1.28944523195837], [36.95899014271538, -1.286970186814971], [36.960140888788516, -1.285582042242837], [36.9621712036124, -1.285541971070978], [36.963826113522714, -1.28663591501052], [36.96437928415189, -1.288011635417147], [36.9650770773184, -1.289796436128173], [36.96692482536891, -1.291735179262818], [36.968615870818546, -1.29261368801921], [36.96949544910395, -1.292632458347688], [36.972197446237764, -1.292237272538457], [36.974042969090924, -1.293140266889075], [36.974907015235495, -1.294288216895922], [36.976072646282795, -1.296711369050728], [36.97764496568288, -1.29946416883927], [36.980054611544354, -1.305190156061794], [36.98039796956599, -1.305522706382387], [36.980397536418934, -1.306065202908323], [36.98066703981833, -1.306065420914841], [36.980666606548894, -1.306607917528867], [36.98093611005104, -1.306608135596911], [36.98093589337767, -1.306879383948272], [36.98093567665928, -1.307150632299011], [36.98120518026419, -1.307150850428556], [36.98154933061661, -1.308221190200793], [36.98447907945476, -1.316180560404538], [36.97621366892066, -1.317592558139678], [36.96417331967576, -1.319644440795058], [36.960033922752174, -1.322727497786812], [36.94941271621249, -1.330672231940767], [36.94763692224108, -1.329227035948739], [36.946422255558545, -1.328279385193197], [36.94633028279547, -1.327948598854138], [36.94609374752243, -1.328186251482875], [36.946422255558545, -1.328279385193197], [36.94655153319371, -1.32869152260299], [36.947609884497226, -1.331490030234271], [36.94325175594269, -1.333193871218716], [36.93171753571813, -1.342501980130206], [36.930379383213406, -1.343596130095107], [36.92066052171674, -1.351443398967674], [36.91630808179895, -1.355478671021345], [36.910691698929774, -1.360395919562913], [36.909742746629156, -1.361068017678805], [36.90956768644556, -1.36022220518293], [36.909873651954086, -1.359571167175395], [36.910948295584916, -1.357531423166422], [36.911069524648596, -1.354518806898255], [36.910500469850376, -1.352704369866019], [36.90775383094216, -1.349427439191674], [36.907676766746995, -1.347427090268511], [36.90919460690044, -1.345553289958312], [36.90873190156226, -1.343102710058135], [36.9076956170767, -1.342736151884963], [36.90530638574714, -1.3430218162715], [36.904095411576556, -1.343340048740672], [36.901961801738906, -1.343253096842952], [36.898847464981394, -1.34424250110896], [36.896624659407216, -1.346960115979226], [36.89413822213668, -1.348573055378402], [36.89318763447671, -1.351295123143109], [36.89309526949991, -1.353590129784295], [36.893815395893384, -1.355886311398038], [36.894783751328944, -1.357398429462549], [36.89640934858326, -1.359288161020303], [36.89911291617795, -1.363509943880744], [36.90112538502149, -1.365389892571353], [36.90242025989214, -1.366798922607031], [36.90503668943811, -1.369243085583671], [36.90668973604193, -1.372078707461254], [36.90738833303191, -1.372838862523873], [36.91050144855448, -1.373940107336381], [36.91180330220148, -1.373993202700005], [36.91431320003595, -1.373820142220266], [36.91451029036946, -1.374011045526314], [36.92251827325792, -1.394566880391279], [36.926283817378554, -1.396210570470788], [36.932078612756285, -1.398789774238274], [36.932078375181575, -1.399061014074479], [36.93234788067543, -1.399061253185717], [36.93261738621539, -1.399061492265845], [36.9326171486564, -1.399332732194124], [36.933156159936445, -1.399333210353768], [36.93342566564559, -1.399333449386915], [36.93342542813326, -1.399604689453595], [36.93369493391941, -1.399604928501969], [36.9348788981908, -1.399992757616965], [36.942401353217974, -1.406655567506497], [36.945332464725325, -1.422311267711915], [36.95385727279933, -1.43009508048168], [36.958323968026946, -1.438719721345042], [36.96081007685536, -1.439936336567734], [36.95844209105002, -1.444243751681972], [36.95669759256642, -1.442348894637532], [36.95445215719211, -1.437214870020559], [36.947842375475865, -1.436801954326372], [36.944087459912424, -1.432861589690209], [36.93878244840014, -1.432747824253989], [36.931892210720925, -1.434210033838337], [36.92329406050702, -1.430649773778143], [36.91870874812877, -1.428752357539564], [36.90362749674918, -1.422494717680725], [36.893497361228974, -1.418302769437814], [36.887324229196956, -1.415722103803753], [36.88772838087015, -1.41488561752934], [36.887865948563885, -1.414752842420509]], [[36.97203377797006, -1.317450797671349], [36.97274009250137, -1.316531347918661], [36.974091953216835, -1.316245396130539], [36.973715117276996, -1.315615494204838], [36.97046435754799, -1.315056947340802], [36.96965808856371, -1.315176199300942], [36.969059038926645, -1.316645975974898], [36.970838694853256, -1.317025481768204], [36.97134277831108, -1.317332074075956], [36.97203377797006, -1.317450797671349]], [[36.962599649734734, -1.319341767236761], [36.96272448527018, -1.31919616512774], [36.96409270793053, -1.318403720147304], [36.964487301102686, -1.317943503334896], [36.964881146120796, -1.318404369070864], [36.965317989615066, -1.318783800573325], [36.967277813809865, -1.318245685003482], [36.96776853167189, -1.3171413026339], [36.96699448700359, -1.316469008339325], [36.96563866290374, -1.316577525839798], [36.9643573549983, -1.317049911319311], [36.96228628408402, -1.31672481230345], [36.961572973018534, -1.316781904570429], [36.960667443471245, -1.31917761525576], [36.962599649734734, -1.319341767236761]], [[36.84275000129552, -1.230278390699905], [36.84287971876032, -1.230137710742319], [36.842978668116125, -1.227675289663103], [36.8420743424839, -1.226350253547293], [36.84154026140401, -1.225208840521324], [36.8403824871227, -1.224127382682183], [36.83884286488703, -1.223635388729416], [36.838044942401815, -1.223353179460863], [36.83706952990464, -1.223041479817663], [36.8361486080375, -1.223365525220278], [36.83561844288867, -1.224933523007011], [36.836824592788126, -1.227721539810141], [36.83939355777263, -1.230121197268911], [36.84275000129552, -1.230278390699905]], [[36.848949601753574, -1.228113623914918], [36.849097974869196, -1.227946760807896], [36.851286321498385, -1.227436163660598], [36.85226780223875, -1.224689925312276], [36.85177569464045, -1.222834626885654], [36.851434980398565, -1.221355313439346], [36.85021898114892, -1.220259994328421], [36.84960478187144, -1.21693320395706], [36.84824776363893, -1.216566222924026], [36.84559753368166, -1.217133912444603], [36.84292241022233, -1.217634247043861], [36.84172927374909, -1.218471666294422], [36.84088029482872, -1.218172786026609], [36.838479088272976, -1.216856953745519], [36.836849717061334, -1.217130069736294], [36.83616506652717, -1.218395765883678], [36.836564815045485, -1.219815332242712], [36.837638382670434, -1.219880605081443], [36.838869296165825, -1.219807760709387], [36.84037809143635, -1.220634567965287], [36.8416797736299, -1.220713710577478], [36.84386992082404, -1.220584100895427], [36.84450146501069, -1.220930180807164], [36.845093823707685, -1.22120439612267], [36.845645926206814, -1.223285912481604], [36.84547461754642, -1.226140127612024], [36.846524570968754, -1.227958654903139], [36.848949601753574, -1.228113623914918]], [[36.82443522093244, -1.21887212002244], [36.824560055363214, -1.218726525294564], [36.82570532371522, -1.2183804792802], [36.82713849884697, -1.217252655835758], [36.82752628814544, -1.216120353031727], [36.82682609870081, -1.213537173086991], [36.82559865674047, -1.21247105898196], [36.82460272957057, -1.212550792990669], [36.82162740615485, -1.215023891401045], [36.82134809007581, -1.216723123775915], [36.82220841526904, -1.21827807556982], [36.82443522093244, -1.21887212002244]], [[36.80854568391104, -1.20773918949881], [36.80845369911515, -1.207408438962671], [36.80821721828909, -1.20764607634879], [36.80854568391104, -1.20773918949881]], [[36.8155423874015, -1.219407311744821], [36.815205840467826, -1.218788151213187], [36.81490815833601, -1.219269449615508], [36.8155423874015, -1.219407311744821]], [[36.81581119686201, -1.220221190860923], [36.81571921304567, -1.219890438219428], [36.815482728651205, -1.220128075403293], [36.81581119686201, -1.220221190860923]], [[36.85432555610883, -1.244934032156765], [36.85455466922804, -1.243998442832666], [36.854256492960346, -1.242654571987022], [36.85351744589603, -1.241693177420083], [36.85267319336051, -1.241882944884678], [36.85224828414748, -1.24250129931578], [36.852336335524654, -1.242898203839898], [36.852275721316396, -1.24316938057127], [36.85248979414145, -1.24413418586254], [36.853434678503376, -1.244791969284275], [36.85432555610883, -1.244934032156765]], [[36.7998607909928, -1.28258798425996], [36.80008291716196, -1.282309295257952], [36.80270568918585, -1.281927399400657], [36.803430370016976, -1.281499497157502], [36.80313160843368, -1.279064986726022], [36.80331723250493, -1.277573450701923], [36.80320815357853, -1.2766846992334], [36.80196440340668, -1.276155944015388], [36.800647279615845, -1.276319686019887], [36.79932129190694, -1.276831362798454], [36.79881768742649, -1.277463224012616], [36.79839672425882, -1.27894029090851], [36.797601178767295, -1.280790816264695], [36.79820584832374, -1.282378189370994], [36.7998607909928, -1.28258798425996]], [[36.764297832744894, -1.274963067501547], [36.76456962547585, -1.273853484796973], [36.7642762453708, -1.273496222189136], [36.76364923693911, -1.274511512495439], [36.764297832744894, -1.274963067501547]], [[36.88869898332136, -1.387359122346653], [36.88860701543931, -1.38702834265521], [36.88837048509026, -1.387265971815205], [36.88869898332136, -1.387359122346653]], [[36.90001164724341, -1.394421354957672], [36.900703575217484, -1.39349012043492], [36.90093930688875, -1.392429116349492], [36.90029903821357, -1.390785623101143], [36.89944377743982, -1.390505411363109], [36.89855558211191, -1.391661367407411], [36.898863756635485, -1.393773245233501], [36.90001164724341, -1.394421354957672]], [[36.91374006695417, -1.41260651409692], [36.91364809839719, -1.412275728636743], [36.91341156041485, -1.412513360280168], [36.91374006695417, -1.41260651409692]], [[36.91589464794638, -1.414235883784862], [36.91578724153679, -1.41361939418631], [36.91554451239244, -1.414084718079415], [36.91589464794638, -1.414235883784862]]]]}}]}