{"type": "FeatureCollection", "features": [{"type": "Feature", "properties": {"Name": "Korogocho", "hazardZone": 5, "exposure": 0.0, "vulnerability": 0.374716, "risk": 0.0, "zoneLabel": "Extreme", "riskRank": 139}, "geometry": {"type": "Polygon", "coordinates": [[[36.893, -1.25], [36.89336, -1.25219], [36.89302, -1.25292], [36.89228, -1.25306], [36.89145, -1.25225], [36.89103, -1.25228], [36.89027, -1.25414], [36.88904, -1.25445], [36.88837, -1.25491], [36.88812, -1.25577], [36.88707, -1.25619], [36.887, -1.25719], [36.88536, -1.25581], [36.88692, -1.25407], [36.88581, -1.25304], [36.88712, -1.25146], [36.88864, -1.25106], [36.89094, -1.25001], [36.89121, -1.24947], [36.89254, -1.2496], [36.8925, -1.25003], [36.893, -1.25]]]}}, {"type": "Feature", "properties": {"Name": "Hazina", "hazardZone": 5, "exposure": 0.666667, "vulnerability": 0.616515, "risk": 1.985539, "zoneLabel": "Extreme", "riskRank": 86}, "geometry": {"type": "Polygon", "coordinates": [[[36.85446, -1.316], [36.85646, -1.31569], [36.85809, -1.31695], [36.85922, -1.31638], [36.86085, -1.31638], [36.86173, -1.31607], [36.86273, -1.31783], [36.86582, -1.31943], [36.86891, -1.32175], [36.87035, -1.32345], [36.87075, -1.32457], [36.87083, -1.32571], [36.87027, -1.32838], [36.87047, -1.33001], [36.8608, -1.33128], [36.85798, -1.331], [36.85517, -1.3296], [36.83802, -1.31943], [36.83866, -1.31812], [36.83874, -1.31729], [36.83839, -1.31632], [36.83826, -1.3147], [36.83831, -1.31131], [36.8399, -1.31136], [36.84032, -1.30984], [36.84075, -1.30952], [36.84095, -1.30977], [36.84212, -1.31], [36.84282, -1.3104], [36.8435, -1.31143], [36.84392, -1.3116], [36.8446, -1.31244], [36.8453, -1.31255], [36.84734, -1.31372], [36.84877, -1.31337], [36.85041, -1.31346], [36.85122, -1.31457], [36.85219, -1.31529], [36.85318, -1.31585], [36.85446, -1.316]]]}}, {"type": "Feature", "properties": {"Name": "Landmawe", "hazardZone": 5, "exposure": 1.0, "vulnerability": 0.619561, "risk": 3.073908, "zoneLabel": "Extreme", "riskRank": 29}, "geometry": {"type": "Polygon", "coordinates": [[[36.85551, -1.30029], [36.85675, -1.30968], [36.85497, -1.3133], [36.85509, -1.31427], [36.85462, -1.31468], [36.85446, -1.316], [36.85411, -1.31602], [36.85318, -1.31585], [36.85219, -1.31529], [36.85122, -1.31457], [36.85041, -1.31346], [36.84877, -1.31337], [36.84734, -1.31372], [36.8453, -1.31255], [36.84445, -1.31234], [36.84282, -1.3104], [36.84086, -1.30971], [36.84079, -1.30912], [36.84138, -1.30819], [36.84149, -1.30736], [36.84129, -1.30676], [36.84062, -1.30634], [36.83904, -1.30747], [36.83681, -1.30784], [36.83609, -1.30756], [36.83562, -1.30639], [36.83504, -1.30603], [36.83092, -1.30617], [36.83066, -1.30659], [36.83083, -1.30707], [36.8312, -1.30731], [36.83071, -1.30838], [36.8288, -1.30967], [36.8247, -1.30122], [36.82369, -1.29836], [36.82186, -1.29523], [36.83026, -1.29127], [36.83392, -1.28912], [36.83497, -1.28891], [36.83665, -1.28944], [36.83764, -1.29044], [36.8432, -1.29952], [36.84458, -1.3008], [36.84578, -1.30127], [36.84696, -1.30141], [36.85551, -1.30029]]]}}, {"type": "Feature", "properties": {"Name": "Ziwani", "hazardZone": 5, "exposure": 1.0, "vulnerability": 0.490695, "risk": 2.45147, "zoneLabel": "Extreme", "riskRank": 64}, "geometry": {"type": "Polygon", "coordinates": [[[36.83428, -1.27688], [36.84282, -1.27999], [36.84455, -1.28001], [36.84456, -1.28219], [36.84407, -1.28301], [36.84131, -1.28316], [36.84026, -1.28349], [36.84054, -1.28422], [36.83916, -1.28473], [36.84033, -1.2864], [36.83802, -1.28636], [36.83669, -1.28606], [36.83635, -1.28586], [36.83613, -1.28531], [36.83237, -1.28553], [36.83319, -1.28388], [36.83337, -1.28262], [36.83314, -1.28179], [36.83241, -1.28097], [36.83238, -1.28045], [36.83362, -1.27902], [36.83428, -1.27688]]]}}, {"type": "Feature", "properties": {"Name": "California", "hazardZone": 5, "exposure": 1.0, "vulnerability": 0.62132, "risk": 3.1066, "zoneLabel": "Extreme", "riskRank": 27}, "geometry": {"type": "Polygon", "coordinates": [[[36.85224, -1.28954], [36.85006, -1.28926], [36.84932, -1.28944], [36.84892, -1.28928], [36.84865, -1.28871], [36.84802, -1.28844], [36.84635, -1.27997], [36.85036, -1.27916], [36.85224, -1.28954]]]}}, {"type": "Feature", "properties": {"Name": "Eastleigh Section III", "hazardZone": 5, "exposure": 0.666667, "vulnerability": 0.712998, "risk": 2.36104, "zoneLabel": "Extreme", "riskRank": 71}, "geometry": {"type": "Polygon", "coordinates": [[[36.85224, -1.28954], [36.85036, -1.27916], [36.85303, -1.27862], [36.85442, -1.2779], [36.85411, -1.2791], [36.85382, -1.27929], [36.85313, -1.27918], [36.85281, -1.28061], [36.85244, -1.28095], [36.85272, -1.2831], [36.85227, -1.28382], [36.85522, -1.28313], [36.85576, -1.28565], [36.85553, -1.28751], [36.85479, -1.28794], [36.85374, -1.28916], [36.85224, -1.28954]]]}}, {"type": "Feature", "properties": {"Name": "Airbase", "hazardZone": 4, "exposure": 1.0, "vulnerability": 0.619925, "risk": 2.331657, "zoneLabel": "Very High", "riskRank": 73}, "geometry": {"type": "Polygon", "coordinates": [[[36.86935, -1.26148], [36.877, -1.26258], [36.87903, -1.26245], [36.87946, -1.26437], [36.87877, -1.26606], [36.87791, -1.26643], [36.87814, -1.26706], [36.87779, -1.26786], [36.87726, -1.26785], [36.87694, -1.26834], [36.87645, -1.26841], [36.87534, -1.26789], [36.875, -1.26815], [36.87481, -1.26859], [36.87499, -1.26964], [36.87482, -1.2697], [36.87469, -1.26912], [36.87386, -1.26958], [36.87414, -1.27058], [36.87278, -1.27173], [36.87134, -1.27353], [36.87033, -1.2749], [36.86951, -1.27702], [36.86556, -1.28151], [36.8611, -1.28334], [36.8576, -1.28263], [36.85227, -1.28382], [36.85272, -1.2831], [36.85244, -1.28095], [36.85281, -1.28061], [36.85313, -1.27918], [36.85382, -1.27929], [36.85411, -1.2791], [36.85442, -1.2779], [36.85328, -1.27854], [36.8532, -1.27294], [36.85377, -1.27277], [36.85343, -1.27157], [36.85368, -1.27109], [36.85327, -1.27039], [36.8531, -1.26917], [36.85432, -1.26883], [36.8544, -1.26814], [36.85534, -1.26704], [36.85515, -1.26591], [36.85848, -1.26588], [36.85907, -1.26555], [36.8598, -1.26449], [36.86102, -1.26386], [36.86935, -1.26148]]]}}, {"type": "Feature", "properties": {"Name": "Eastleigh Garage", "hazardZone": 5, "exposure": 1.0, "vulnerability": 0.526807, "risk": 2.634034, "zoneLabel": "Extreme", "riskRank": 53}, "geometry": {"type": "Polygon", "coordinates": [[[36.85034, -1.27192], [36.84884, -1.27226], [36.84907, -1.27315], [36.84886, -1.27328], [36.84784, -1.27334], [36.8452, -1.27405], [36.84377, -1.26735], [36.84914, -1.26619], [36.85034, -1.27192]]]}}, {"type": "Feature", "properties": {"Name": "Viwandani", "hazardZone": 5, "exposure": 1.0, "vulnerability": 0.648221, "risk": 3.122311, "zoneLabel": "Extreme", "riskRank": 26}, "geometry": {"type": "Polygon", "coordinates": [[[36.8869, -1.29772], [36.88802, -1.30323], [36.88931, -1.30628], [36.8886, -1.30724], [36.88726, -1.30693], [36.88686, -1.30726], [36.88668, -1.30794], [36.88494, -1.30847], [36.88206, -1.31044], [36.88106, -1.31055], [36.88037, -1.31036], [36.88003, -1.31057], [36.87863, -1.3102], [36.87824, -1.31031], [36.87735, -1.31073], [36.87576, -1.31213], [36.87325, -1.31321], [36.87271, -1.31325], [36.87213, -1.31272], [36.87097, -1.31264], [36.87042, -1.3121], [36.86986, -1.31203], [36.86724, -1.31268], [36.86675, -1.31321], [36.86604, -1.31322], [36.86528, -1.31412], [36.86429, -1.3136], [36.86285, -1.3145], [36.86232, -1.31572], [36.86085, -1.31638], [36.85922, -1.31638], [36.85809, -1.31695], [36.85646, -1.31569], [36.85446, -1.316], [36.85462, -1.31468], [36.85509, -1.31427], [36.85497, -1.3133], [36.85675, -1.30968], [36.85551, -1.30029], [36.86901, -1.29795], [36.8822, -1.29618], [36.88343, -1.2964], [36.88615, -1.29772], [36.8869, -1.29772]]]}}, {"type": "Feature", "properties": {"Name": "Jamhuri", "hazardZone": 4, "exposure": 1.0, "vulnerability": 0.575537, "risk": 2.126799, "zoneLabel": "Very High", "riskRank": 79}, "geometry": {"type": "Polygon", "coordinates": [[[36.76913, -1.30044], [36.78768, -1.29966], [36.78792, -1.30177], [36.78753, -1.30416], [36.78929, -1.30644], [36.78766, -1.30547], [36.787, -1.30628], [36.78506, -1.30582], [36.78291, -1.30695], [36.7821, -1.3066], [36.77765, -1.30685], [36.77582, -1.30652], [36.77398, -1.30743], [36.77307, -1.30738], [36.7647, -1.30373], [36.75806, -1.30493], [36.75628, -1.30443], [36.75345, -1.30186], [36.76061, -1.2992], [36.76194, -1.29926], [36.76185, -1.29894], [36.76913, -1.30044]]]}}, {"type": "Feature", "properties": {"Name": "Makina", "hazardZone": 4, "exposure": 0.666667, "vulnerability": 0.49113, "risk": 1.46844, "zoneLabel": "Very High", "riskRank": 107}, "geometry": {"type": "Polygon", "coordinates": [[[36.78766, -1.30547], [36.79015, -1.30693], [36.79143, -1.309], [36.79286, -1.30948], [36.79111, -1.30962], [36.78993, -1.30998], [36.78337, -1.31323], [36.78174, -1.3123], [36.78112, -1.31163], [36.77917, -1.31067], [36.77829, -1.30962], [36.77784, -1.30774], [36.77669, -1.30677], [36.7821, -1.3066], [36.78291, -1.30695], [36.78506, -1.30582], [36.787, -1.30628], [36.78766, -1.30547]]]}}, {"type": "Feature", "properties": {"Name": "Laini Saba", "hazardZone": 5, "exposure": 1.0, "vulnerability": 0.615147, "risk": 2.987646, "zoneLabel": "Extreme", "riskRank": 33}, "geometry": {"type": "Polygon", "coordinates": [[[36.79286, -1.30948], [36.79478, -1.30996], [36.79889, -1.31208], [36.79844, -1.31287], [36.79785, -1.31325], [36.79687, -1.31332], [36.79761, -1.31396], [36.79765, -1.31456], [36.79721, -1.31581], [36.79673, -1.31574], [36.79577, -1.31507], [36.79529, -1.31408], [36.795, -1.31418], [36.79408, -1.31353], [36.79119, -1.31317], [36.7913, -1.31269], [36.79104, -1.31211], [36.7899, -1.31095], [36.78948, -1.31082], [36.78937, -1.31028], [36.78993, -1.30998], [36.79111, -1.30962], [36.79286, -1.30948]]]}}, {"type": "Feature", "properties": {"Name": "Lindi", "hazardZone": 5, "exposure": 0.0, "vulnerability": 0.703538, "risk": 0.0, "zoneLabel": "Extreme", "riskRank": 140}, "geometry": {"type": "Polygon", "coordinates": [[[36.79386, -1.31862], [36.79212, -1.31795], [36.79194, -1.31736], [36.79126, -1.31677], [36.79047, -1.31692], [36.79005, -1.31657], [36.79029, -1.31522], [36.78967, -1.31489], [36.7909, -1.31321], [36.79115, -1.31246], [36.79124, -1.31319], [36.79382, -1.31345], [36.795, -1.31418], [36.79523, -1.31405], [36.79565, -1.31454], [36.79564, -1.31493], [36.79645, -1.31557], [36.79592, -1.317], [36.79503, -1.3166], [36.79433, -1.31743], [36.79386, -1.31862]]]}}, {"type": "Feature", "properties": {"Name": "Hardy", "hazardZone": 2, "exposure": 1.0, "vulnerability": 0.559519, "risk": 0.936612, "zoneLabel": "Moderate", "riskRank": 123}, "geometry": {"type": "Polygon", "coordinates": [[[36.76653, -1.3424], [36.76645, -1.34276], [36.76679, -1.34275], [36.76466, -1.3489], [36.76318, -1.35112], [36.76186, -1.35511], [36.76254, -1.3579], [36.76279, -1.36058], [36.76561, -1.36396], [36.76748, -1.36727], [36.76765, -1.36791], [36.76747, -1.36982], [36.76919, -1.37345], [36.76954, -1.37478], [36.77108, -1.38651], [36.77065, -1.38732], [36.76867, -1.3891], [36.76826, -1.38838], [36.76785, -1.38865], [36.76696, -1.38842], [36.76576, -1.38658], [36.76541, -1.3865], [36.76515, -1.38578], [36.76453, -1.38568], [36.76408, -1.38605], [36.76316, -1.3857], [36.76225, -1.38481], [36.76169, -1.38504], [36.76151, -1.38452], [36.76099, -1.3846], [36.76067, -1.3852], [36.76021, -1.38502], [36.75914, -1.3856], [36.7574, -1.38516], [36.75684, -1.38528], [36.75577, -1.38471], [36.75482, -1.38494], [36.75468, -1.38437], [36.75294, -1.38488], [36.7529, -1.38457], [36.75247, -1.38441], [36.75225, -1.3846], [36.75121, -1.3843], [36.75026, -1.38516], [36.74794, -1.38419], [36.74799, -1.38376], [36.74777, -1.38354], [36.74624, -1.38308], [36.74483, -1.38132], [36.74394, -1.38148], [36.74333, -1.38224], [36.74277, -1.38208], [36.74234, -1.38232], [36.74212, -1.38194], [36.74099, -1.38133], [36.74064, -1.38043], [36.74002, -1.38037], [36.73963, -1.37995], [36.73765, -1.38022], [36.73607, -1.37882], [36.73421, -1.37842], [36.73397, -1.37814], [36.73316, -1.37837], [36.73214, -1.37679], [36.73053, -1.37631], [36.73002, -1.37571], [36.73009, -1.3752], [36.72975, -1.37515], [36.72916, -1.37562], [36.72898, -1.37493], [36.72631, -1.37358], [36.72628, -1.37283], [36.72529, -1.37233], [36.72432, -1.37078], [36.72347, -1.37072], [36.72292, -1.36978], [36.72226, -1.36959], [36.72172, -1.36987], [36.72143, -1.36904], [36.72102, -1.369], [36.7206, -1.36783], [36.71976, -1.36726], [36.71875, -1.36713], [36.7187, -1.36631], [36.71832, -1.36615], [36.71814, -1.3664], [36.71788, -1.36614], [36.71792, -1.3655], [36.71768, -1.36508], [36.71529, -1.36277], [36.71415, -1.36138], [36.7138, -1.36054], [36.71173, -1.3595], [36.71298, -1.35602], [36.71479, -1.34431], [36.71439, -1.34093], [36.71537, -1.33978], [36.71628, -1.33309], [36.71898, -1.33615], [36.73135, -1.33814], [36.76653, -1.3424]]]}}, {"type": "Feature", "properties": {"Name": "South C", "hazardZone": 5, "exposure": 0.666667, "vulnerability": 0.626374, "risk": 1.800856, "zoneLabel": "Extreme", "riskRank": 94}, "geometry": {"type": "Polygon", "coordinates": [[[36.83244, -1.31577], [36.84129, -1.32144], [36.85517, -1.3296], [36.85798, -1.331], [36.8608, -1.33128], [36.88153, -1.32861], [36.88413, -1.32903], [36.88608, -1.32997], [36.89465, -1.33757], [36.90234, -1.34511], [36.90668, -1.35083], [36.91079, -1.3552], [36.91244, -1.35729], [36.91342, -1.35799], [36.90709, -1.36361], [36.91431, -1.37347], [36.90853, -1.37319], [36.89601, -1.35944], [36.89555, -1.35923], [36.89534, -1.35936], [36.89318, -1.3613], [36.88301, -1.34981], [36.86544, -1.33797], [36.85858, -1.33354], [36.85785, -1.33346], [36.85353, -1.33078], [36.84734, -1.32845], [36.84507, -1.32785], [36.84046, -1.32916], [36.8343, -1.33006], [36.8319, -1.33107], [36.82504, -1.33286], [36.82546, -1.33061], [36.82514, -1.32724], [36.8255, -1.32513], [36.82703, -1.32364], [36.82283, -1.31973], [36.82335, -1.31911], [36.82423, -1.31553], [36.82329, -1.31523], [36.82316, -1.31496], [36.82382, -1.31259], [36.82781, -1.31346], [36.82819, -1.31227], [36.82973, -1.31158], [36.83107, -1.31422], [36.83244, -1.31577]]]}}, {"type": "Feature", "properties": {"Name": "Nairobi West", "hazardZone": 4, "exposure": 1.0, "vulnerability": 0.634451, "risk": 2.638823, "zoneLabel": "Very High", "riskRank": 52}, "geometry": {"type": "Polygon", "coordinates": [[[36.82414, -1.29989], [36.82973, -1.31158], [36.82819, -1.31227], [36.82781, -1.31346], [36.82382, -1.31259], [36.82329, -1.31426], [36.8232, -1.31512], [36.82423, -1.31553], [36.82335, -1.31911], [36.82285, -1.31982], [36.82703, -1.32364], [36.8255, -1.32513], [36.82514, -1.32724], [36.82546, -1.33061], [36.81242, -1.33278], [36.80973, -1.33287], [36.80582, -1.3334], [36.80575, -1.33317], [36.80582, -1.33341], [36.79905, -1.33436], [36.79818, -1.33172], [36.79807, -1.33012], [36.79725, -1.32719], [36.79477, -1.32546], [36.79743, -1.32408], [36.80572, -1.32258], [36.80807, -1.32187], [36.81429, -1.31569], [36.81666, -1.31141], [36.81375, -1.31124], [36.81113, -1.31003], [36.80972, -1.30993], [36.80849, -1.30919], [36.80667, -1.30898], [36.80772, -1.30828], [36.81035, -1.30783], [36.81551, -1.30513], [36.81651, -1.30511], [36.8183, -1.30592], [36.81904, -1.30604], [36.82197, -1.3051], [36.8232, -1.30403], [36.82369, -1.3028], [36.82359, -1.30122], [36.82281, -1.29982], [36.82414, -1.29989]]]}}, {"type": "Feature", "properties": {"Name": "Kabiro", "hazardZone": 5, "exposure": 1.0, "vulnerability": 0.654629, "risk": 3.196917, "zoneLabel": "Extreme", "riskRank": 22}, "geometry": {"type": "Polygon", "coordinates": [[[36.7438, -1.28179], [36.74495, -1.28254], [36.7472, -1.28291], [36.75233, -1.2822], [36.75314, -1.28457], [36.75338, -1.28728], [36.75308, -1.28942], [36.75163, -1.29196], [36.75159, -1.29272], [36.74738, -1.29151], [36.74051, -1.28677], [36.7438, -1.28179]]]}}, {"type": "Feature", "properties": {"Name": "Kawangware", "hazardZone": 4, "exposure": 0.333333, "vulnerability": 0.628458, "risk": 0.890198, "zoneLabel": "Very High", "riskRank": 125}, "geometry": {"type": "Polygon", "coordinates": [[[36.75233, -1.2822], [36.74741, -1.28291], [36.74495, -1.28254], [36.7438, -1.28179], [36.74399, -1.28012], [36.73994, -1.2813], [36.73947, -1.2799], [36.73745, -1.27874], [36.73642, -1.27844], [36.73635, -1.27803], [36.73587, -1.27815], [36.73577, -1.27729], [36.73672, -1.27759], [36.73798, -1.27861], [36.73965, -1.2788], [36.74267, -1.27761], [36.74547, -1.27591], [36.74978, -1.27497], [36.74981, -1.2756], [36.7507, -1.27686], [36.75087, -1.27753], [36.75072, -1.27821], [36.75233, -1.2822]]]}}, {"type": "Feature", "properties": {"Name": "Kabiria", "hazardZone": 3, "exposure": 1.0, "vulnerability": 0.578767, "risk": 1.920498, "zoneLabel": "High", "riskRank": 88}, "geometry": {"type": "Polygon", "coordinates": [[[36.726, -1.29056], [36.72353, -1.28972], [36.72167, -1.28847], [36.72019, -1.28869], [36.71892, -1.28917], [36.71842, -1.28525], [36.71663, -1.28541], [36.71493, -1.28393], [36.71523, -1.28353], [36.71404, -1.28209], [36.71162, -1.28125], [36.71136, -1.27997], [36.71426, -1.27906], [36.71679, -1.27885], [36.71871, -1.28073], [36.72316, -1.28244], [36.72682, -1.28343], [36.72687, -1.28523], [36.72631, -1.28675], [36.7265, -1.28924], [36.72686, -1.29042], [36.726, -1.29056]]]}}, {"type": "Feature", "properties": {"Name": "Ruthimitu", "hazardZone": 1, "exposure": 0.666667, "vulnerability": 0.553812, "risk": 0.434421, "zoneLabel": "Low", "riskRank": 138}, "geometry": {"type": "Polygon", "coordinates": [[[36.70957, -1.2676], [36.71061, -1.26783], [36.71195, -1.26938], [36.7129, -1.26967], [36.7152, -1.27133], [36.71568, -1.27227], [36.71707, -1.27251], [36.71843, -1.27308], [36.7189, -1.27352], [36.71979, -1.27306], [36.72075, -1.27329], [36.72206, -1.27317], [36.72368, -1.27423], [36.72254, -1.27527], [36.72049, -1.27655], [36.71942, -1.27661], [36.71804, -1.27726], [36.71566, -1.2774], [36.71493, -1.27786], [36.71175, -1.27841], [36.71136, -1.27997], [36.71035, -1.28018], [36.7085, -1.28113], [36.70613, -1.28193], [36.70304, -1.28135], [36.69946, -1.28258], [36.69392, -1.28104], [36.69324, -1.28104], [36.69233, -1.28146], [36.69056, -1.28055], [36.68861, -1.2788], [36.68947, -1.27748], [36.68868, -1.27587], [36.68881, -1.27545], [36.69051, -1.2761], [36.69197, -1.27625], [36.69237, -1.27606], [36.69095, -1.27304], [36.69122, -1.27183], [36.69196, -1.27139], [36.6955, -1.27118], [36.69541, -1.27058], [36.69396, -1.26955], [36.69413, -1.26905], [36.69598, -1.26947], [36.69728, -1.2694], [36.69749, -1.26905], [36.69755, -1.26813], [36.69709, -1.26716], [36.69574, -1.26654], [36.69377, -1.26462], [36.69389, -1.26436], [36.69481, -1.26398], [36.696, -1.26246], [36.69567, -1.26183], [36.69446, -1.26115], [36.6944, -1.26071], [36.69787, -1.26209], [36.69845, -1.2637], [36.69835, -1.26511], [36.69905, -1.26621], [36.70219, -1.26762], [36.70313, -1.26802], [36.70957, -1.2676]]]}}, {"type": "Feature", "properties": {"Name": "Mutuini", "hazardZone": 1, "exposure": 1.0, "vulnerability": 0.549967, "risk": 0.637032, "zoneLabel": "Low", "riskRank": 131}, "geometry": {"type": "Polygon", "coordinates": [[[36.70308, -1.29038], [36.70296, -1.29072], [36.70447, -1.29093], [36.70454, -1.29194], [36.70551, -1.29214], [36.70603, -1.29254], [36.70658, -1.29236], [36.70967, -1.29461], [36.71055, -1.29289], [36.71368, -1.29363], [36.72387, -1.30283], [36.71714, -1.30123], [36.70899, -1.29753], [36.70878, -1.29989], [36.70793, -1.30431], [36.70552, -1.30361], [36.70419, -1.30254], [36.70233, -1.30156], [36.69921, -1.30068], [36.69285, -1.29818], [36.69241, -1.29772], [36.69026, -1.29767], [36.6877, -1.29676], [36.68512, -1.30188], [36.68285, -1.30131], [36.68194, -1.30048], [36.68169, -1.29925], [36.68317, -1.2956], [36.68409, -1.2912], [36.68511, -1.2894], [36.68685, -1.29064], [36.68875, -1.29033], [36.69218, -1.29056], [36.69483, -1.29126], [36.70118, -1.29368], [36.7015, -1.29281], [36.70308, -1.29038]]]}}, {"type": "Feature", "properties": {"Name": "Ngando", "hazardZone": 4, "exposure": 1.0, "vulnerability": 0.62489, "risk": 1.725503, "zoneLabel": "Very High", "riskRank": 97}, "geometry": {"type": "Polygon", "coordinates": [[[36.73206, -1.308], [36.73179, -1.30411], [36.7311, -1.30222], [36.72617, -1.30324], [36.72405, -1.30277], [36.72339, -1.30221], [36.72365, -1.30211], [36.72588, -1.29742], [36.73298, -1.29606], [36.73639, -1.2969], [36.73767, -1.29891], [36.73834, -1.29928], [36.73812, -1.30055], [36.74776, -1.29806], [36.74913, -1.29827], [36.75345, -1.30186], [36.74271, -1.30575], [36.73708, -1.30689], [36.73369, -1.308], [36.73206, -1.308]]]}}, {"type": "Feature", "properties": {"Name": "Satelite", "hazardZone": 4, "exposure": 0.666667, "vulnerability": 0.69898, "risk": 1.667308, "zoneLabel": "Very High", "riskRank": 98}, "geometry": {"type": "Polygon", "coordinates": [[[36.73418, -1.27591], [36.73577, -1.27729], [36.73583, -1.27924], [36.73671, -1.28122], [36.73754, -1.28422], [36.73793, -1.28484], [36.73982, -1.28629], [36.73821, -1.28939], [36.73996, -1.29053], [36.73986, -1.29362], [36.73861, -1.29338], [36.73775, -1.29286], [36.73634, -1.29278], [36.73516, -1.29661], [36.73298, -1.29606], [36.72588, -1.29742], [36.72672, -1.29541], [36.72689, -1.29424], [36.72611, -1.29415], [36.72647, -1.29038], [36.72686, -1.29042], [36.7265, -1.28924], [36.72631, -1.28675], [36.72687, -1.28523], [36.72686, -1.28436], [36.72634, -1.27903], [36.7259, -1.27901], [36.72562, -1.2756], [36.72578, -1.2753], [36.72664, -1.27524], [36.72764, -1.27478], [36.72867, -1.27539], [36.73104, -1.27558], [36.73195, -1.27617], [36.73289, -1.27597], [36.73381, -1.27627], [36.73418, -1.27591]]]}}, {"type": "Feature", "properties": {"Name": "Ng'undu", "hazardZone": 3, "exposure": 0.666667, "vulnerability": 0.592062, "risk": 1.312833, "zoneLabel": "High", "riskRank": 114}, "geometry": {"type": "Polygon", "coordinates": [[[37.07649, -1.30343], [37.06611, -1.30134], [37.027, -1.29171], [37.03508, -1.27885], [37.03316, -1.27733], [37.03019, -1.26072], [37.03399, -1.2585], [37.04055, -1.27118], [37.05258, -1.26573], [37.05627, -1.26293], [37.05938, -1.25708], [37.06857, -1.2494], [37.07788, -1.24414], [37.0892, -1.2461], [37.09638, -1.24614], [37.09691, -1.247], [37.09035, -1.25006], [37.09157, -1.25154], [37.09475, -1.25417], [37.10108, -1.25901], [37.10235, -1.25937], [37.10259, -1.25992], [37.10334, -1.26017], [37.10223, -1.26213], [37.10226, -1.26251], [37.10429, -1.26433], [37.10487, -1.26563], [37.10316, -1.26859], [37.10333, -1.27047], [37.10174, -1.27561], [37.10069, -1.27541], [37.09897, -1.27333], [37.09848, -1.27317], [37.09786, -1.27342], [37.09754, -1.27406], [37.0943, -1.27546], [37.0915, -1.27614], [37.0879, -1.27748], [37.08509, -1.27943], [37.08443, -1.28251], [37.08327, -1.28508], [37.08255, -1.28518], [37.07986, -1.28381], [37.07874, -1.28377], [37.07691, -1.28627], [37.07673, -1.29024], [37.07453, -1.29335], [37.07301, -1.29439], [37.07327, -1.29696], [37.07308, -1.29773], [37.07258, -1.2984], [37.07284, -1.29955], [37.07354, -1.3007], [37.07428, -1.301], [37.07593, -1.30086], [37.07688, -1.3018], [37.07649, -1.30343]]]}}, {"type": "Feature", "properties": {"Name": "Lucky Summer", "hazardZone": 5, "exposure": 1.0, "vulnerability": 0.726999, "risk": 3.433629, "zoneLabel": "Extreme", "riskRank": 16}, "geometry": {"type": "Polygon", "coordinates": [[[36.91253, -1.23817], [36.91107, -1.23835], [36.90996, -1.23883], [36.90885, -1.23828], [36.90743, -1.23845], [36.90616, -1.23952], [36.90525, -1.23959], [36.90427, -1.23908], [36.90399, -1.23914], [36.90317, -1.24003], [36.90218, -1.24041], [36.90258, -1.24207], [36.90246, -1.24249], [36.90119, -1.24197], [36.8995, -1.24277], [36.89713, -1.24305], [36.89626, -1.24354], [36.8955, -1.2431], [36.89455, -1.24295], [36.89398, -1.24308], [36.89352, -1.24405], [36.89321, -1.24421], [36.8922, -1.24445], [36.89113, -1.24432], [36.89092, -1.24479], [36.8903, -1.24453], [36.88748, -1.24436], [36.88764, -1.2408], [36.88881, -1.24087], [36.88741, -1.23757], [36.88775, -1.23749], [36.88841, -1.23788], [36.89025, -1.23834], [36.89113, -1.2382], [36.89167, -1.23879], [36.89309, -1.23813], [36.894, -1.23826], [36.89413, -1.23849], [36.89472, -1.23817], [36.89535, -1.23736], [36.89607, -1.23732], [36.89663, -1.23668], [36.89751, -1.23633], [36.89784, -1.2358], [36.89759, -1.23505], [36.89786, -1.23482], [36.89867, -1.23504], [36.89937, -1.23572], [36.89958, -1.23557], [36.90019, -1.23585], [36.90067, -1.23536], [36.90097, -1.23553], [36.90164, -1.23511], [36.9032, -1.23486], [36.90372, -1.23501], [36.90485, -1.23418], [36.90659, -1.23396], [36.90686, -1.23489], [36.90741, -1.23523], [36.90765, -1.23506], [36.90821, -1.23561], [36.90905, -1.23566], [36.91045, -1.23622], [36.9113, -1.23682], [36.91128, -1.23722], [36.91202, -1.2378], [36.91205, -1.23809], [36.91253, -1.23817]]]}}, {"type": "Feature", "properties": {"Name": "Baba Dogo", "hazardZone": 5, "exposure": 1.0, "vulnerability": 0.569797, "risk": 2.758901, "zoneLabel": "Extreme", "riskRank": 45}, "geometry": {"type": "Polygon", "coordinates": [[[36.88741, -1.23757], [36.88881, -1.24087], [36.88764, -1.2408], [36.88748, -1.24436], [36.8903, -1.24453], [36.89092, -1.24479], [36.89082, -1.24547], [36.89017, -1.24661], [36.88981, -1.24686], [36.88923, -1.24679], [36.88895, -1.24754], [36.88855, -1.24782], [36.88845, -1.24888], [36.887, -1.24949], [36.88643, -1.24968], [36.88565, -1.24909], [36.88523, -1.2491], [36.88436, -1.24961], [36.88345, -1.24969], [36.88157, -1.249], [36.88105, -1.24966], [36.88074, -1.24971], [36.88023, -1.24958], [36.87958, -1.24901], [36.87895, -1.24893], [36.87815, -1.24946], [36.87758, -1.24859], [36.87632, -1.2476], [36.87467, -1.24716], [36.87005, -1.24706], [36.86887, -1.24647], [36.86727, -1.24506], [36.86865, -1.24256], [36.87037, -1.2386], [36.87125, -1.23875], [36.87166, -1.23915], [36.87216, -1.23885], [36.87214, -1.23925], [36.87265, -1.23945], [36.87291, -1.23924], [36.8738, -1.23953], [36.87429, -1.24053], [36.87471, -1.24043], [36.87488, -1.24072], [36.87574, -1.24084], [36.87627, -1.2395], [36.87682, -1.2391], [36.87764, -1.23941], [36.87795, -1.23993], [36.87877, -1.23933], [36.87919, -1.23935], [36.87964, -1.23979], [36.88044, -1.23913], [36.88142, -1.23989], [36.88239, -1.23919], [36.88267, -1.23873], [36.88307, -1.23873], [36.88331, -1.2381], [36.88398, -1.23766], [36.88544, -1.23777], [36.88631, -1.23711], [36.88741, -1.23757]]]}}, {"type": "Feature", "properties": {"Name": "Mlango Kubwa", "hazardZone": 5, "exposure": 1.0, "vulnerability": 0.658529, "risk": 3.266247, "zoneLabel": "Extreme", "riskRank": 20}, "geometry": {"type": "Polygon", "coordinates": [[[36.85488, -1.26385], [36.85515, -1.26591], [36.85038, -1.26593], [36.84377, -1.26735], [36.84297, -1.26331], [36.84414, -1.2631], [36.8451, -1.26326], [36.84579, -1.26254], [36.84694, -1.26299], [36.84732, -1.26339], [36.84787, -1.26287], [36.84896, -1.26414], [36.85004, -1.26391], [36.85051, -1.26342], [36.85194, -1.26416], [36.8532, -1.26356], [36.85488, -1.26385]]]}}, {"type": "Feature", "properties": {"Name": "Mabatini", "hazardZone": 5, "exposure": 1.0, "vulnerability": 0.628897, "risk": 3.139672, "zoneLabel": "Extreme", "riskRank": 24}, "geometry": {"type": "Polygon", "coordinates": [[[36.86595, -1.26245], [36.86043, -1.26409], [36.8598, -1.26449], [36.85907, -1.26555], [36.85848, -1.26588], [36.85516, -1.26591], [36.85488, -1.26385], [36.8558, -1.26413], [36.85793, -1.2642], [36.85892, -1.26389], [36.85881, -1.2632], [36.85934, -1.26249], [36.85993, -1.26232], [36.86053, -1.26164], [36.86202, -1.26081], [36.86183, -1.25995], [36.86208, -1.25894], [36.86252, -1.25897], [36.86401, -1.25829], [36.86595, -1.26245]]]}}, {"type": "Feature", "properties": {"Name": "Huruma", "hazardZone": 5, "exposure": 1.0, "vulnerability": 0.898649, "risk": 4.480588, "zoneLabel": "Extreme", "riskRank": 2}, "geometry": {"type": "Polygon", "coordinates": [[[36.8726, -1.2539], [36.87429, -1.25773], [36.874, -1.2621], [36.86957, -1.26145], [36.86595, -1.26245], [36.86403, -1.25828], [36.86447, -1.25739], [36.86496, -1.25717], [36.86639, -1.25722], [36.8687, -1.25655], [36.86975, -1.25475], [36.8703, -1.25435], [36.8726, -1.2539]]]}}, {"type": "Feature", "properties": {"Name": "Kiamaiko", "hazardZone": 5, "exposure": 1.0, "vulnerability": 0.717391, "risk": 3.586955, "zoneLabel": "Extreme", "riskRank": 12}, "geometry": {"type": "Polygon", "coordinates": [[[36.87854, -1.25055], [36.87903, -1.26245], [36.87735, -1.26262], [36.874, -1.2621], [36.87429, -1.25773], [36.8726, -1.2539], [36.8741, -1.25266], [36.87474, -1.25267], [36.87653, -1.2521], [36.87719, -1.25143], [36.87741, -1.25049], [36.87815, -1.24946], [36.87854, -1.25055]]]}}, {"type": "Feature", "properties": {"Name": "Zimmerman", "hazardZone": 5, "exposure": 1.0, "vulnerability": 0.66593, "risk": 3.199059, "zoneLabel": "Extreme", "riskRank": 21}, "geometry": {"type": "Polygon", "coordinates": [[[36.89456, -1.20624], [36.89673, -1.20294], [36.89773, -1.20279], [36.90097, -1.20295], [36.90158, -1.2032], [36.90199, -1.2039], [36.90337, -1.20475], [36.90425, -1.2056], [36.90639, -1.20638], [36.90815, -1.20628], [36.90843, -1.20602], [36.90872, -1.20622], [36.91108, -1.20628], [36.91248, -1.20695], [36.9132, -1.20795], [36.91186, -1.20922], [36.91026, -1.20997], [36.89938, -1.21353], [36.89743, -1.21437], [36.89603, -1.21529], [36.89238, -1.21846], [36.8915, -1.2196], [36.89118, -1.21916], [36.89111, -1.21845], [36.89146, -1.21715], [36.89257, -1.21493], [36.89456, -1.20624]]]}}, {"type": "Feature", "properties": {"Name": "Dandora IV", "hazardZone": 5, "exposure": 1.0, "vulnerability": 0.751638, "risk": 3.746594, "zoneLabel": "Extreme", "riskRank": 9}, "geometry": {"type": "Polygon", "coordinates": [[[36.91414, -1.23858], [36.91272, -1.23956], [36.91198, -1.24099], [36.91136, -1.24122], [36.90909, -1.24306], [36.90714, -1.24321], [36.90518, -1.24475], [36.90473, -1.24563], [36.90349, -1.24668], [36.90158, -1.24722], [36.90066, -1.24409], [36.90073, -1.24257], [36.9012, -1.24197], [36.9025, -1.24247], [36.90222, -1.24034], [36.90317, -1.24003], [36.90418, -1.23906], [36.90504, -1.23954], [36.90616, -1.23952], [36.90743, -1.23845], [36.90885, -1.23828], [36.90996, -1.23883], [36.91107, -1.23835], [36.91216, -1.2383], [36.91345, -1.23783], [36.91414, -1.23858]]]}}, {"type": "Feature", "properties": {"Name": "Dandora III & V", "hazardZone": 5, "exposure": 1.0, "vulnerability": 0.730613, "risk": 3.653063, "zoneLabel": "Extreme", "riskRank": 10}, "geometry": {"type": "Polygon", "coordinates": [[[36.90158, -1.24722], [36.90349, -1.24668], [36.90473, -1.24563], [36.90518, -1.24475], [36.90714, -1.24321], [36.90909, -1.24306], [36.91136, -1.24122], [36.91198, -1.24099], [36.91272, -1.23956], [36.91456, -1.23843], [36.91562, -1.23893], [36.91663, -1.24009], [36.91736, -1.23982], [36.91937, -1.24124], [36.92133, -1.24125], [36.92008, -1.24228], [36.91951, -1.2425], [36.91835, -1.24243], [36.91771, -1.24375], [36.91703, -1.24369], [36.91647, -1.24399], [36.91646, -1.24475], [36.91544, -1.24561], [36.91537, -1.24623], [36.91452, -1.24612], [36.9139, -1.24682], [36.91313, -1.24643], [36.91263, -1.24713], [36.91174, -1.2474], [36.91083, -1.24722], [36.9088, -1.24929], [36.90779, -1.24965], [36.9072, -1.25072], [36.9048, -1.25261], [36.90382, -1.25144], [36.90359, -1.25161], [36.90339, -1.25141], [36.90158, -1.24722]]]}}, {"type": "Feature", "properties": {"Name": "Dandora II", "hazardZone": 5, "exposure": 1.0, "vulnerability": 0.652068, "risk": 3.027609, "zoneLabel": "Extreme", "riskRank": 31}, "geometry": {"type": "Polygon", "coordinates": [[[36.90158, -1.24722], [36.90339, -1.25141], [36.90359, -1.25161], [36.90382, -1.25144], [36.90493, -1.25274], [36.90158, -1.25715], [36.89912, -1.25643], [36.89337, -1.25823], [36.89292, -1.25527], [36.89335, -1.25473], [36.89423, -1.25463], [36.89422, -1.25369], [36.89327, -1.25251], [36.89294, -1.2501], [36.89389, -1.24832], [36.89536, -1.24796], [36.89534, -1.24623], [36.8955, -1.24608], [36.89626, -1.24625], [36.89659, -1.24592], [36.89622, -1.24495], [36.89623, -1.24405], [36.89831, -1.24367], [36.89985, -1.24304], [36.90013, -1.24253], [36.901, -1.24202], [36.90073, -1.24257], [36.90066, -1.24409], [36.90158, -1.24722]]]}}, {"type": "Feature", "properties": {"Name": "Dandora I", "hazardZone": 5, "exposure": 1.0, "vulnerability": 0.586025, "risk": 2.930124, "zoneLabel": "Extreme", "riskRank": 35}, "geometry": {"type": "Polygon", "coordinates": [[[36.89327, -1.25251], [36.89422, -1.25369], [36.89423, -1.25431], [36.89423, -1.25463], [36.89335, -1.25473], [36.89292, -1.25527], [36.89337, -1.25823], [36.89093, -1.25994], [36.88953, -1.26059], [36.88541, -1.26166], [36.88263, -1.26203], [36.88266, -1.26174], [36.88328, -1.26142], [36.88392, -1.26061], [36.88425, -1.25994], [36.88517, -1.26019], [36.8858, -1.25969], [36.8859, -1.25917], [36.88551, -1.25832], [36.88691, -1.25753], [36.88707, -1.25619], [36.88812, -1.25577], [36.88837, -1.25491], [36.88904, -1.25445], [36.89027, -1.25414], [36.89103, -1.25228], [36.89145, -1.25225], [36.89228, -1.25306], [36.89279, -1.25306], [36.89327, -1.25251]]]}}, {"type": "Feature", "properties": {"Name": "Kariobangi North", "hazardZone": 5, "exposure": 1.0, "vulnerability": 0.550375, "risk": 2.751873, "zoneLabel": "Extreme", "riskRank": 47}, "geometry": {"type": "Polygon", "coordinates": [[[36.887, -1.25719], [36.88691, -1.25753], [36.88551, -1.25832], [36.88592, -1.25944], [36.88538, -1.26009], [36.88425, -1.25994], [36.88392, -1.26061], [36.88328, -1.26142], [36.88266, -1.26174], [36.88211, -1.26268], [36.88015, -1.26354], [36.87946, -1.26437], [36.879, -1.26231], [36.87877, -1.25656], [36.88214, -1.25639], [36.88501, -1.25314], [36.88546, -1.25274], [36.88588, -1.25274], [36.88583, -1.25307], [36.88692, -1.25407], [36.88536, -1.25581], [36.887, -1.25719]]]}}, {"type": "Feature", "properties": {"Name": "Njiru", "hazardZone": 5, "exposure": 1.0, "vulnerability": 0.613389, "risk": 2.802028, "zoneLabel": "Extreme", "riskRank": 41}, "geometry": {"type": "Polygon", "coordinates": [[[36.93996, -1.24285], [36.94296, -1.2444], [36.94402, -1.2442], [36.94464, -1.24434], [36.94665, -1.2435], [36.94712, -1.24364], [36.9481, -1.24326], [36.95069, -1.243], [36.95396, -1.24395], [36.95401, -1.24454], [36.9535, -1.24462], [36.95325, -1.24499], [36.95279, -1.24493], [36.95246, -1.2455], [36.95208, -1.2456], [36.95136, -1.24533], [36.95098, -1.24595], [36.95001, -1.24561], [36.94924, -1.24584], [36.94939, -1.24637], [36.94983, -1.24616], [36.95113, -1.24702], [36.9514, -1.24752], [36.94917, -1.2475], [36.94843, -1.24688], [36.94751, -1.24663], [36.94685, -1.248], [36.94618, -1.24798], [36.94555, -1.24903], [36.94563, -1.25014], [36.94594, -1.25069], [36.94557, -1.25133], [36.94545, -1.2524], [36.94588, -1.25299], [36.94592, -1.25472], [36.9458, -1.25563], [36.94525, -1.25684], [36.94167, -1.2599], [36.94183, -1.26057], [36.94249, -1.26116], [36.94239, -1.26144], [36.9398, -1.26247], [36.94019, -1.26455], [36.93849, -1.26504], [36.93781, -1.26586], [36.93609, -1.26556], [36.93512, -1.26643], [36.93482, -1.26627], [36.93454, -1.26554], [36.93417, -1.26543], [36.93313, -1.26352], [36.93054, -1.2562], [36.93071, -1.25494], [36.93008, -1.25503], [36.92936, -1.2528], [36.92957, -1.25076], [36.92912, -1.24963], [36.92916, -1.24897], [36.92949, -1.24859], [36.92817, -1.24642], [36.92981, -1.24471], [36.93068, -1.24427], [36.93088, -1.24383], [36.93051, -1.24289], [36.93065, -1.24241], [36.93202, -1.24132], [36.93297, -1.24101], [36.93372, -1.24127], [36.93532, -1.24254], [36.93634, -1.24117], [36.9372, -1.24085], [36.93925, -1.24202], [36.93996, -1.24285]]]}}, {"type": "Feature", "properties": {"Name": "Umoja 2", "hazardZone": 5, "exposure": 0.666667, "vulnerability": 0.824141, "risk": 2.747135, "zoneLabel": "Extreme", "riskRank": 48}, "geometry": {"type": "Polygon", "coordinates": [[[36.90016, -1.27824], [36.90261, -1.28299], [36.89857, -1.28583], [36.89806, -1.28625], [36.89792, -1.28684], [36.88781, -1.29458], [36.88639, -1.29506], [36.88397, -1.285], [36.88722, -1.2842], [36.88783, -1.28634], [36.89041, -1.28729], [36.89204, -1.28256], [36.89446, -1.27776], [36.89551, -1.2782], [36.89613, -1.2802], [36.90016, -1.27824]]]}}, {"type": "Feature", "properties": {"Name": "Umoja 1", "hazardZone": 5, "exposure": 0.333333, "vulnerability": 0.759916, "risk": 1.266527, "zoneLabel": "Extreme", "riskRank": 116}, "geometry": {"type": "Polygon", "coordinates": [[[36.90016, -1.27824], [36.89613, -1.2802], [36.89551, -1.2782], [36.89446, -1.27776], [36.89204, -1.28256], [36.89041, -1.28729], [36.88783, -1.28634], [36.88722, -1.2842], [36.88397, -1.285], [36.88315, -1.28186], [36.88269, -1.27859], [36.88423, -1.27818], [36.88643, -1.27616], [36.89278, -1.27494], [36.89735, -1.27282], [36.90016, -1.27824]]]}}, {"type": "Feature", "properties": {"Name": "Mowlem", "hazardZone": 5, "exposure": 1.0, "vulnerability": 0.802252, "risk": 4.011258, "zoneLabel": "Extreme", "riskRank": 4}, "geometry": {"type": "Polygon", "coordinates": [[[36.91235, -1.25962], [36.90918, -1.26114], [36.90646, -1.26316], [36.90156, -1.26933], [36.89779, -1.27256], [36.896, -1.27359], [36.89278, -1.27494], [36.8867, -1.27605], [36.8856, -1.27675], [36.88423, -1.27818], [36.88269, -1.27859], [36.88186, -1.27415], [36.89085, -1.26622], [36.89163, -1.2648], [36.89227, -1.26127], [36.8927, -1.26002], [36.89361, -1.25921], [36.89985, -1.25823], [36.90158, -1.25715], [36.90271, -1.25769], [36.90567, -1.25667], [36.90783, -1.2568], [36.90867, -1.25624], [36.91009, -1.25474], [36.91124, -1.25446], [36.91146, -1.2546], [36.91235, -1.25962]]]}}, {"type": "Feature", "properties": {"Name": "Kariobangi South", "hazardZone": 5, "exposure": 0.0, "vulnerability": 0.739151, "risk": 0.0, "zoneLabel": "Extreme", "riskRank": 141}, "geometry": {"type": "Polygon", "coordinates": [[[36.90158, -1.25715], [36.89985, -1.25823], [36.89423, -1.25897], [36.89312, -1.25954], [36.8927, -1.26002], [36.89227, -1.26127], [36.89163, -1.2648], [36.89085, -1.26622], [36.88186, -1.27415], [36.87946, -1.26437], [36.87993, -1.2637], [36.88099, -1.26308], [36.88195, -1.26282], [36.88263, -1.26203], [36.88541, -1.26166], [36.89, -1.26042], [36.89321, -1.2583], [36.89784, -1.2567], [36.89943, -1.25642], [36.90158, -1.25715]]]}}, {"type": "Feature", "properties": {"Name": "Imara Daima", "hazardZone": 5, "exposure": 1.0, "vulnerability": 0.681657, "risk": 3.398256, "zoneLabel": "Extreme", "riskRank": 18}, "geometry": {"type": "Polygon", "coordinates": [[[36.88179, -1.31048], [36.87753, -1.31688], [36.87785, -1.31707], [36.87814, -1.31682], [36.87883, -1.31741], [36.87982, -1.31762], [36.88062, -1.31835], [36.88107, -1.31795], [36.88252, -1.3183], [36.88349, -1.31808], [36.88435, -1.31848], [36.88518, -1.31936], [36.88783, -1.32337], [36.89247, -1.32854], [36.88816, -1.33165], [36.88517, -1.32946], [36.88362, -1.32889], [36.88153, -1.32861], [36.87047, -1.33001], [36.87027, -1.32838], [36.87083, -1.32544], [36.87035, -1.32345], [36.86891, -1.32175], [36.86657, -1.31998], [36.86273, -1.31783], [36.86173, -1.31607], [36.86232, -1.31572], [36.86285, -1.3145], [36.86413, -1.31369], [36.86446, -1.31354], [36.86479, -1.31401], [36.86528, -1.31412], [36.86604, -1.31322], [36.86675, -1.31321], [36.86724, -1.31268], [36.86808, -1.31239], [36.87042, -1.3121], [36.87097, -1.31264], [36.87184, -1.3126], [36.87258, -1.3132], [36.87325, -1.31321], [36.87576, -1.31213], [36.87735, -1.31073], [36.87824, -1.31031], [36.87863, -1.3102], [36.88003, -1.31057], [36.88037, -1.31036], [36.88179, -1.31048]]]}}, {"type": "Feature", "properties": {"Name": "Kwa Reuben", "hazardZone": 5, "exposure": 0.666667, "vulnerability": 0.733012, "risk": 2.443374, "zoneLabel": "Extreme", "riskRank": 66}, "geometry": {"type": "Polygon", "coordinates": [[[36.88548, -1.31452], [36.88532, -1.31523], [36.88545, -1.31778], [36.88462, -1.31879], [36.88349, -1.31808], [36.88252, -1.3183], [36.88104, -1.31795], [36.88062, -1.31835], [36.87982, -1.31762], [36.87883, -1.31741], [36.87814, -1.31682], [36.87785, -1.31707], [36.87753, -1.31688], [36.88167, -1.31067], [36.88247, -1.31052], [36.88244, -1.31078], [36.88328, -1.31133], [36.8835, -1.31233], [36.88332, -1.31242], [36.88431, -1.3139], [36.88442, -1.31402], [36.885, -1.3136], [36.88548, -1.31452]]]}}, {"type": "Feature", "properties": {"Name": "Mukuru Kwa Njenga", "hazardZone": 5, "exposure": 1.0, "vulnerability": 0.798257, "risk": 3.991286, "zoneLabel": "Extreme", "riskRank": 5}, "geometry": {"type": "Polygon", "coordinates": [[[36.89449, -1.32727], [36.89247, -1.32854], [36.88777, -1.32329], [36.88462, -1.31879], [36.88545, -1.31778], [36.8854, -1.31455], [36.88789, -1.31949], [36.89165, -1.32564], [36.89306, -1.3247], [36.89449, -1.32727]]]}}, {"type": "Feature", "properties": {"Name": "Utawala", "hazardZone": 3, "exposure": 1.0, "vulnerability": 0.582603, "risk": 1.965671, "zoneLabel": "High", "riskRank": 87}, "geometry": {"type": "Polygon", "coordinates": [[[36.91342, -1.35799], [36.91244, -1.35729], [36.91079, -1.3552], [36.90668, -1.35083], [36.90234, -1.34511], [36.89466, -1.33758], [36.88816, -1.33166], [36.88825, -1.33149], [36.88859, -1.33146], [36.89297, -1.32821], [36.89999, -1.32382], [36.9074, -1.31988], [36.9086, -1.3189], [36.91281, -1.31868], [36.91513, -1.31883], [36.91813, -1.318], [36.92362, -1.31294], [36.92587, -1.31151], [36.92932, -1.31076], [36.93158, -1.30925], [36.93345, -1.30736], [36.94412, -1.29302], [36.96237, -1.28148], [36.96853, -1.27853], [36.97006, -1.27709], [36.98449, -1.3162], [36.9642, -1.31961], [36.94942, -1.33069], [36.94625, -1.32809], [36.94766, -1.33151], [36.94332, -1.33316], [36.92023, -1.35176], [36.91342, -1.35799]]]}}, {"type": "Feature", "properties": {"Name": "Ngara West", "hazardZone": 5, "exposure": 1.0, "vulnerability": 0.523378, "risk": 2.445458, "zoneLabel": "Extreme", "riskRank": 65}, "geometry": {"type": "Polygon", "coordinates": [[[36.83232, -1.26921], [36.82759, -1.2721], [36.82334, -1.27534], [36.82263, -1.27665], [36.8213, -1.27778], [36.82122, -1.27848], [36.82061, -1.27809], [36.82016, -1.27741], [36.81952, -1.27737], [36.81928, -1.27705], [36.81777, -1.27651], [36.81737, -1.27609], [36.8152, -1.27558], [36.81325, -1.27445], [36.81261, -1.27448], [36.81272, -1.27408], [36.8143, -1.27267], [36.81485, -1.27069], [36.81634, -1.2694], [36.81953, -1.26918], [36.82101, -1.26869], [36.82477, -1.26879], [36.83439, -1.26683], [36.83232, -1.26921]]]}}, {"type": "Feature", "properties": {"Name": "Ngara East", "hazardZone": 5, "exposure": 1.0, "vulnerability": 0.554782, "risk": 2.773909, "zoneLabel": "Extreme", "riskRank": 43}, "geometry": {"type": "Polygon", "coordinates": [[[36.83663, -1.2703], [36.83362, -1.27902], [36.83238, -1.28045], [36.83249, -1.2808], [36.83213, -1.28124], [36.83075, -1.28102], [36.82646, -1.27889], [36.82476, -1.27863], [36.82216, -1.279], [36.82122, -1.27848], [36.8213, -1.27778], [36.82263, -1.27665], [36.82334, -1.27534], [36.82759, -1.2721], [36.83232, -1.26921], [36.83531, -1.27018], [36.83663, -1.2703]]]}}, {"type": "Feature", "properties": {"Name": "City Square", "hazardZone": 5, "exposure": 0.666667, "vulnerability": 0.477359, "risk": 1.572783, "zoneLabel": "Extreme", "riskRank": 101}, "geometry": {"type": "Polygon", "coordinates": [[[36.82753, -1.28925], [36.82878, -1.292], [36.82186, -1.29523], [36.82037, -1.29278], [36.81503, -1.28181], [36.81856, -1.27995], [36.81941, -1.28015], [36.82497, -1.28461], [36.82753, -1.28925]]]}}, {"type": "Feature", "properties": {"Name": "City Centre", "hazardZone": 5, "exposure": 1.0, "vulnerability": 0.510009, "risk": 2.472925, "zoneLabel": "Extreme", "riskRank": 62}, "geometry": {"type": "Polygon", "coordinates": [[[36.82061, -1.27809], [36.82216, -1.279], [36.82476, -1.27863], [36.82646, -1.27889], [36.83075, -1.28102], [36.83213, -1.28124], [36.83241, -1.28097], [36.83325, -1.282], [36.83334, -1.2832], [36.83237, -1.28553], [36.8321, -1.28565], [36.83219, -1.28587], [36.83162, -1.28723], [36.82753, -1.28925], [36.82497, -1.28461], [36.81941, -1.28015], [36.81856, -1.27995], [36.81503, -1.28181], [36.81411, -1.27966], [36.81364, -1.27701], [36.81261, -1.2752], [36.81262, -1.27448], [36.81325, -1.27445], [36.8152, -1.27558], [36.81737, -1.27609], [36.81777, -1.27651], [36.81928, -1.27705], [36.81952, -1.27737], [36.82016, -1.27741], [36.82061, -1.27809]]]}}, {"type": "Feature", "properties": {"Name": "Muthurwa", "hazardZone": 5, "exposure": 1.0, "vulnerability": 0.480927, "risk": 2.404635, "zoneLabel": "Extreme", "riskRank": 68}, "geometry": {"type": "Polygon", "coordinates": [[[36.84123, -1.28981], [36.84099, -1.29181], [36.83962, -1.2915], [36.83893, -1.29205], [36.83852, -1.29203], [36.83764, -1.29044], [36.83665, -1.28944], [36.83595, -1.28911], [36.83457, -1.28894], [36.83249, -1.28985], [36.82878, -1.292], [36.82753, -1.28925], [36.83162, -1.28723], [36.83219, -1.28587], [36.83249, -1.28584], [36.83401, -1.28617], [36.83658, -1.28719], [36.84062, -1.28929], [36.84123, -1.28981]]]}}, {"type": "Feature", "properties": {"Name": "Majengo", "hazardZone": 5, "exposure": 0.333333, "vulnerability": 0.482686, "risk": 0.804476, "zoneLabel": "Extreme", "riskRank": 127}, "geometry": {"type": "Polygon", "coordinates": [[[36.84802, -1.28844], [36.84663, -1.28749], [36.8445, -1.28705], [36.84488, -1.2855], [36.84397, -1.28518], [36.8432, -1.28458], [36.84467, -1.2819], [36.84455, -1.28001], [36.84635, -1.27997], [36.84802, -1.28844]]]}}, {"type": "Feature", "properties": {"Name": "Bondeni/Gorofani", "hazardZone": 5, "exposure": 1.0, "vulnerability": 0.0, "risk": 0.0, "zoneLabel": "Extreme", "riskRank": 142}, "geometry": {"type": "Polygon", "coordinates": [[[36.84407, -1.28301], [36.8432, -1.28458], [36.84397, -1.28518], [36.84488, -1.2855], [36.8445, -1.28705], [36.84343, -1.28645], [36.84268, -1.28753], [36.8413, -1.2874], [36.83916, -1.28473], [36.84054, -1.28422], [36.84026, -1.28349], [36.84131, -1.28316], [36.84407, -1.28301]]]}}, {"type": "Feature", "properties": {"Name": "Kamukunji", "hazardZone": 5, "exposure": 0.0, "vulnerability": 0.273611, "risk": 0.0, "zoneLabel": "Extreme", "riskRank": 143}, "geometry": {"type": "Polygon", "coordinates": [[[36.84033, -1.2864], [36.84161, -1.28751], [36.84268, -1.28753], [36.84343, -1.28645], [36.8445, -1.28705], [36.84435, -1.28792], [36.8434, -1.28796], [36.84188, -1.28883], [36.84151, -1.29063], [36.8412, -1.29067], [36.8413, -1.29003], [36.84095, -1.28948], [36.83766, -1.28768], [36.83401, -1.28617], [36.83209, -1.2857], [36.83221, -1.28553], [36.83613, -1.28531], [36.83635, -1.28586], [36.83669, -1.28606], [36.83802, -1.28636], [36.84033, -1.2864]]]}}, {"type": "Feature", "properties": {"Name": "Shaurimoyo", "hazardZone": 5, "exposure": 1.0, "vulnerability": 0.423793, "risk": 2.118966, "zoneLabel": "Extreme", "riskRank": 80}, "geometry": {"type": "Polygon", "coordinates": [[[36.84663, -1.28749], [36.84865, -1.28871], [36.84892, -1.28928], [36.84932, -1.28944], [36.85006, -1.28926], [36.85224, -1.28954], [36.85258, -1.29112], [36.85218, -1.29439], [36.84544, -1.29291], [36.84615, -1.28954], [36.84414, -1.28896], [36.8445, -1.28705], [36.84663, -1.28749]]]}}, {"type": "Feature", "properties": {"Name": "Kaloleni", "hazardZone": 5, "exposure": 1.0, "vulnerability": 0.507796, "risk": 2.538978, "zoneLabel": "Extreme", "riskRank": 58}, "geometry": {"type": "Polygon", "coordinates": [[[36.83962, -1.2915], [36.84976, -1.29388], [36.84557, -1.29807], [36.84759, -1.30136], [36.84642, -1.30139], [36.84509, -1.30105], [36.844, -1.30043], [36.8432, -1.29952], [36.83852, -1.29203], [36.83893, -1.29205], [36.83962, -1.2915]]]}}, {"type": "Feature", "properties": {"Name": "Makongeni", "hazardZone": 5, "exposure": 0.0, "vulnerability": 0.532153, "risk": 0.0, "zoneLabel": "Extreme", "riskRank": 144}, "geometry": {"type": "Polygon", "coordinates": [[[36.84976, -1.29388], [36.85554, -1.29514], [36.85516, -1.29744], [36.85551, -1.30029], [36.84759, -1.30136], [36.84557, -1.29807], [36.84976, -1.29388]]]}}, {"type": "Feature", "properties": {"Name": "Mbotela", "hazardZone": 5, "exposure": 1.0, "vulnerability": 0.502138, "risk": 2.51069, "zoneLabel": "Extreme", "riskRank": 60}, "geometry": {"type": "Polygon", "coordinates": [[[36.85554, -1.29514], [36.86901, -1.29795], [36.85551, -1.30029], [36.85516, -1.29744], [36.85554, -1.29514]]]}}, {"type": "Feature", "properties": {"Name": "Maringo", "hazardZone": 5, "exposure": 1.0, "vulnerability": 0.576665, "risk": 2.883324, "zoneLabel": "Extreme", "riskRank": 36}, "geometry": {"type": "Polygon", "coordinates": [[[36.86797, -1.28896], [36.86793, -1.29536], [36.86726, -1.2976], [36.85218, -1.29439], [36.8673, -1.28756], [36.86797, -1.28896]]]}}, {"type": "Feature", "properties": {"Name": "Kimathi", "hazardZone": 5, "exposure": 1.0, "vulnerability": 0.34586, "risk": 1.729301, "zoneLabel": "Extreme", "riskRank": 96}, "geometry": {"type": "Polygon", "coordinates": [[[36.86494, -1.28317], [36.8673, -1.28756], [36.85949, -1.29109], [36.85922, -1.29026], [36.85825, -1.29064], [36.85778, -1.2892], [36.85659, -1.28857], [36.85657, -1.28827], [36.85701, -1.28808], [36.85691, -1.28742], [36.85958, -1.28575], [36.86129, -1.284], [36.86359, -1.28388], [36.86494, -1.28317]]]}}, {"type": "Feature", "properties": {"Name": "Hamza", "hazardZone": 5, "exposure": 1.0, "vulnerability": 0.556752, "risk": 2.78376, "zoneLabel": "Extreme", "riskRank": 42}, "geometry": {"type": "Polygon", "coordinates": [[[36.87624, -1.29185], [36.87677, -1.29695], [36.86921, -1.29797], [36.86726, -1.2976], [36.86783, -1.29597], [36.86809, -1.29308], [36.86957, -1.29279], [36.86984, -1.29347], [36.874, -1.29295], [36.87331, -1.29236], [36.87382, -1.2924], [36.87553, -1.29178], [36.87624, -1.29185]]]}}, {"type": "Feature", "properties": {"Name": "Jericho/Lumumba", "hazardZone": 5, "exposure": 1.0, "vulnerability": 0.397147, "risk": 1.985734, "zoneLabel": "Extreme", "riskRank": 85}, "geometry": {"type": "Polygon", "coordinates": [[[36.87624, -1.29185], [36.87553, -1.29178], [36.87382, -1.2924], [36.87331, -1.29236], [36.874, -1.29295], [36.86984, -1.29347], [36.86957, -1.29279], [36.86809, -1.29308], [36.86809, -1.29156], [36.87238, -1.2893], [36.87287, -1.28879], [36.8728, -1.28834], [36.87311, -1.28785], [36.87433, -1.28738], [36.8758, -1.29022], [36.87624, -1.29185]]]}}, {"type": "Feature", "properties": {"Name": "Buruburu", "hazardZone": 5, "exposure": 0.666667, "vulnerability": 0.575013, "risk": 1.916711, "zoneLabel": "Extreme", "riskRank": 89}, "geometry": {"type": "Polygon", "coordinates": [[[36.88223, -1.27609], [36.88315, -1.28186], [36.88606, -1.2934], [36.8869, -1.29772], [36.88615, -1.29772], [36.88262, -1.29617], [36.87677, -1.29695], [36.87608, -1.29113], [36.87425, -1.28741], [36.87383, -1.28519], [36.87299, -1.28363], [36.87585, -1.28145], [36.87917, -1.28141], [36.87758, -1.27859], [36.87748, -1.27717], [36.88223, -1.27609]]]}}, {"type": "Feature", "properties": {"Name": "Uhuru", "hazardZone": 5, "exposure": 0.0, "vulnerability": 0.4578, "risk": 0.0, "zoneLabel": "Extreme", "riskRank": 145}, "geometry": {"type": "Polygon", "coordinates": [[[36.87946, -1.26437], [36.88223, -1.27609], [36.87748, -1.27717], [36.87758, -1.27859], [36.87917, -1.28141], [36.87585, -1.28145], [36.87295, -1.28366], [36.87142, -1.28193], [36.86854, -1.28452], [36.86776, -1.28554], [36.86661, -1.28628], [36.86515, -1.28353], [36.86585, -1.28332], [36.86612, -1.28244], [36.86798, -1.28224], [36.86871, -1.28101], [36.87066, -1.28021], [36.87072, -1.27893], [36.87173, -1.27796], [36.87186, -1.27644], [36.8726, -1.27535], [36.87233, -1.27426], [36.87291, -1.27404], [36.873, -1.27311], [36.87366, -1.27181], [36.87426, -1.27159], [36.8748, -1.27095], [36.87464, -1.26986], [36.87506, -1.26942], [36.87485, -1.26836], [36.87525, -1.2679], [36.87645, -1.26841], [36.87694, -1.26834], [36.87726, -1.26785], [36.87779, -1.26786], [36.87814, -1.26706], [36.87791, -1.26643], [36.87877, -1.26606], [36.87946, -1.26437]]]}}, {"type": "Feature", "properties": {"Name": "Kitisuru", "hazardZone": 2, "exposure": 0.666667, "vulnerability": 0.553282, "risk": 0.593245, "zoneLabel": "Moderate", "riskRank": 133}, "geometry": {"type": "Polygon", "coordinates": [[[36.77858, -1.24758], [36.77568, -1.24783], [36.77365, -1.24704], [36.77022, -1.24721], [36.76821, -1.24679], [36.76686, -1.24685], [36.76373, -1.24637], [36.76339, -1.2466], [36.76274, -1.24653], [36.76107, -1.24575], [36.76011, -1.24487], [36.7577, -1.24343], [36.75526, -1.24258], [36.75305, -1.2433], [36.75084, -1.24365], [36.74977, -1.24403], [36.74914, -1.2447], [36.74849, -1.2447], [36.74694, -1.24391], [36.74469, -1.24219], [36.74193, -1.24178], [36.73978, -1.24212], [36.7378, -1.24356], [36.73724, -1.2441], [36.73639, -1.2465], [36.7355, -1.24745], [36.73437, -1.24783], [36.73381, -1.24777], [36.73201, -1.24699], [36.73043, -1.24693], [36.7283, -1.24587], [36.72956, -1.23448], [36.73013, -1.23423], [36.73053, -1.23447], [36.73082, -1.23528], [36.73162, -1.23505], [36.73236, -1.23538], [36.73445, -1.23559], [36.73534, -1.23605], [36.73579, -1.23593], [36.7363, -1.23616], [36.73696, -1.23581], [36.73908, -1.23636], [36.73974, -1.23627], [36.74117, -1.23663], [36.74122, -1.23705], [36.74189, -1.23676], [36.74216, -1.23622], [36.74421, -1.23737], [36.74637, -1.23721], [36.74735, -1.23744], [36.75355, -1.2263], [36.75417, -1.22603], [36.75538, -1.2261], [36.756, -1.22705], [36.75677, -1.22721], [36.75917, -1.23051], [36.76176, -1.23347], [36.76252, -1.23385], [36.76331, -1.23391], [36.76491, -1.23347], [36.76592, -1.23345], [36.76822, -1.23479], [36.77062, -1.23543], [36.7758, -1.23421], [36.77745, -1.23474], [36.78037, -1.23626], [36.78527, -1.2377], [36.78928, -1.24007], [36.79002, -1.24028], [36.79199, -1.24209], [36.79253, -1.24416], [36.79357, -1.24459], [36.79428, -1.24562], [36.79703, -1.248], [36.797, -1.24979], [36.7925, -1.24989], [36.79014, -1.24899], [36.78926, -1.24896], [36.78791, -1.24818], [36.78511, -1.24863], [36.7816, -1.24776], [36.7799, -1.24785], [36.77858, -1.24758]]]}}, {"type": "Feature", "properties": {"Name": "Loresho", "hazardZone": 1, "exposure": 0.666667, "vulnerability": 0.59484, "risk": 0.644212, "zoneLabel": "Low", "riskRank": 130}, "geometry": {"type": "Polygon", "coordinates": [[[36.77858, -1.24758], [36.77747, -1.24826], [36.77632, -1.24848], [36.77405, -1.24787], [36.77189, -1.24781], [36.76918, -1.24868], [36.7667, -1.24979], [36.76626, -1.2511], [36.76633, -1.25277], [36.76625, -1.25359], [36.76596, -1.25376], [36.76602, -1.25518], [36.7656, -1.25533], [36.76424, -1.25499], [36.76286, -1.25507], [36.76052, -1.25668], [36.75693, -1.25856], [36.7543, -1.26418], [36.73727, -1.26454], [36.72775, -1.26355], [36.72337, -1.26382], [36.72168, -1.26471], [36.72138, -1.26478], [36.72125, -1.2645], [36.7215, -1.26181], [36.72232, -1.25951], [36.72633, -1.25272], [36.72522, -1.25189], [36.72516, -1.25158], [36.7259, -1.25035], [36.72603, -1.24904], [36.72549, -1.24764], [36.72664, -1.24588], [36.7283, -1.24587], [36.73043, -1.24693], [36.73201, -1.24699], [36.73381, -1.24777], [36.73489, -1.24771], [36.73593, -1.24714], [36.73639, -1.2465], [36.73724, -1.2441], [36.73843, -1.24302], [36.73978, -1.24212], [36.74193, -1.24178], [36.74469, -1.24219], [36.74694, -1.24391], [36.74849, -1.2447], [36.74914, -1.2447], [36.74977, -1.24403], [36.75084, -1.24365], [36.75305, -1.2433], [36.75526, -1.24258], [36.7577, -1.24343], [36.76011, -1.24487], [36.76107, -1.24575], [36.76274, -1.24653], [36.76339, -1.2466], [36.76373, -1.24637], [36.76686, -1.24685], [36.76821, -1.24679], [36.77022, -1.24721], [36.77365, -1.24704], [36.77568, -1.24783], [36.77858, -1.24758]]]}}, {"type": "Feature", "properties": {"Name": "Kyuna", "hazardZone": 2, "exposure": 1.0, "vulnerability": 0.544403, "risk": 1.227211, "zoneLabel": "Moderate", "riskRank": 117}, "geometry": {"type": "Polygon", "coordinates": [[[36.7799, -1.24785], [36.78433, -1.24967], [36.78598, -1.25124], [36.78899, -1.25175], [36.7884, -1.25278], [36.78518, -1.25244], [36.78505, -1.25294], [36.78281, -1.25382], [36.78363, -1.25468], [36.78383, -1.25585], [36.78001, -1.25523], [36.77554, -1.25403], [36.77527, -1.25602], [36.7757, -1.25942], [36.76815, -1.26102], [36.76462, -1.26304], [36.76106, -1.26372], [36.75651, -1.26418], [36.7543, -1.26418], [36.75693, -1.25856], [36.76052, -1.25668], [36.76286, -1.25507], [36.76424, -1.25499], [36.7656, -1.25533], [36.76602, -1.25518], [36.76596, -1.25376], [36.76625, -1.25359], [36.76633, -1.25277], [36.76626, -1.2511], [36.7667, -1.24979], [36.76918, -1.24868], [36.77189, -1.24781], [36.77405, -1.24787], [36.77632, -1.24848], [36.77747, -1.24826], [36.77858, -1.24758], [36.7799, -1.24785]]]}}, {"type": "Feature", "properties": {"Name": "Spring Valley", "hazardZone": 3, "exposure": 1.0, "vulnerability": 0.536508, "risk": 1.763724, "zoneLabel": "High", "riskRank": 95}, "geometry": {"type": "Polygon", "coordinates": [[[36.80271, -1.248], [36.80108, -1.25102], [36.80256, -1.2526], [36.80209, -1.25495], [36.80199, -1.25931], [36.80138, -1.25885], [36.801, -1.2573], [36.80054, -1.25687], [36.79762, -1.25586], [36.79239, -1.25626], [36.78851, -1.25729], [36.78643, -1.25666], [36.78588, -1.25788], [36.78706, -1.25844], [36.78733, -1.25974], [36.77954, -1.25884], [36.7757, -1.25942], [36.77527, -1.25602], [36.77554, -1.25403], [36.78001, -1.25523], [36.78383, -1.25585], [36.78363, -1.25468], [36.78281, -1.25382], [36.78505, -1.25294], [36.78518, -1.25244], [36.7884, -1.25278], [36.78899, -1.25175], [36.78598, -1.25124], [36.78433, -1.24967], [36.7799, -1.24785], [36.7816, -1.24776], [36.78511, -1.24863], [36.78791, -1.24818], [36.78926, -1.24896], [36.79014, -1.24899], [36.7925, -1.24989], [36.797, -1.24979], [36.79703, -1.248], [36.79449, -1.24577], [36.79764, -1.24708], [36.80271, -1.248]]]}}, {"type": "Feature", "properties": {"Name": "Upper Parklands", "hazardZone": 4, "exposure": 1.0, "vulnerability": 0.530426, "risk": 2.169523, "zoneLabel": "Very High", "riskRank": 78}, "geometry": {"type": "Polygon", "coordinates": [[[36.81284, -1.25351], [36.80647, -1.26339], [36.80325, -1.26614], [36.80172, -1.26463], [36.80037, -1.26276], [36.79924, -1.26189], [36.7976, -1.26134], [36.79265, -1.26079], [36.79063, -1.26026], [36.78769, -1.25989], [36.78733, -1.25974], [36.78706, -1.25844], [36.78588, -1.25788], [36.78643, -1.25666], [36.78851, -1.25729], [36.79239, -1.25626], [36.79762, -1.25586], [36.80054, -1.25687], [36.801, -1.2573], [36.80138, -1.25885], [36.80199, -1.25931], [36.80209, -1.25495], [36.80256, -1.2526], [36.80108, -1.25102], [36.80271, -1.248], [36.80587, -1.24891], [36.80714, -1.24988], [36.80521, -1.25228], [36.80574, -1.25228], [36.8063, -1.25191], [36.80676, -1.25273], [36.80871, -1.25321], [36.8104, -1.2536], [36.81278, -1.25311], [36.81284, -1.25351]]]}}, {"type": "Feature", "properties": {"Name": "Highridge", "hazardZone": 5, "exposure": 1.0, "vulnerability": 0.595902, "risk": 2.826294, "zoneLabel": "Extreme", "riskRank": 39}, "geometry": {"type": "Polygon", "coordinates": [[[36.82031, -1.26892], [36.81615, -1.26952], [36.81485, -1.27069], [36.8143, -1.27267], [36.81272, -1.27408], [36.8126, -1.27512], [36.81165, -1.27413], [36.80995, -1.27324], [36.80827, -1.27194], [36.80325, -1.26614], [36.80647, -1.26339], [36.81307, -1.25306], [36.81536, -1.2527], [36.8166, -1.25216], [36.8197, -1.25208], [36.82345, -1.25465], [36.82582, -1.2557], [36.82704, -1.25799], [36.82703, -1.25865], [36.82414, -1.26506], [36.82275, -1.26705], [36.82031, -1.26892]]]}}, {"type": "Feature", "properties": {"Name": "Muthaiga", "hazardZone": 2, "exposure": 1.0, "vulnerability": 0.565484, "risk": 1.063094, "zoneLabel": "Moderate", "riskRank": 119}, "geometry": {"type": "Polygon", "coordinates": [[[36.84234, -1.23123], [36.84319, -1.23228], [36.84341, -1.23294], [36.84464, -1.2439], [36.84574, -1.24634], [36.8471, -1.24823], [36.84715, -1.2492], [36.84333, -1.25623], [36.84212, -1.26043], [36.8411, -1.26264], [36.84052, -1.26311], [36.83852, -1.2636], [36.83596, -1.26534], [36.83439, -1.26683], [36.82477, -1.26879], [36.82101, -1.26869], [36.82031, -1.26892], [36.82275, -1.26705], [36.82414, -1.26506], [36.82703, -1.25865], [36.82704, -1.25799], [36.82582, -1.2557], [36.82345, -1.25465], [36.81943, -1.25203], [36.8166, -1.25216], [36.81536, -1.2527], [36.81307, -1.25306], [36.81284, -1.25351], [36.81278, -1.25311], [36.81257, -1.25309], [36.8104, -1.2536], [36.80676, -1.25273], [36.8063, -1.25191], [36.80574, -1.25228], [36.80521, -1.25228], [36.80714, -1.24988], [36.80587, -1.24891], [36.80207, -1.24781], [36.79764, -1.24708], [36.79449, -1.24577], [36.79372, -1.24473], [36.79304, -1.24439], [36.79796, -1.23461], [36.7989, -1.23521], [36.80044, -1.23563], [36.80533, -1.23877], [36.80607, -1.23937], [36.807, -1.24088], [36.80832, -1.24069], [36.8098, -1.24167], [36.81087, -1.24139], [36.81174, -1.24145], [36.81275, -1.24272], [36.813, -1.2441], [36.81471, -1.24528], [36.81667, -1.23989], [36.81924, -1.23954], [36.8194, -1.23751], [36.81784, -1.23636], [36.81941, -1.22994], [36.81599, -1.22772], [36.81602, -1.22574], [36.81538, -1.2226], [36.81551, -1.22204], [36.81605, -1.22205], [36.81747, -1.22309], [36.8182, -1.22317], [36.82125, -1.22469], [36.82326, -1.22645], [36.82416, -1.22763], [36.82513, -1.22824], [36.8263, -1.22841], [36.82725, -1.22896], [36.8283, -1.22879], [36.82993, -1.22895], [36.83072, -1.22941], [36.83134, -1.23019], [36.83191, -1.23167], [36.83247, -1.2322], [36.83368, -1.23241], [36.83474, -1.22994], [36.83844, -1.23129], [36.84234, -1.23123]]]}}, {"type": "Feature", "properties": {"Name": "Karura", "hazardZone": 2, "exposure": 1.0, "vulnerability": 0.59865, "risk": 1.472645, "zoneLabel": "Moderate", "riskRank": 105}, "geometry": {"type": "Polygon", "coordinates": [[[36.83515, -1.21543], [36.83582, -1.21827], [36.83544, -1.22026], [36.83559, -1.22123], [36.83819, -1.2241], [36.84099, -1.22964], [36.84234, -1.23123], [36.83844, -1.23129], [36.83474, -1.22994], [36.83368, -1.23241], [36.83247, -1.2322], [36.83191, -1.23167], [36.83134, -1.23019], [36.83072, -1.22941], [36.82993, -1.22895], [36.8283, -1.22879], [36.82725, -1.22896], [36.8263, -1.22841], [36.82513, -1.22824], [36.82416, -1.22763], [36.82326, -1.22645], [36.82125, -1.22469], [36.8182, -1.22317], [36.81747, -1.22309], [36.81605, -1.22205], [36.81551, -1.22204], [36.81538, -1.2226], [36.81602, -1.22574], [36.81599, -1.22772], [36.81941, -1.22994], [36.81784, -1.23636], [36.8194, -1.23751], [36.81924, -1.23954], [36.81667, -1.23989], [36.81471, -1.24528], [36.813, -1.2441], [36.81275, -1.24272], [36.81174, -1.24145], [36.81087, -1.24139], [36.8098, -1.24167], [36.80832, -1.24069], [36.807, -1.24088], [36.80607, -1.23937], [36.80533, -1.23877], [36.80044, -1.23563], [36.7989, -1.23521], [36.79796, -1.23461], [36.79304, -1.24439], [36.79279, -1.24434], [36.79245, -1.24399], [36.79199, -1.24209], [36.79002, -1.24028], [36.78928, -1.24007], [36.78527, -1.2377], [36.78037, -1.23626], [36.77745, -1.23474], [36.7758, -1.23421], [36.77337, -1.23467], [36.77123, -1.2354], [36.77015, -1.23541], [36.76822, -1.23479], [36.76592, -1.23345], [36.76491, -1.23347], [36.76331, -1.23391], [36.76218, -1.23371], [36.75917, -1.23051], [36.75677, -1.22721], [36.756, -1.22705], [36.75538, -1.2261], [36.75417, -1.22603], [36.75355, -1.2263], [36.75754, -1.21913], [36.77137, -1.22692], [36.77284, -1.22388], [36.77912, -1.2273], [36.78535, -1.21561], [36.78442, -1.21487], [36.79057, -1.20916], [36.79052, -1.20895], [36.7894, -1.20848], [36.78915, -1.20791], [36.78811, -1.20791], [36.78757, -1.20637], [36.78683, -1.20669], [36.78569, -1.2066], [36.78507, -1.20584], [36.78468, -1.20462], [36.79135, -1.19238], [36.7919, -1.1934], [36.79194, -1.19465], [36.79214, -1.19488], [36.79404, -1.195], [36.79645, -1.19398], [36.83515, -1.21543]]]}}, {"type": "Feature", "properties": {"Name": "Muthangari", "hazardZone": 4, "exposure": 1.0, "vulnerability": 0.552882, "risk": 1.850014, "zoneLabel": "Very High", "riskRank": 91}, "geometry": {"type": "Polygon", "coordinates": [[[36.78733, -1.25974], [36.79265, -1.26079], [36.7976, -1.26134], [36.79948, -1.26201], [36.80037, -1.26276], [36.80172, -1.26463], [36.80407, -1.26697], [36.80827, -1.27194], [36.81198, -1.27448], [36.81, -1.27413], [36.8068, -1.27085], [36.80513, -1.27147], [36.80455, -1.27127], [36.80428, -1.27107], [36.80426, -1.27003], [36.80393, -1.26945], [36.80144, -1.26923], [36.80047, -1.26819], [36.79901, -1.26806], [36.79805, -1.26833], [36.79652, -1.26779], [36.79561, -1.26854], [36.79525, -1.26856], [36.79416, -1.26793], [36.79291, -1.26788], [36.79177, -1.2672], [36.79093, -1.26744], [36.7903, -1.26712], [36.78935, -1.26765], [36.78862, -1.26763], [36.78656, -1.26704], [36.78553, -1.26619], [36.78373, -1.26636], [36.7828, -1.2656], [36.7826, -1.26508], [36.78076, -1.26644], [36.77956, -1.26634], [36.77842, -1.26663], [36.777, -1.2655], [36.77524, -1.26746], [36.77317, -1.26724], [36.77208, -1.26748], [36.77008, -1.26861], [36.76866, -1.26973], [36.76809, -1.2695], [36.76761, -1.26979], [36.76692, -1.26956], [36.76638, -1.26969], [36.76527, -1.26918], [36.76398, -1.26943], [36.76181, -1.27042], [36.76081, -1.26939], [36.7592, -1.2684], [36.75495, -1.26669], [36.75323, -1.26552], [36.75266, -1.26416], [36.75651, -1.26418], [36.76373, -1.26323], [36.7654, -1.26271], [36.76746, -1.26134], [36.76852, -1.26092], [36.77849, -1.25892], [36.78008, -1.25886], [36.78733, -1.25974]]]}}, {"type": "Feature", "properties": {"Name": "Kileleshwa", "hazardZone": 4, "exposure": 1.0, "vulnerability": 0.588221, "risk": 2.015198, "zoneLabel": "Very High", "riskRank": 83}, "geometry": {"type": "Polygon", "coordinates": [[[36.81185, -1.2746], [36.8106, -1.27561], [36.80651, -1.27477], [36.8059, -1.27511], [36.80421, -1.27534], [36.80377, -1.27512], [36.80327, -1.27442], [36.80212, -1.27377], [36.80117, -1.27418], [36.80058, -1.27495], [36.79971, -1.27508], [36.79876, -1.27574], [36.79773, -1.27604], [36.79708, -1.27651], [36.79648, -1.27763], [36.79607, -1.279], [36.79628, -1.28023], [36.79576, -1.28122], [36.79422, -1.28163], [36.7941, -1.28226], [36.79377, -1.28253], [36.79312, -1.28225], [36.79175, -1.28241], [36.79094, -1.28165], [36.79064, -1.28192], [36.78952, -1.282], [36.78871, -1.28271], [36.78826, -1.28259], [36.78772, -1.28281], [36.78715, -1.28371], [36.78573, -1.28445], [36.78561, -1.28503], [36.78322, -1.28572], [36.78268, -1.28664], [36.78142, -1.28796], [36.78111, -1.28895], [36.78079, -1.28882], [36.78033, -1.28925], [36.78021, -1.28993], [36.77777, -1.29096], [36.77745, -1.2925], [36.77631, -1.29306], [36.77594, -1.29369], [36.77618, -1.29435], [36.77564, -1.29447], [36.77556, -1.29491], [36.77488, -1.29569], [36.77446, -1.2957], [36.77457, -1.29023], [36.77146, -1.29006], [36.77154, -1.28706], [36.77013, -1.28483], [36.77125, -1.28504], [36.77291, -1.28482], [36.77634, -1.28362], [36.77813, -1.2833], [36.77919, -1.28185], [36.77944, -1.28042], [36.77993, -1.2796], [36.77987, -1.27915], [36.77884, -1.27846], [36.77792, -1.27705], [36.7779, -1.27662], [36.77906, -1.27423], [36.7798, -1.27178], [36.78099, -1.27034], [36.78204, -1.26556], [36.78235, -1.26511], [36.78278, -1.26518], [36.7828, -1.2656], [36.78373, -1.26636], [36.78553, -1.26619], [36.78656, -1.26704], [36.78862, -1.26763], [36.78935, -1.26765], [36.7903, -1.26712], [36.79093, -1.26744], [36.79177, -1.2672], [36.79291, -1.26788], [36.79416, -1.26793], [36.79525, -1.26856], [36.79561, -1.26854], [36.79652, -1.26779], [36.79805, -1.26833], [36.79901, -1.26806], [36.80047, -1.26819], [36.80144, -1.26923], [36.80393, -1.26945], [36.80426, -1.27003], [36.80428, -1.27107], [36.80484, -1.27142], [36.8068, -1.27085], [36.81, -1.27413], [36.81185, -1.2746]]]}}, {"type": "Feature", "properties": {"Name": "Maziwa", "hazardZone": 3, "exposure": 1.0, "vulnerability": 0.563539, "risk": 1.848387, "zoneLabel": "High", "riskRank": 92}, "geometry": {"type": "Polygon", "coordinates": [[[36.78204, -1.26556], [36.78099, -1.27034], [36.7798, -1.27178], [36.77906, -1.27423], [36.7779, -1.27662], [36.77792, -1.27705], [36.77884, -1.27846], [36.77973, -1.279], [36.7799, -1.27933], [36.77919, -1.28185], [36.77872, -1.28266], [36.77813, -1.2833], [36.77634, -1.28362], [36.77308, -1.28478], [36.77125, -1.28504], [36.77013, -1.28483], [36.77154, -1.28706], [36.77146, -1.29006], [36.77461, -1.29034], [36.77437, -1.30035], [36.7689, -1.30041], [36.7579, -1.29807], [36.75696, -1.29766], [36.75535, -1.29515], [36.75327, -1.29333], [36.75298, -1.29172], [36.75356, -1.29034], [36.75329, -1.28986], [36.75357, -1.28936], [36.75442, -1.28938], [36.75674, -1.28713], [36.75777, -1.28576], [36.7603, -1.28462], [36.76072, -1.27011], [36.76126, -1.2706], [36.76398, -1.26943], [36.76527, -1.26918], [36.76638, -1.26969], [36.76692, -1.26956], [36.76761, -1.26979], [36.76809, -1.2695], [36.76866, -1.26973], [36.77008, -1.26861], [36.77208, -1.26748], [36.77317, -1.26724], [36.77524, -1.26746], [36.777, -1.2655], [36.77842, -1.26663], [36.77956, -1.26634], [36.78076, -1.26644], [36.78204, -1.26556]]]}}, {"type": "Feature", "properties": {"Name": "Kilimani", "hazardZone": 4, "exposure": 1.0, "vulnerability": 0.596612, "risk": 2.372824, "zoneLabel": "Very High", "riskRank": 69}, "geometry": {"type": "Polygon", "coordinates": [[[36.8106, -1.27561], [36.81198, -1.27448], [36.8126, -1.27512], [36.8135, -1.27666], [36.81442, -1.28048], [36.82037, -1.29278], [36.81525, -1.29379], [36.81464, -1.2941], [36.81395, -1.29487], [36.8127, -1.29524], [36.80965, -1.29541], [36.80725, -1.29697], [36.79603, -1.29929], [36.77437, -1.30035], [36.77446, -1.2957], [36.77488, -1.29569], [36.77556, -1.29491], [36.77564, -1.29447], [36.77618, -1.29435], [36.77594, -1.29369], [36.77631, -1.29306], [36.77741, -1.29256], [36.77777, -1.29096], [36.78021, -1.28993], [36.78033, -1.28925], [36.78079, -1.28882], [36.78111, -1.28895], [36.78142, -1.28796], [36.78268, -1.28664], [36.78322, -1.28572], [36.78561, -1.28503], [36.78573, -1.28445], [36.78715, -1.28371], [36.78772, -1.28281], [36.78826, -1.28259], [36.78871, -1.28271], [36.78952, -1.282], [36.79064, -1.28192], [36.79094, -1.28165], [36.79175, -1.28241], [36.79287, -1.28225], [36.79358, -1.28252], [36.794, -1.2824], [36.79422, -1.28163], [36.79576, -1.28122], [36.79617, -1.28049], [36.79627, -1.27933], [36.79607, -1.279], [36.79708, -1.27651], [36.79971, -1.27508], [36.80058, -1.27495], [36.80117, -1.27418], [36.80188, -1.27386], [36.80261, -1.27393], [36.80421, -1.27534], [36.8059, -1.27511], [36.80651, -1.27477], [36.8106, -1.27561]]]}}, {"type": "Feature", "properties": {"Name": "Garden Estate", "hazardZone": 3, "exposure": 1.0, "vulnerability": 0.581455, "risk": 1.843172, "zoneLabel": "High", "riskRank": 93}, "geometry": {"type": "Polygon", "coordinates": [[[36.87346, -1.23452], [36.8722, -1.23565], [36.87105, -1.23717], [36.86736, -1.24497], [36.86618, -1.24562], [36.85659, -1.25549], [36.8536, -1.25789], [36.8527, -1.25827], [36.84721, -1.25839], [36.84301, -1.26039], [36.84272, -1.26048], [36.84237, -1.26016], [36.84233, -1.25957], [36.84333, -1.25623], [36.84674, -1.25006], [36.84719, -1.24856], [36.84574, -1.24634], [36.84464, -1.2439], [36.84334, -1.23263], [36.84278, -1.23162], [36.84099, -1.22964], [36.83863, -1.22483], [36.84527, -1.22211], [36.84957, -1.22974], [36.85462, -1.22947], [36.85788, -1.22991], [36.86024, -1.2307], [36.86497, -1.23378], [36.8668, -1.23404], [36.87213, -1.23405], [36.87346, -1.23452]]]}}, {"type": "Feature", "properties": {"Name": "Lenana", "hazardZone": 1, "exposure": 1.0, "vulnerability": 0.557058, "risk": 0.596577, "zoneLabel": "Low", "riskRank": 132}, "geometry": {"type": "Polygon", "coordinates": [[[36.72393, -1.30271], [36.72539, -1.30313], [36.72688, -1.30321], [36.7311, -1.30222], [36.73179, -1.30411], [36.73206, -1.308], [36.73003, -1.30801], [36.72843, -1.30835], [36.72649, -1.30983], [36.72465, -1.31081], [36.71605, -1.31826], [36.71392, -1.32065], [36.71151, -1.32128], [36.70716, -1.32198], [36.69066, -1.30199], [36.68571, -1.30091], [36.6877, -1.29676], [36.69026, -1.29767], [36.69241, -1.29772], [36.69285, -1.29818], [36.69921, -1.30068], [36.70233, -1.30156], [36.70419, -1.30254], [36.70552, -1.30361], [36.70793, -1.30431], [36.70878, -1.29989], [36.70899, -1.29753], [36.71714, -1.30123], [36.72367, -1.30291], [36.72393, -1.30271]]]}}, {"type": "Feature", "properties": {"Name": "Kasarani", "hazardZone": 4, "exposure": 1.0, "vulnerability": 0.675854, "risk": 2.758374, "zoneLabel": "Very High", "riskRank": 46}, "geometry": {"type": "Polygon", "coordinates": [[[36.92683, -1.23234], [36.92559, -1.24217], [36.92508, -1.24206], [36.92368, -1.24056], [36.92299, -1.24037], [36.92111, -1.24133], [36.91964, -1.24131], [36.91736, -1.23982], [36.91663, -1.24009], [36.91562, -1.23893], [36.91456, -1.23843], [36.91424, -1.23865], [36.91345, -1.23783], [36.91224, -1.23819], [36.91128, -1.23722], [36.9113, -1.23682], [36.91045, -1.23622], [36.90905, -1.23566], [36.90821, -1.23561], [36.90765, -1.23506], [36.90741, -1.23523], [36.90686, -1.23489], [36.90659, -1.23396], [36.90485, -1.23418], [36.90372, -1.23501], [36.9032, -1.23486], [36.90164, -1.23511], [36.90097, -1.23553], [36.90067, -1.23536], [36.90019, -1.23585], [36.89958, -1.23557], [36.89937, -1.23572], [36.89867, -1.23504], [36.89776, -1.23485], [36.8976, -1.23523], [36.89784, -1.2358], [36.89751, -1.23633], [36.89663, -1.23668], [36.89607, -1.23732], [36.89535, -1.23736], [36.89472, -1.23817], [36.89413, -1.23849], [36.894, -1.23826], [36.89309, -1.23813], [36.89207, -1.23873], [36.89155, -1.23877], [36.89113, -1.2382], [36.88967, -1.23823], [36.88775, -1.23749], [36.88727, -1.23761], [36.88631, -1.23711], [36.88544, -1.23777], [36.88461, -1.23761], [36.88373, -1.23778], [36.88331, -1.2381], [36.88307, -1.23873], [36.88267, -1.23873], [36.88239, -1.23919], [36.88142, -1.23989], [36.88044, -1.23913], [36.87964, -1.23979], [36.87919, -1.23935], [36.87877, -1.23933], [36.87795, -1.23993], [36.87764, -1.23941], [36.87682, -1.2391], [36.87627, -1.2395], [36.87574, -1.24084], [36.87488, -1.24072], [36.87471, -1.24043], [36.87429, -1.24053], [36.8738, -1.23953], [36.87291, -1.23924], [36.87265, -1.23945], [36.87214, -1.23925], [36.87216, -1.23885], [36.87166, -1.23915], [36.87125, -1.23875], [36.87037, -1.2386], [36.87105, -1.23717], [36.87248, -1.23535], [36.8783, -1.23058], [36.88655, -1.22463], [36.89038, -1.22052], [36.8915, -1.2196], [36.89248, -1.22058], [36.8931, -1.22074], [36.89743, -1.21745], [36.90319, -1.21899], [36.90829, -1.22403], [36.91191, -1.22308], [36.92086, -1.22957], [36.92683, -1.23234]]]}}, {"type": "Feature", "properties": {"Name": "Clay City", "hazardZone": 5, "exposure": 0.0, "vulnerability": 0.760086, "risk": 0.0, "zoneLabel": "Extreme", "riskRank": 146}, "geometry": {"type": "Polygon", "coordinates": [[[36.93172, -1.2229], [36.9325, -1.22293], [36.93247, -1.2232], [36.93182, -1.22454], [36.93148, -1.22459], [36.93101, -1.22547], [36.93082, -1.22649], [36.93021, -1.22708], [36.93021, -1.22823], [36.92957, -1.22879], [36.92827, -1.23126], [36.92735, -1.2317], [36.92683, -1.23234], [36.92086, -1.22957], [36.91191, -1.22308], [36.90829, -1.22403], [36.903, -1.21888], [36.89743, -1.21745], [36.8931, -1.22074], [36.89248, -1.22058], [36.8915, -1.2196], [36.89238, -1.21846], [36.89603, -1.21529], [36.89743, -1.21437], [36.89938, -1.21353], [36.91026, -1.20997], [36.91186, -1.20922], [36.9132, -1.20795], [36.91426, -1.20941], [36.91479, -1.21171], [36.91566, -1.21226], [36.91657, -1.21356], [36.91722, -1.21365], [36.91802, -1.21414], [36.91869, -1.21501], [36.91917, -1.215], [36.9196, -1.21561], [36.92052, -1.21589], [36.92091, -1.21663], [36.92202, -1.21778], [36.92324, -1.21846], [36.92521, -1.2185], [36.92541, -1.21901], [36.92643, -1.21917], [36.92899, -1.22122], [36.93066, -1.22181], [36.93172, -1.2229]]]}}, {"type": "Feature", "properties": {"Name": "Gichagi", "hazardZone": 4, "exposure": 1.0, "vulnerability": 0.628143, "risk": 2.368037, "zoneLabel": "Very High", "riskRank": 70}, "geometry": {"type": "Polygon", "coordinates": [[[36.75186, -1.27489], [36.75104, -1.27473], [36.75028, -1.27505], [36.74981, -1.27489], [36.74547, -1.27591], [36.74267, -1.27761], [36.73965, -1.2788], [36.73798, -1.27861], [36.73672, -1.27759], [36.73577, -1.27729], [36.73451, -1.27621], [36.74005, -1.27319], [36.74226, -1.26861], [36.74527, -1.26879], [36.74589, -1.26853], [36.74652, -1.26875], [36.74828, -1.26874], [36.7487, -1.26896], [36.75002, -1.2688], [36.75058, -1.26895], [36.75174, -1.27017], [36.75201, -1.27293], [36.75186, -1.27489]]]}}, {"type": "Feature", "properties": {"Name": "Mt View", "hazardZone": 4, "exposure": 1.0, "vulnerability": 0.589995, "risk": 1.867597, "zoneLabel": "Very High", "riskRank": 90}, "geometry": {"type": "Polygon", "coordinates": [[[36.72128, -1.26505], [36.72138, -1.26478], [36.72337, -1.26382], [36.72775, -1.26355], [36.73559, -1.26448], [36.7387, -1.26451], [36.73874, -1.26567], [36.74155, -1.26597], [36.74214, -1.26874], [36.74005, -1.27319], [36.73451, -1.27621], [36.73387, -1.27565], [36.7324, -1.27301], [36.72982, -1.27192], [36.72724, -1.26977], [36.72327, -1.26706], [36.72128, -1.26505]]]}}, {"type": "Feature", "properties": {"Name": "Kangemi Central", "hazardZone": 4, "exposure": 1.0, "vulnerability": 0.737276, "risk": 3.032107, "zoneLabel": "Very High", "riskRank": 30}, "geometry": {"type": "Polygon", "coordinates": [[[36.75266, -1.26416], [36.75323, -1.26552], [36.75495, -1.26669], [36.7592, -1.2684], [36.76081, -1.26939], [36.76181, -1.27042], [36.76126, -1.2706], [36.76072, -1.27011], [36.7586, -1.27096], [36.75843, -1.27151], [36.75895, -1.27167], [36.75875, -1.27268], [36.75892, -1.27285], [36.75848, -1.27296], [36.75851, -1.2732], [36.75804, -1.27343], [36.75777, -1.27393], [36.75718, -1.27352], [36.75651, -1.27348], [36.75545, -1.27382], [36.75464, -1.27362], [36.75353, -1.27433], [36.75283, -1.2743], [36.75186, -1.27489], [36.75201, -1.27293], [36.75174, -1.27017], [36.75072, -1.26904], [36.7502, -1.2688], [36.74874, -1.26896], [36.74589, -1.26853], [36.74527, -1.26879], [36.74407, -1.26861], [36.74214, -1.26874], [36.74155, -1.26597], [36.73874, -1.26567], [36.7387, -1.26451], [36.75266, -1.26416]]]}}, {"type": "Feature", "properties": {"Name": "Kayole Central", "hazardZone": 5, "exposure": 1.0, "vulnerability": 0.731618, "risk": 3.64643, "zoneLabel": "Extreme", "riskRank": 11}, "geometry": {"type": "Polygon", "coordinates": [[[36.92418, -1.27097], [36.92222, -1.27132], [36.92066, -1.27251], [36.92049, -1.2742], [36.92097, -1.27598], [36.92149, -1.27695], [36.92117, -1.27732], [36.91963, -1.27727], [36.91721, -1.27575], [36.91751, -1.27524], [36.91642, -1.27486], [36.91649, -1.27467], [36.9156, -1.27424], [36.9151, -1.27405], [36.91479, -1.27438], [36.91258, -1.27368], [36.91249, -1.27387], [36.91103, -1.27303], [36.91303, -1.27076], [36.91355, -1.26901], [36.91611, -1.26639], [36.9231, -1.26984], [36.92418, -1.27097]]]}}, {"type": "Feature", "properties": {"Name": "Kayole South", "hazardZone": 5, "exposure": 0.333333, "vulnerability": 0.884443, "risk": 1.471695, "zoneLabel": "Extreme", "riskRank": 106}, "geometry": {"type": "Polygon", "coordinates": [[[36.91963, -1.27727], [36.91858, -1.27791], [36.9182, -1.27847], [36.91836, -1.2799], [36.91777, -1.28098], [36.9181, -1.28149], [36.91875, -1.28185], [36.91856, -1.28276], [36.9162, -1.28235], [36.91368, -1.28106], [36.91141, -1.28033], [36.90963, -1.27898], [36.90796, -1.2781], [36.90875, -1.27629], [36.91045, -1.27469], [36.91103, -1.27303], [36.91249, -1.27387], [36.91258, -1.27368], [36.91479, -1.27438], [36.9151, -1.27405], [36.91649, -1.27467], [36.91642, -1.27486], [36.91751, -1.27524], [36.91721, -1.27575], [36.91963, -1.27727]]]}}, {"type": "Feature", "properties": {"Name": "Komarock South", "hazardZone": 5, "exposure": 1.0, "vulnerability": 0.698382, "risk": 3.491911, "zoneLabel": "Extreme", "riskRank": 15}, "geometry": {"type": "Polygon", "coordinates": [[[36.91667, -1.26481], [36.91611, -1.26639], [36.91355, -1.26901], [36.91303, -1.27076], [36.91107, -1.27291], [36.91045, -1.27469], [36.90875, -1.27629], [36.90787, -1.27824], [36.90609, -1.27987], [36.90533, -1.28147], [36.90261, -1.28299], [36.89735, -1.27282], [36.89952, -1.27127], [36.90156, -1.26933], [36.90459, -1.26527], [36.90575, -1.26657], [36.9066, -1.26657], [36.90857, -1.2644], [36.91047, -1.26272], [36.9124, -1.26203], [36.91417, -1.26378], [36.91667, -1.26481]]]}}, {"type": "Feature", "properties": {"Name": "Savannah", "hazardZone": 5, "exposure": 1.0, "vulnerability": 0.782764, "risk": 3.87428, "zoneLabel": "Extreme", "riskRank": 7}, "geometry": {"type": "Polygon", "coordinates": [[[36.91856, -1.28276], [36.91806, -1.28412], [36.91675, -1.28572], [36.91645, -1.28676], [36.91501, -1.28738], [36.91509, -1.28808], [36.91602, -1.28937], [36.91563, -1.28998], [36.91455, -1.29084], [36.91311, -1.29107], [36.91294, -1.29075], [36.91153, -1.29017], [36.91131, -1.29062], [36.91215, -1.29181], [36.91169, -1.29242], [36.91118, -1.29253], [36.90995, -1.29185], [36.90903, -1.29232], [36.90806, -1.29067], [36.90671, -1.28933], [36.90772, -1.28822], [36.90812, -1.28828], [36.90851, -1.28764], [36.9095, -1.28577], [36.909, -1.28552], [36.91018, -1.28336], [36.90367, -1.28498], [36.90261, -1.28299], [36.90533, -1.28147], [36.90609, -1.27987], [36.90796, -1.2781], [36.90963, -1.27898], [36.91141, -1.28033], [36.91368, -1.28106], [36.9162, -1.28235], [36.91856, -1.28276]]]}}, {"type": "Feature", "properties": {"Name": "Donholm", "hazardZone": 5, "exposure": 1.0, "vulnerability": 0.706618, "risk": 3.523359, "zoneLabel": "Extreme", "riskRank": 13}, "geometry": {"type": "Polygon", "coordinates": [[[36.90903, -1.29232], [36.9087, -1.2928], [36.90877, -1.29324], [36.90785, -1.29443], [36.9072, -1.29444], [36.90607, -1.294], [36.90542, -1.29419], [36.90565, -1.29535], [36.90534, -1.29606], [36.90407, -1.29639], [36.90161, -1.29777], [36.90056, -1.29769], [36.89986, -1.29737], [36.89943, -1.29751], [36.89925, -1.29801], [36.90023, -1.29984], [36.90023, -1.30039], [36.89964, -1.3007], [36.89879, -1.30064], [36.89827, -1.30117], [36.89827, -1.30183], [36.89783, -1.30265], [36.89628, -1.30349], [36.89514, -1.30507], [36.89408, -1.30539], [36.89246, -1.30484], [36.8917, -1.30601], [36.89113, -1.30643], [36.8897, -1.30599], [36.88931, -1.30628], [36.88785, -1.3026], [36.88639, -1.29506], [36.88781, -1.29458], [36.89792, -1.28684], [36.89806, -1.28625], [36.90142, -1.28376], [36.90261, -1.28299], [36.90367, -1.28498], [36.91018, -1.28336], [36.909, -1.28552], [36.9095, -1.28577], [36.90851, -1.28764], [36.90812, -1.28828], [36.90772, -1.28822], [36.90671, -1.28933], [36.90806, -1.29067], [36.90903, -1.29232]]]}}, {"type": "Feature", "properties": {"Name": "Mathare", "hazardZone": 4, "exposure": 1.0, "vulnerability": 0.597591, "risk": 2.572209, "zoneLabel": "Very High", "riskRank": 56}, "geometry": {"type": "Polygon", "coordinates": [[[36.85095, -1.25839], [36.85233, -1.25909], [36.85279, -1.25958], [36.85364, -1.25978], [36.85634, -1.26261], [36.85694, -1.2627], [36.85774, -1.26237], [36.85878, -1.26262], [36.85934, -1.26249], [36.85881, -1.2632], [36.85901, -1.26377], [36.85811, -1.26417], [36.85713, -1.26419], [36.8558, -1.26413], [36.85522, -1.26384], [36.8532, -1.26356], [36.85254, -1.26371], [36.8521, -1.26416], [36.85051, -1.26342], [36.85004, -1.26391], [36.84896, -1.26414], [36.84787, -1.26287], [36.84732, -1.26339], [36.84694, -1.26299], [36.84579, -1.26254], [36.8451, -1.26326], [36.84414, -1.2631], [36.84307, -1.26325], [36.84287, -1.26403], [36.84089, -1.26393], [36.83976, -1.26361], [36.83922, -1.26375], [36.83892, -1.26341], [36.84091, -1.26286], [36.84225, -1.25992], [36.84272, -1.26048], [36.84301, -1.26039], [36.84721, -1.25839], [36.85095, -1.25839]]]}}, {"type": "Feature", "properties": {"Name": "Kamuthi", "hazardZone": 5, "exposure": 1.0, "vulnerability": 0.529887, "risk": 2.465719, "zoneLabel": "Extreme", "riskRank": 63}, "geometry": {"type": "Polygon", "coordinates": [[[36.91242, -1.19836], [36.91052, -1.1974], [36.90831, -1.19668], [36.90655, -1.19542], [36.90209, -1.19422], [36.90229, -1.19342], [36.89945, -1.19317], [36.8989, -1.19229], [36.89727, -1.19081], [36.89566, -1.18817], [36.89761, -1.187], [36.90277, -1.18911], [36.90396, -1.18944], [36.90527, -1.1894], [36.90709, -1.19015], [36.90852, -1.19019], [36.90925, -1.19054], [36.90998, -1.191], [36.9106, -1.19223], [36.91261, -1.19435], [36.9137, -1.19685], [36.91411, -1.19739], [36.91443, -1.19742], [36.91436, -1.19773], [36.91508, -1.19772], [36.91559, -1.19812], [36.916, -1.19812], [36.91691, -1.1993], [36.91538, -1.19934], [36.915, -1.19906], [36.91417, -1.19899], [36.91404, -1.19871], [36.91299, -1.19815], [36.91242, -1.19836]]]}}, {"type": "Feature", "properties": {"Name": "Githurai", "hazardZone": 5, "exposure": 1.0, "vulnerability": 0.76504, "risk": 3.748319, "zoneLabel": "Extreme", "riskRank": 8}, "geometry": {"type": "Polygon", "coordinates": [[[36.90168, -1.19589], [36.90086, -1.19473], [36.9, -1.19408], [36.89945, -1.19317], [36.90229, -1.19342], [36.90209, -1.19422], [36.90655, -1.19542], [36.90831, -1.19668], [36.91052, -1.1974], [36.91192, -1.19829], [36.91299, -1.19815], [36.91404, -1.19871], [36.91417, -1.19899], [36.915, -1.19906], [36.91538, -1.19934], [36.91721, -1.19942], [36.91864, -1.19867], [36.92076, -1.19901], [36.92114, -1.19925], [36.9132, -1.20795], [36.91248, -1.20695], [36.91108, -1.20628], [36.90872, -1.20622], [36.90843, -1.20602], [36.90815, -1.20628], [36.90639, -1.20638], [36.90425, -1.2056], [36.90337, -1.20475], [36.90199, -1.2039], [36.90121, -1.20301], [36.89773, -1.20279], [36.89673, -1.20294], [36.89755, -1.20196], [36.90036, -1.20001], [36.9016, -1.19855], [36.90205, -1.19723], [36.90168, -1.19589]]]}}, {"type": "Feature", "properties": {"Name": "Kongo Soweto", "hazardZone": 5, "exposure": 1.0, "vulnerability": 0.583728, "risk": 2.772044, "zoneLabel": "Extreme", "riskRank": 44}, "geometry": {"type": "Polygon", "coordinates": [[[36.89542, -1.18417], [36.89426, -1.1821], [36.90148, -1.18364], [36.90964, -1.18684], [36.91095, -1.18575], [36.91298, -1.18833], [36.9147, -1.19133], [36.91478, -1.19243], [36.91428, -1.19443], [36.91508, -1.19643], [36.91731, -1.19936], [36.91691, -1.1993], [36.916, -1.19812], [36.91559, -1.19812], [36.91508, -1.19772], [36.91436, -1.19773], [36.91443, -1.19742], [36.91411, -1.19739], [36.9137, -1.19685], [36.91267, -1.19443], [36.9106, -1.19223], [36.90988, -1.1909], [36.90852, -1.19019], [36.90768, -1.19006], [36.90762, -1.19027], [36.90527, -1.1894], [36.90396, -1.18944], [36.90277, -1.18911], [36.89761, -1.187], [36.89679, -1.18686], [36.89627, -1.18659], [36.8955, -1.18487], [36.89542, -1.18417]]]}}, {"type": "Feature", "properties": {"Name": "Kahawa West", "hazardZone": 3, "exposure": 0.666667, "vulnerability": 0.645355, "risk": 1.436963, "zoneLabel": "High", "riskRank": 109}, "geometry": {"type": "Polygon", "coordinates": [[[36.89782, -1.16067], [36.89831, -1.16118], [36.89937, -1.1615], [36.90001, -1.16152], [36.90106, -1.16105], [36.90406, -1.16087], [36.90658, -1.16194], [36.90784, -1.16218], [36.91596, -1.16183], [36.91739, -1.16207], [36.9179, -1.1625], [36.92019, -1.1629], [36.92071, -1.16384], [36.91948, -1.16696], [36.91837, -1.16906], [36.91589, -1.17271], [36.9238, -1.17439], [36.92168, -1.18047], [36.91477, -1.18152], [36.91265, -1.18159], [36.91176, -1.18188], [36.91071, -1.18259], [36.91021, -1.18326], [36.91005, -1.18384], [36.9102, -1.18488], [36.91095, -1.18575], [36.90964, -1.18684], [36.90148, -1.18364], [36.89426, -1.1821], [36.88923, -1.1744], [36.88767, -1.17311], [36.89076, -1.1716], [36.89264, -1.17034], [36.89339, -1.16947], [36.89663, -1.16338], [36.89782, -1.16067]]]}}, {"type": "Feature", "properties": {"Name": "Kiwanja", "hazardZone": 4, "exposure": 1.0, "vulnerability": 0.60381, "risk": 2.302183, "zoneLabel": "Very High", "riskRank": 76}, "geometry": {"type": "Polygon", "coordinates": [[[36.93952, -1.17271], [36.94081, -1.17449], [36.94149, -1.17496], [36.94213, -1.17501], [36.94328, -1.17555], [36.94027, -1.17918], [36.92114, -1.19925], [36.92076, -1.19901], [36.91864, -1.19867], [36.91718, -1.19936], [36.91508, -1.19643], [36.91428, -1.19443], [36.91478, -1.19243], [36.9147, -1.19133], [36.91298, -1.18833], [36.91039, -1.18531], [36.91005, -1.18384], [36.91071, -1.18259], [36.91228, -1.18168], [36.91477, -1.18152], [36.92168, -1.18047], [36.9238, -1.17439], [36.91589, -1.17271], [36.91837, -1.16906], [36.91948, -1.16696], [36.92071, -1.16384], [36.92103, -1.16508], [36.9226, -1.16606], [36.92293, -1.16651], [36.92411, -1.16594], [36.92563, -1.16677], [36.92579, -1.16768], [36.92615, -1.16822], [36.92751, -1.16941], [36.92926, -1.16953], [36.92965, -1.16922], [36.93022, -1.16937], [36.93052, -1.16908], [36.93335, -1.16993], [36.93741, -1.1721], [36.93952, -1.17271]]]}}, {"type": "Feature", "properties": {"Name": "Roysambu", "hazardZone": 4, "exposure": 0.666667, "vulnerability": 0.66183, "risk": 1.606177, "zoneLabel": "Very High", "riskRank": 100}, "geometry": {"type": "Polygon", "coordinates": [[[36.88928, -1.20321], [36.89126, -1.20433], [36.89307, -1.20369], [36.89341, -1.20325], [36.89499, -1.20247], [36.89673, -1.20294], [36.89456, -1.20624], [36.89257, -1.21493], [36.89146, -1.21715], [36.89111, -1.21845], [36.89118, -1.21916], [36.8915, -1.2196], [36.89038, -1.22052], [36.88655, -1.22463], [36.8783, -1.23058], [36.87346, -1.23452], [36.87213, -1.23405], [36.8668, -1.23404], [36.86497, -1.23378], [36.86024, -1.2307], [36.85788, -1.22991], [36.85462, -1.22947], [36.84957, -1.22974], [36.84527, -1.22211], [36.83863, -1.22483], [36.83559, -1.22123], [36.83544, -1.22026], [36.83582, -1.21827], [36.83515, -1.21543], [36.83317, -1.21071], [36.83281, -1.20842], [36.83184, -1.2066], [36.83208, -1.20571], [36.83233, -1.20691], [36.83356, -1.20813], [36.83386, -1.20979], [36.83454, -1.2107], [36.83715, -1.21088], [36.83777, -1.21042], [36.83856, -1.2106], [36.83919, -1.21038], [36.8399, -1.2097], [36.84991, -1.214], [36.85019, -1.21342], [36.85609, -1.21307], [36.85577, -1.21149], [36.85852, -1.21185], [36.86149, -1.21187], [36.86276, -1.21072], [36.86432, -1.20857], [36.86676, -1.20719], [36.86706, -1.20609], [36.86757, -1.2055], [36.86901, -1.20476], [36.8693, -1.20405], [36.87027, -1.2033], [36.87183, -1.20263], [36.87251, -1.2025], [36.87407, -1.20272], [36.87619, -1.20247], [36.87807, -1.20343], [36.87992, -1.20369], [36.88099, -1.20347], [36.88323, -1.20242], [36.88507, -1.20197], [36.88659, -1.20242], [36.88737, -1.20304], [36.88928, -1.20321]]]}}, {"type": "Feature", "properties": {"Name": "Njathaini", "hazardZone": 2, "exposure": 0.333333, "vulnerability": 0.568325, "risk": 0.534071, "zoneLabel": "Moderate", "riskRank": 135}, "geometry": {"type": "Polygon", "coordinates": [[[36.90168, -1.19589], [36.90205, -1.19723], [36.9016, -1.19855], [36.90036, -1.20001], [36.89755, -1.20196], [36.89673, -1.20294], [36.89499, -1.20247], [36.89341, -1.20325], [36.89307, -1.20369], [36.89126, -1.20433], [36.889, -1.20305], [36.8885, -1.20326], [36.88737, -1.20304], [36.88659, -1.20242], [36.88507, -1.20197], [36.88323, -1.20242], [36.88099, -1.20347], [36.87992, -1.20369], [36.87807, -1.20343], [36.87619, -1.20247], [36.87407, -1.20272], [36.87251, -1.2025], [36.87183, -1.20263], [36.87027, -1.2033], [36.8693, -1.20405], [36.86901, -1.20476], [36.86757, -1.2055], [36.86706, -1.20609], [36.86676, -1.20719], [36.86432, -1.20857], [36.86276, -1.21072], [36.86149, -1.21187], [36.85852, -1.21185], [36.85577, -1.21149], [36.85609, -1.21307], [36.85019, -1.21342], [36.84991, -1.214], [36.8517, -1.20369], [36.85248, -1.2033], [36.8604, -1.2027], [36.86375, -1.19027], [36.86424, -1.19091], [36.8661, -1.19185], [36.86638, -1.19232], [36.86586, -1.19296], [36.86615, -1.1932], [36.8681, -1.19362], [36.87024, -1.19506], [36.8738, -1.19653], [36.87648, -1.19693], [36.87788, -1.1978], [36.87774, -1.19871], [36.87842, -1.19885], [36.8802, -1.19753], [36.88111, -1.1974], [36.88313, -1.19775], [36.884, -1.19697], [36.88674, -1.19629], [36.88778, -1.19628], [36.8908, -1.19408], [36.89315, -1.19479], [36.89716, -1.1932], [36.89945, -1.19317], [36.9, -1.19408], [36.90086, -1.19473], [36.90168, -1.19589]]]}}, {"type": "Feature", "properties": {"Name": "Mathare 4A", "hazardZone": 5, "exposure": 1.0, "vulnerability": 0.563364, "risk": 2.816818, "zoneLabel": "Extreme", "riskRank": 40}, "geometry": {"type": "Polygon", "coordinates": [[[36.86405, -1.25678], [36.86374, -1.25736], [36.864, -1.25829], [36.86252, -1.25897], [36.86208, -1.25894], [36.86183, -1.25995], [36.86202, -1.26081], [36.86053, -1.26164], [36.85993, -1.26232], [36.85878, -1.26262], [36.85774, -1.26237], [36.85675, -1.26273], [36.85619, -1.26252], [36.85519, -1.26136], [36.85562, -1.26083], [36.85639, -1.26152], [36.85741, -1.26136], [36.85821, -1.2611], [36.85936, -1.26029], [36.86039, -1.25917], [36.86096, -1.25757], [36.86201, -1.25717], [36.86237, -1.2567], [36.86278, -1.25671], [36.86305, -1.25572], [36.86354, -1.25526], [36.86405, -1.25678]]]}}, {"type": "Feature", "properties": {"Name": "Mathare North", "hazardZone": 5, "exposure": 1.0, "vulnerability": 0.833939, "risk": 4.169694, "zoneLabel": "Extreme", "riskRank": 3}, "geometry": {"type": "Polygon", "coordinates": [[[36.87813, -1.24949], [36.87741, -1.25049], [36.87719, -1.25143], [36.87653, -1.2521], [36.87474, -1.25267], [36.8741, -1.25266], [36.87219, -1.2541], [36.8703, -1.25435], [36.86975, -1.25475], [36.8687, -1.25655], [36.86639, -1.25722], [36.86469, -1.25722], [36.864, -1.25829], [36.86374, -1.25736], [36.86405, -1.25678], [36.86597, -1.25561], [36.86668, -1.25477], [36.86722, -1.25223], [36.87813, -1.24949]]]}}, {"type": "Feature", "properties": {"Name": "Mutirithia", "hazardZone": 5, "exposure": 1.0, "vulnerability": 0.621546, "risk": 2.719973, "zoneLabel": "Extreme", "riskRank": 50}, "geometry": {"type": "Polygon", "coordinates": [[[36.94062, -1.24313], [36.93996, -1.24285], [36.93925, -1.24202], [36.9372, -1.24085], [36.93634, -1.24117], [36.93532, -1.24254], [36.9333, -1.24102], [36.93138, -1.24138], [36.93094, -1.24065], [36.93054, -1.24053], [36.92917, -1.24052], [36.92761, -1.24158], [36.92559, -1.24217], [36.92683, -1.23234], [36.9367, -1.23675], [36.94021, -1.23715], [36.94139, -1.23764], [36.9421, -1.23841], [36.94062, -1.24313]]]}}, {"type": "Feature", "properties": {"Name": "Mwiki", "hazardZone": 3, "exposure": 1.0, "vulnerability": 0.633147, "risk": 2.016849, "zoneLabel": "High", "riskRank": 82}, "geometry": {"type": "Polygon", "coordinates": [[[37.00706, -1.23718], [37.00678, -1.23806], [37.00639, -1.23843], [37.00512, -1.23804], [37.00373, -1.23834], [37.00307, -1.23938], [37.00264, -1.23953], [37.00094, -1.23997], [37.00003, -1.23972], [36.99959, -1.23984], [36.99902, -1.24035], [36.99877, -1.24166], [36.99811, -1.24265], [36.9969, -1.24235], [36.99617, -1.24256], [36.99475, -1.24339], [36.9943, -1.24414], [36.99335, -1.24489], [36.99205, -1.24529], [36.99127, -1.24482], [36.98972, -1.24535], [36.98745, -1.2454], [36.98682, -1.2448], [36.98605, -1.24473], [36.98504, -1.24342], [36.98275, -1.24254], [36.98168, -1.24282], [36.98098, -1.24352], [36.97907, -1.24377], [36.97773, -1.24455], [36.97543, -1.24532], [36.9748, -1.24716], [36.97435, -1.24759], [36.97366, -1.24928], [36.97167, -1.25024], [36.97109, -1.25099], [36.97081, -1.25101], [36.96892, -1.24952], [36.96894, -1.2486], [36.96976, -1.24775], [36.96957, -1.24719], [36.96813, -1.24703], [36.96645, -1.2474], [36.96532, -1.24734], [36.96438, -1.24663], [36.96344, -1.24673], [36.96205, -1.24553], [36.96096, -1.24575], [36.95907, -1.24542], [36.95835, -1.24484], [36.95728, -1.24548], [36.95555, -1.24458], [36.95427, -1.24488], [36.95403, -1.24469], [36.95396, -1.24395], [36.95069, -1.243], [36.9481, -1.24326], [36.94712, -1.24364], [36.94665, -1.2435], [36.94464, -1.24434], [36.94262, -1.24429], [36.94062, -1.24313], [36.9421, -1.23841], [36.94139, -1.23764], [36.94021, -1.23715], [36.9367, -1.23675], [36.92683, -1.23234], [36.92735, -1.2317], [36.92827, -1.23126], [36.92957, -1.22879], [36.93021, -1.22823], [36.93021, -1.22708], [36.93082, -1.22649], [36.93101, -1.22547], [36.93148, -1.22459], [36.93182, -1.22454], [36.9325, -1.22293], [36.93415, -1.22171], [36.93542, -1.22204], [36.93667, -1.22201], [36.93731, -1.2226], [36.93805, -1.22275], [36.93873, -1.22255], [36.93932, -1.22276], [36.93956, -1.22315], [36.93988, -1.22286], [36.94025, -1.22295], [36.94367, -1.2255], [36.94421, -1.22561], [36.94443, -1.22542], [36.9451, -1.22567], [36.94512, -1.22628], [36.94557, -1.22618], [36.94654, -1.2271], [36.94763, -1.22666], [36.94837, -1.22708], [36.95139, -1.2278], [36.95408, -1.22723], [36.95731, -1.23], [36.95851, -1.22936], [36.95945, -1.22921], [36.96022, -1.2283], [36.96186, -1.22804], [36.96273, -1.22858], [36.96338, -1.22863], [36.96539, -1.2299], [36.96994, -1.22985], [36.97101, -1.22869], [36.97338, -1.22793], [36.97412, -1.22706], [36.97543, -1.22612], [36.97682, -1.22582], [36.97815, -1.22471], [36.98011, -1.2243], [36.98105, -1.22452], [36.9815, -1.22423], [36.98245, -1.22433], [36.9836, -1.22354], [36.98433, -1.22359], [36.98468, -1.22337], [36.98674, -1.22361], [36.98733, -1.22379], [36.98799, -1.22436], [36.98889, -1.22438], [36.99016, -1.225], [36.9919, -1.2252], [36.99238, -1.22601], [36.99271, -1.22596], [36.993, -1.2275], [36.99361, -1.22821], [36.994, -1.22936], [36.99522, -1.22992], [36.99532, -1.23108], [36.99605, -1.2324], [36.99986, -1.23418], [37.00147, -1.23405], [37.00174, -1.23465], [37.00166, -1.2351], [37.00235, -1.23621], [37.00483, -1.23677], [37.00486, -1.23699], [37.0053, -1.23714], [37.0055, -1.2369], [37.00706, -1.23718]]]}}, {"type": "Feature", "properties": {"Name": "Congo", "hazardZone": 4, "exposure": 1.0, "vulnerability": 0.624858, "risk": 2.736877, "zoneLabel": "Very High", "riskRank": 49}, "geometry": {"type": "Polygon", "coordinates": [[[36.75331, -1.29323], [36.75159, -1.29272], [36.75163, -1.29196], [36.75308, -1.28942], [36.75338, -1.28728], [36.75314, -1.28457], [36.75233, -1.2822], [36.75326, -1.28207], [36.75415, -1.28156], [36.75482, -1.28105], [36.75562, -1.27993], [36.75734, -1.27945], [36.75875, -1.27681], [36.7607, -1.27577], [36.76038, -1.27912], [36.76051, -1.28045], [36.7603, -1.28462], [36.75777, -1.28576], [36.75674, -1.28713], [36.75442, -1.28938], [36.75357, -1.28936], [36.75329, -1.28986], [36.75356, -1.29034], [36.75298, -1.29172], [36.75331, -1.29323]]]}}, {"type": "Feature", "properties": {"Name": "Gatina", "hazardZone": 4, "exposure": 1.0, "vulnerability": 0.619738, "risk": 2.59968, "zoneLabel": "Very High", "riskRank": 54}, "geometry": {"type": "Polygon", "coordinates": [[[36.7607, -1.27577], [36.75875, -1.27681], [36.75734, -1.27945], [36.75562, -1.27993], [36.75482, -1.28105], [36.75415, -1.28156], [36.75326, -1.28207], [36.75233, -1.2822], [36.75072, -1.27821], [36.75087, -1.27753], [36.7507, -1.27686], [36.74971, -1.27532], [36.74981, -1.27489], [36.75028, -1.27505], [36.75104, -1.27473], [36.75186, -1.27489], [36.75283, -1.2743], [36.75353, -1.27433], [36.75464, -1.27362], [36.75545, -1.27382], [36.75651, -1.27348], [36.75718, -1.27352], [36.75777, -1.27393], [36.75804, -1.27343], [36.75851, -1.2732], [36.75848, -1.27296], [36.75892, -1.27285], [36.75875, -1.27268], [36.759, -1.27184], [36.75891, -1.27158], [36.75843, -1.27151], [36.75843, -1.27116], [36.76072, -1.27011], [36.7607, -1.27577]]]}}, {"type": "Feature", "properties": {"Name": "Embakasi", "hazardZone": 3, "exposure": 0.666667, "vulnerability": 0.695836, "risk": 1.504683, "zoneLabel": "High", "riskRank": 104}, "geometry": {"type": "Polygon", "coordinates": [[[36.94416, -1.293], [36.93345, -1.30736], [36.93158, -1.30925], [36.92932, -1.31076], [36.92587, -1.31151], [36.92348, -1.31307], [36.91021, -1.29474], [36.90901, -1.29236], [36.90981, -1.29184], [36.91093, -1.2925], [36.91169, -1.29242], [36.91215, -1.29181], [36.91131, -1.29062], [36.91149, -1.29019], [36.91186, -1.29017], [36.9129, -1.29073], [36.91306, -1.29107], [36.91392, -1.29102], [36.91528, -1.29037], [36.91601, -1.28948], [36.91509, -1.28808], [36.91501, -1.28741], [36.91643, -1.28678], [36.91692, -1.28541], [36.91791, -1.28435], [36.91838, -1.28348], [36.91875, -1.28185], [36.9181, -1.28149], [36.91777, -1.28098], [36.91836, -1.2799], [36.91824, -1.27834], [36.91952, -1.2773], [36.92117, -1.27732], [36.92146, -1.2771], [36.92049, -1.2742], [36.92066, -1.27251], [36.92222, -1.27132], [36.92369, -1.27094], [36.92391, -1.27114], [36.92464, -1.27076], [36.92524, -1.26904], [36.92491, -1.26754], [36.92532, -1.26763], [36.92597, -1.26696], [36.92882, -1.26599], [36.92949, -1.26634], [36.93041, -1.26602], [36.93141, -1.26611], [36.93317, -1.26671], [36.93379, -1.2658], [36.93437, -1.26542], [36.93497, -1.26639], [36.93482, -1.26803], [36.93556, -1.27032], [36.93737, -1.27452], [36.94416, -1.293]]]}}, {"type": "Feature", "properties": {"Name": "Tassia", "hazardZone": 5, "exposure": 1.0, "vulnerability": 0.794081, "risk": 3.924298, "zoneLabel": "Extreme", "riskRank": 6}, "geometry": {"type": "Polygon", "coordinates": [[[36.92348, -1.31307], [36.91813, -1.318], [36.91513, -1.31883], [36.91281, -1.31868], [36.9086, -1.3189], [36.9074, -1.31988], [36.89999, -1.32382], [36.89297, -1.31268], [36.88931, -1.30628], [36.8897, -1.30599], [36.89113, -1.30643], [36.8917, -1.30601], [36.89246, -1.30484], [36.89408, -1.30539], [36.89514, -1.30507], [36.89628, -1.30349], [36.89783, -1.30265], [36.89827, -1.30183], [36.89827, -1.30117], [36.89879, -1.30064], [36.89964, -1.3007], [36.90023, -1.30039], [36.90023, -1.29984], [36.89925, -1.29801], [36.89943, -1.29751], [36.89986, -1.29737], [36.90056, -1.29769], [36.90161, -1.29777], [36.90407, -1.29639], [36.90534, -1.29606], [36.90565, -1.29535], [36.90542, -1.29419], [36.90607, -1.294], [36.9072, -1.29444], [36.90785, -1.29443], [36.90877, -1.29324], [36.9087, -1.2928], [36.90901, -1.29236], [36.91021, -1.29474], [36.92348, -1.31307]]]}}, {"type": "Feature", "properties": {"Name": "Mihang'o", "hazardZone": 5, "exposure": 1.0, "vulnerability": 0.715279, "risk": 3.345196, "zoneLabel": "Extreme", "riskRank": 19}, "geometry": {"type": "Polygon", "coordinates": [[[36.94579, -1.24873], [36.94937, -1.2492], [36.95456, -1.25157], [36.96074, -1.25327], [36.9611, -1.25359], [36.96855, -1.27374], [36.97006, -1.27709], [36.96853, -1.27853], [36.96237, -1.28148], [36.94416, -1.293], [36.93482, -1.26803], [36.93497, -1.26639], [36.93528, -1.26642], [36.93599, -1.26562], [36.93781, -1.26586], [36.93849, -1.26504], [36.94019, -1.26455], [36.9398, -1.26247], [36.94239, -1.26144], [36.94249, -1.26116], [36.94183, -1.26057], [36.94167, -1.2599], [36.94525, -1.25684], [36.9458, -1.25563], [36.94592, -1.25472], [36.94588, -1.25299], [36.94545, -1.2524], [36.94557, -1.25133], [36.94594, -1.25069], [36.94563, -1.25014], [36.94555, -1.24916], [36.94579, -1.24873]]]}}, {"type": "Feature", "properties": {"Name": "Kayole North", "hazardZone": 5, "exposure": 0.666667, "vulnerability": 0.811093, "risk": 2.702011, "zoneLabel": "Extreme", "riskRank": 51}, "geometry": {"type": "Polygon", "coordinates": [[[36.93066, -1.2565], [36.93294, -1.26308], [36.93417, -1.26543], [36.93317, -1.26671], [36.93141, -1.26611], [36.93041, -1.26602], [36.92949, -1.26634], [36.92882, -1.26599], [36.92597, -1.26696], [36.92532, -1.26763], [36.92491, -1.26754], [36.92519, -1.26947], [36.92464, -1.27076], [36.92418, -1.27097], [36.9231, -1.26984], [36.91611, -1.26639], [36.91667, -1.26481], [36.91861, -1.26326], [36.92051, -1.26068], [36.92323, -1.25939], [36.92279, -1.25739], [36.92802, -1.25584], [36.93065, -1.25481], [36.93066, -1.2565]]]}}, {"type": "Feature", "properties": {"Name": "Pangani", "hazardZone": 5, "exposure": 1.0, "vulnerability": 0.686072, "risk": 3.401945, "zoneLabel": "Extreme", "riskRank": 17}, "geometry": {"type": "Polygon", "coordinates": [[[36.84299, -1.26394], [36.84464, -1.27152], [36.83825, -1.27285], [36.83613, -1.27203], [36.83663, -1.2703], [36.83531, -1.27018], [36.83232, -1.26921], [36.83596, -1.26534], [36.83891, -1.26338], [36.83922, -1.26375], [36.83976, -1.26361], [36.84089, -1.26393], [36.84299, -1.26394]]]}}, {"type": "Feature", "properties": {"Name": "Racecourse", "hazardZone": 5, "exposure": 1.0, "vulnerability": 0.535957, "risk": 2.574749, "zoneLabel": "Extreme", "riskRank": 55}, "geometry": {"type": "Polygon", "coordinates": [[[36.84464, -1.27152], [36.84635, -1.27997], [36.84282, -1.27999], [36.83437, -1.27679], [36.83613, -1.27203], [36.83825, -1.27285], [36.84464, -1.27152]]]}}, {"type": "Feature", "properties": {"Name": "Saika", "hazardZone": 5, "exposure": 0.666667, "vulnerability": 0.778336, "risk": 2.553179, "zoneLabel": "Extreme", "riskRank": 57}, "geometry": {"type": "Polygon", "coordinates": [[[36.92559, -1.24217], [36.92761, -1.24158], [36.92917, -1.24052], [36.93079, -1.24056], [36.93126, -1.24132], [36.93202, -1.24132], [36.93065, -1.24241], [36.93051, -1.24289], [36.93088, -1.24383], [36.93068, -1.24427], [36.92981, -1.24471], [36.92817, -1.24642], [36.92949, -1.24859], [36.92916, -1.24897], [36.92912, -1.24963], [36.92957, -1.25076], [36.92936, -1.2528], [36.93008, -1.25503], [36.92309, -1.25732], [36.91385, -1.25913], [36.91235, -1.25962], [36.91133, -1.25447], [36.91022, -1.25466], [36.90783, -1.2568], [36.90567, -1.25667], [36.90271, -1.25769], [36.90158, -1.25715], [36.90493, -1.25274], [36.9048, -1.25261], [36.9072, -1.25072], [36.90779, -1.24965], [36.9088, -1.24929], [36.91083, -1.24722], [36.91174, -1.2474], [36.91263, -1.24713], [36.91313, -1.24643], [36.9139, -1.24682], [36.91452, -1.24612], [36.91537, -1.24623], [36.91544, -1.24561], [36.91646, -1.24475], [36.91647, -1.24399], [36.91703, -1.24369], [36.91771, -1.24375], [36.91835, -1.24243], [36.91951, -1.2425], [36.92008, -1.24228], [36.92133, -1.24125], [36.92299, -1.24037], [36.92391, -1.24065], [36.92508, -1.24206], [36.92559, -1.24217]]]}}, {"type": "Feature", "properties": {"Name": "Muslim", "hazardZone": 4, "exposure": 0.666667, "vulnerability": 0.59506, "risk": 1.519873, "zoneLabel": "Very High", "riskRank": 103}, "geometry": {"type": "Polygon", "coordinates": [[[36.7438, -1.28179], [36.74051, -1.28677], [36.73793, -1.28484], [36.73754, -1.28422], [36.73671, -1.28122], [36.73583, -1.27924], [36.73587, -1.27815], [36.73635, -1.27803], [36.73642, -1.27844], [36.73745, -1.27874], [36.73947, -1.2799], [36.73994, -1.2813], [36.74399, -1.28012], [36.7438, -1.28179]]]}}, {"type": "Feature", "properties": {"Name": "Gitiba", "hazardZone": 2, "exposure": 1.0, "vulnerability": 0.568105, "risk": 1.288554, "zoneLabel": "Moderate", "riskRank": 115}, "geometry": {"type": "Polygon", "coordinates": [[[36.70348, -1.28276], [36.70281, -1.28603], [36.70426, -1.28617], [36.70308, -1.29038], [36.7015, -1.29281], [36.70118, -1.29368], [36.69483, -1.29126], [36.69218, -1.29056], [36.68875, -1.29033], [36.68685, -1.29064], [36.68511, -1.2894], [36.68613, -1.28859], [36.68627, -1.2875], [36.68744, -1.28507], [36.68923, -1.28332], [36.69036, -1.2845], [36.69197, -1.28543], [36.69379, -1.2856], [36.69521, -1.28549], [36.70124, -1.28318], [36.70348, -1.28276]]]}}, {"type": "Feature", "properties": {"Name": "Uthiru", "hazardZone": 2, "exposure": 0.0, "vulnerability": 0.603422, "risk": 0.0, "zoneLabel": "Moderate", "riskRank": 147}, "geometry": {"type": "Polygon", "coordinates": [[[36.72128, -1.26505], [36.72327, -1.26706], [36.72724, -1.26977], [36.72982, -1.27192], [36.7324, -1.27301], [36.73412, -1.27611], [36.73381, -1.27627], [36.73231, -1.27598], [36.73195, -1.27617], [36.73104, -1.27558], [36.72867, -1.27539], [36.72617, -1.27377], [36.72508, -1.27369], [36.72368, -1.27423], [36.72206, -1.27317], [36.72075, -1.27329], [36.71979, -1.27306], [36.7189, -1.27352], [36.71843, -1.27308], [36.71707, -1.27251], [36.71568, -1.27227], [36.7152, -1.27133], [36.7129, -1.26967], [36.71195, -1.26938], [36.71061, -1.26783], [36.71017, -1.26773], [36.70986, -1.26707], [36.70476, -1.26619], [36.70276, -1.26533], [36.70143, -1.26288], [36.70309, -1.25966], [36.70328, -1.25869], [36.7065, -1.25964], [36.71456, -1.26104], [36.71657, -1.26086], [36.7184, -1.26277], [36.72128, -1.26505]]]}}, {"type": "Feature", "properties": {"Name": "Kiuru", "hazardZone": 2, "exposure": 1.0, "vulnerability": 0.52948, "risk": 0.810153, "zoneLabel": "Moderate", "riskRank": 126}, "geometry": {"type": "Polygon", "coordinates": [[[36.70143, -1.26288], [36.70276, -1.26533], [36.70476, -1.26619], [36.70986, -1.26707], [36.71017, -1.26773], [36.70957, -1.2676], [36.70313, -1.26802], [36.70219, -1.26762], [36.69905, -1.26621], [36.69835, -1.26511], [36.69845, -1.2637], [36.69787, -1.26209], [36.6944, -1.26071], [36.69515, -1.26044], [36.69641, -1.26051], [36.69838, -1.26127], [36.70119, -1.26293], [36.70143, -1.26288]]]}}, {"type": "Feature", "properties": {"Name": "Kagira", "hazardZone": 3, "exposure": 0.333333, "vulnerability": 0.540436, "risk": 0.453511, "zoneLabel": "High", "riskRank": 137}, "geometry": {"type": "Polygon", "coordinates": [[[36.70417, -1.2827], [36.70124, -1.28318], [36.69521, -1.28549], [36.69379, -1.2856], [36.69197, -1.28543], [36.69036, -1.2845], [36.68923, -1.28332], [36.69019, -1.28224], [36.69032, -1.28088], [36.69056, -1.28055], [36.69233, -1.28146], [36.69324, -1.28104], [36.69392, -1.28104], [36.69946, -1.28258], [36.70304, -1.28135], [36.70613, -1.28193], [36.71021, -1.2803], [36.71003, -1.28092], [36.70892, -1.28125], [36.70788, -1.28213], [36.70639, -1.28285], [36.70513, -1.28307], [36.70417, -1.2827]]]}}, {"type": "Feature", "properties": {"Name": "Mukarara", "hazardZone": 2, "exposure": 1.0, "vulnerability": 0.541603, "risk": 1.219919, "zoneLabel": "Moderate", "riskRank": 118}, "geometry": {"type": "Polygon", "coordinates": [[[36.72648, -1.29053], [36.72611, -1.29415], [36.72689, -1.29424], [36.72672, -1.29541], [36.72564, -1.29815], [36.72365, -1.30211], [36.72339, -1.30221], [36.71997, -1.29944], [36.71368, -1.29363], [36.71055, -1.29289], [36.70973, -1.29458], [36.70967, -1.29461], [36.70658, -1.29236], [36.70603, -1.29254], [36.70551, -1.29214], [36.70454, -1.29194], [36.70447, -1.29093], [36.70296, -1.29072], [36.70426, -1.28617], [36.70784, -1.28645], [36.70887, -1.28815], [36.71038, -1.28884], [36.71211, -1.29046], [36.71335, -1.29124], [36.71514, -1.29117], [36.71663, -1.29009], [36.72019, -1.28869], [36.72167, -1.28847], [36.72353, -1.28972], [36.726, -1.29056], [36.72648, -1.29053]]]}}, {"type": "Feature", "properties": {"Name": "Kware", "hazardZone": 5, "exposure": 1.0, "vulnerability": 1.0, "risk": 5.0, "zoneLabel": "Extreme", "riskRank": 1}, "geometry": {"type": "Polygon", "coordinates": [[[36.89999, -1.32382], [36.89449, -1.32727], [36.89306, -1.3247], [36.89165, -1.32564], [36.88789, -1.31949], [36.885, -1.3136], [36.8844, -1.31402], [36.88332, -1.31242], [36.8835, -1.31233], [36.88328, -1.31133], [36.88244, -1.31078], [36.88247, -1.31052], [36.88185, -1.31072], [36.88167, -1.31067], [36.88179, -1.31048], [36.88341, -1.30967], [36.88494, -1.30847], [36.88668, -1.30794], [36.88686, -1.30726], [36.88726, -1.30693], [36.8886, -1.30724], [36.88931, -1.30628], [36.89297, -1.31268], [36.89999, -1.32382]]]}}, {"type": "Feature", "properties": {"Name": "Komarock North", "hazardZone": 5, "exposure": 1.0, "vulnerability": 0.628098, "risk": 3.140491, "zoneLabel": "Extreme", "riskRank": 23}, "geometry": {"type": "Polygon", "coordinates": [[[36.92323, -1.25939], [36.92076, -1.26048], [36.91861, -1.26326], [36.91667, -1.26481], [36.91417, -1.26378], [36.9124, -1.26203], [36.91047, -1.26272], [36.90857, -1.2644], [36.9066, -1.26657], [36.90575, -1.26657], [36.90459, -1.26527], [36.90646, -1.26316], [36.90918, -1.26114], [36.91144, -1.25995], [36.91367, -1.25917], [36.92279, -1.25739], [36.92323, -1.25939]]]}}, {"type": "Feature", "properties": {"Name": "Maina Wanjigi", "hazardZone": 5, "exposure": 1.0, "vulnerability": 0.474028, "risk": 2.34867, "zoneLabel": "Extreme", "riskRank": 72}, "geometry": {"type": "Polygon", "coordinates": [[[36.85515, -1.26591], [36.85534, -1.26704], [36.8544, -1.26814], [36.85432, -1.26883], [36.8531, -1.26917], [36.85327, -1.27039], [36.85368, -1.27109], [36.85343, -1.27157], [36.85377, -1.27277], [36.8532, -1.27294], [36.85328, -1.27854], [36.85177, -1.27887], [36.84914, -1.26619], [36.85038, -1.26593], [36.85515, -1.26591]]]}}, {"type": "Feature", "properties": {"Name": "Eastleigh North", "hazardZone": 5, "exposure": 1.0, "vulnerability": 0.699669, "risk": 3.498344, "zoneLabel": "Extreme", "riskRank": 14}, "geometry": {"type": "Polygon", "coordinates": [[[36.85177, -1.27887], [36.84635, -1.27997], [36.8452, -1.27405], [36.84784, -1.27334], [36.84886, -1.27328], [36.84907, -1.27315], [36.84884, -1.27226], [36.85034, -1.27192], [36.85177, -1.27887]]]}}, {"type": "Feature", "properties": {"Name": "Harambee", "hazardZone": 5, "exposure": 0.666667, "vulnerability": 0.595813, "risk": 1.986043, "zoneLabel": "Extreme", "riskRank": 84}, "geometry": {"type": "Polygon", "coordinates": [[[36.87299, -1.28363], [36.87383, -1.28519], [36.87425, -1.28741], [36.87311, -1.28785], [36.8728, -1.28834], [36.87287, -1.28879], [36.87238, -1.2893], [36.86809, -1.29156], [36.86797, -1.28896], [36.86661, -1.28628], [36.86776, -1.28554], [36.86854, -1.28452], [36.87142, -1.28193], [36.87299, -1.28363]]]}}, {"type": "Feature", "properties": {"Name": "Maziwa", "hazardZone": 5, "exposure": 0.666667, "vulnerability": 0.429292, "risk": 1.430972, "zoneLabel": "Extreme", "riskRank": 111}, "geometry": {"type": "Polygon", "coordinates": [[[36.84435, -1.28792], [36.84414, -1.28896], [36.84615, -1.28954], [36.84544, -1.29291], [36.84099, -1.29181], [36.8412, -1.29067], [36.84151, -1.29063], [36.84188, -1.28883], [36.8434, -1.28796], [36.84435, -1.28792]]]}}, {"type": "Feature", "properties": {"Name": "Marura", "hazardZone": 5, "exposure": 0.666667, "vulnerability": 0.625617, "risk": 2.08539, "zoneLabel": "Extreme", "riskRank": 81}, "geometry": {"type": "Polygon", "coordinates": [[[36.88671, -1.24957], [36.8866, -1.25225], [36.88623, -1.25272], [36.88546, -1.25274], [36.88501, -1.25314], [36.88214, -1.25639], [36.87877, -1.25656], [36.87854, -1.25055], [36.87815, -1.24946], [36.87895, -1.24893], [36.87958, -1.24901], [36.88023, -1.24958], [36.88074, -1.24971], [36.88171, -1.24899], [36.88326, -1.24967], [36.88436, -1.24961], [36.88523, -1.2491], [36.88565, -1.24909], [36.88643, -1.24968], [36.88671, -1.24957]]]}}, {"type": "Feature", "properties": {"Name": "Gitathuru", "hazardZone": 5, "exposure": 1.0, "vulnerability": 0.593398, "risk": 2.946969, "zoneLabel": "Extreme", "riskRank": 34}, "geometry": {"type": "Polygon", "coordinates": [[[36.90024, -1.24245], [36.89985, -1.24304], [36.89831, -1.24367], [36.89639, -1.24389], [36.89612, -1.2444], [36.89659, -1.24592], [36.89626, -1.24625], [36.8955, -1.24608], [36.89529, -1.24702], [36.89287, -1.24716], [36.8914, -1.2468], [36.88971, -1.24784], [36.88761, -1.24983], [36.88701, -1.2518], [36.88659, -1.25213], [36.88671, -1.24957], [36.88845, -1.24888], [36.88855, -1.24782], [36.88895, -1.24754], [36.88923, -1.24679], [36.88981, -1.24686], [36.89017, -1.24661], [36.89082, -1.24547], [36.89113, -1.24432], [36.8922, -1.24445], [36.89321, -1.24421], [36.89352, -1.24405], [36.89398, -1.24308], [36.89455, -1.24295], [36.89642, -1.24352], [36.89683, -1.24314], [36.89847, -1.24304], [36.90024, -1.24245]]]}}, {"type": "Feature", "properties": {"Name": "Nyayo", "hazardZone": 5, "exposure": 0.333333, "vulnerability": 0.278472, "risk": 0.459849, "zoneLabel": "Extreme", "riskRank": 136}, "geometry": {"type": "Polygon", "coordinates": [[[36.89529, -1.24702], [36.89536, -1.24796], [36.89389, -1.24832], [36.893, -1.25], [36.8925, -1.25003], [36.89254, -1.2496], [36.89121, -1.24947], [36.89094, -1.25001], [36.88864, -1.25106], [36.88712, -1.25146], [36.88727, -1.25047], [36.88799, -1.24934], [36.88871, -1.24899], [36.88883, -1.24859], [36.88971, -1.24784], [36.8914, -1.2468], [36.89287, -1.24716], [36.89529, -1.24702]]]}}, {"type": "Feature", "properties": {"Name": "Utalii", "hazardZone": 4, "exposure": 0.666667, "vulnerability": 0.539038, "risk": 1.568892, "zoneLabel": "Very High", "riskRank": 102}, "geometry": {"type": "Polygon", "coordinates": [[[36.85639, -1.26152], [36.85562, -1.26083], [36.85519, -1.26136], [36.85364, -1.25978], [36.85279, -1.25958], [36.85233, -1.25909], [36.85095, -1.25839], [36.8527, -1.25827], [36.8536, -1.25789], [36.8575, -1.25472], [36.8633, -1.24864], [36.86536, -1.25309], [36.86711, -1.25249], [36.86668, -1.25477], [36.86597, -1.25561], [36.86405, -1.25678], [36.86366, -1.25526], [36.86339, -1.25535], [36.86305, -1.25572], [36.86278, -1.25671], [36.86237, -1.2567], [36.86201, -1.25717], [36.86096, -1.25757], [36.86039, -1.25917], [36.85936, -1.26029], [36.85821, -1.2611], [36.85639, -1.26152]]]}}, {"type": "Feature", "properties": {"Name": "Ruaraka", "hazardZone": 5, "exposure": 1.0, "vulnerability": 0.622853, "risk": 2.998895, "zoneLabel": "Extreme", "riskRank": 32}, "geometry": {"type": "Polygon", "coordinates": [[[36.87815, -1.24946], [36.868, -1.25193], [36.86722, -1.25223], [36.86711, -1.25249], [36.86536, -1.25309], [36.8633, -1.24864], [36.86618, -1.24562], [36.86727, -1.24506], [36.86887, -1.24647], [36.87005, -1.24706], [36.87467, -1.24716], [36.87632, -1.2476], [36.87758, -1.24859], [36.87815, -1.24946]]]}}, {"type": "Feature", "properties": {"Name": "Kibera", "hazardZone": 5, "exposure": 1.0, "vulnerability": 0.461636, "risk": 2.308181, "zoneLabel": "Extreme", "riskRank": 75}, "geometry": {"type": "Polygon", "coordinates": [[[36.78937, -1.31028], [36.78952, -1.31088], [36.78996, -1.31101], [36.79115, -1.31246], [36.7909, -1.31321], [36.78967, -1.31489], [36.78898, -1.31444], [36.78768, -1.31478], [36.7856, -1.31431], [36.78473, -1.31377], [36.78383, -1.31362], [36.78336, -1.31321], [36.78937, -1.31028]]]}}, {"type": "Feature", "properties": {"Name": "Olympic/Kianda", "hazardZone": 4, "exposure": 1.0, "vulnerability": 0.671596, "risk": 2.856126, "zoneLabel": "Very High", "riskRank": 37}, "geometry": {"type": "Polygon", "coordinates": [[[36.77669, -1.30677], [36.77784, -1.30774], [36.77829, -1.30962], [36.77917, -1.31067], [36.78112, -1.31163], [36.78174, -1.3123], [36.78342, -1.31328], [36.77909, -1.31526], [36.77854, -1.31682], [36.7777, -1.31619], [36.77613, -1.31653], [36.77497, -1.31635], [36.77391, -1.3167], [36.77054, -1.31007], [36.77126, -1.30999], [36.77183, -1.30955], [36.77182, -1.30828], [36.77266, -1.30733], [36.77398, -1.30743], [36.77572, -1.30653], [36.77669, -1.30677]]]}}, {"type": "Feature", "properties": {"Name": "Gatwekera", "hazardZone": 5, "exposure": 1.0, "vulnerability": 0.637226, "risk": 3.09424, "zoneLabel": "Extreme", "riskRank": 28}, "geometry": {"type": "Polygon", "coordinates": [[[36.78066, -1.31754], [36.7787, -1.31754], [36.77854, -1.31682], [36.77909, -1.31526], [36.78342, -1.31328], [36.78554, -1.31429], [36.78732, -1.31475], [36.78868, -1.31456], [36.78822, -1.3153], [36.78756, -1.31571], [36.78595, -1.31622], [36.78521, -1.31603], [36.78405, -1.31641], [36.7828, -1.31735], [36.78123, -1.31717], [36.78066, -1.31754]]]}}, {"type": "Feature", "properties": {"Name": "Kenyatta", "hazardZone": 5, "exposure": 0.666667, "vulnerability": 0.544937, "risk": 1.650644, "zoneLabel": "Extreme", "riskRank": 99}, "geometry": {"type": "Polygon", "coordinates": [[[36.82037, -1.29278], [36.82369, -1.29836], [36.82409, -1.2996], [36.82414, -1.29989], [36.82281, -1.29982], [36.82371, -1.30166], [36.82369, -1.3028], [36.8232, -1.30403], [36.82197, -1.3051], [36.81943, -1.30599], [36.8183, -1.30592], [36.81651, -1.30511], [36.81551, -1.30513], [36.81035, -1.30783], [36.80742, -1.30839], [36.80634, -1.3095], [36.806, -1.3116], [36.80392, -1.30716], [36.80289, -1.30566], [36.80269, -1.30392], [36.80274, -1.29793], [36.80725, -1.29697], [36.80965, -1.29541], [36.8127, -1.29524], [36.81395, -1.29487], [36.81464, -1.2941], [36.81525, -1.29379], [36.82037, -1.29278]]]}}, {"type": "Feature", "properties": {"Name": "Golf Course", "hazardZone": 4, "exposure": 0.666667, "vulnerability": 0.532999, "risk": 1.377585, "zoneLabel": "Very High", "riskRank": 112}, "geometry": {"type": "Polygon", "coordinates": [[[36.806, -1.3116], [36.80551, -1.31367], [36.80507, -1.31441], [36.80421, -1.31506], [36.80299, -1.31519], [36.80222, -1.31493], [36.79887, -1.31203], [36.79478, -1.30996], [36.79143, -1.309], [36.79015, -1.30693], [36.78929, -1.30644], [36.78753, -1.30416], [36.78792, -1.30177], [36.78768, -1.29966], [36.79603, -1.29929], [36.80274, -1.29793], [36.80269, -1.30392], [36.80289, -1.30566], [36.80392, -1.30716], [36.806, -1.3116]]]}}, {"type": "Feature", "properties": {"Name": "Karen", "hazardZone": 1, "exposure": 1.0, "vulnerability": 0.559874, "risk": 0.583068, "zoneLabel": "Low", "riskRank": 134}, "geometry": {"type": "Polygon", "coordinates": [[[36.68571, -1.30091], [36.69066, -1.30199], [36.71628, -1.33309], [36.71537, -1.33978], [36.71439, -1.34093], [36.71479, -1.34431], [36.71298, -1.35602], [36.71173, -1.3595], [36.70878, -1.3583], [36.70866, -1.35801], [36.70839, -1.35835], [36.70813, -1.35743], [36.70638, -1.35609], [36.70485, -1.35438], [36.70504, -1.35415], [36.70484, -1.35386], [36.70316, -1.35233], [36.69746, -1.35257], [36.69523, -1.35396], [36.69399, -1.35365], [36.68984, -1.34964], [36.68964, -1.34679], [36.68677, -1.34327], [36.68646, -1.33946], [36.68537, -1.33705], [36.68491, -1.33671], [36.68319, -1.33742], [36.67996, -1.32977], [36.67668, -1.33127], [36.66985, -1.32623], [36.67354, -1.32465], [36.6647, -1.32007], [36.66692, -1.31505], [36.66671, -1.31464], [36.67102, -1.30643], [36.67372, -1.3078], [36.67499, -1.30757], [36.67556, -1.30779], [36.67887, -1.30105], [36.6805, -1.30096], [36.6806, -1.30044], [36.68169, -1.29925], [36.68194, -1.30048], [36.6831, -1.30142], [36.68512, -1.30188], [36.68571, -1.30091]]]}}, {"type": "Feature", "properties": {"Name": "Bomas", "hazardZone": 2, "exposure": 1.0, "vulnerability": 0.622671, "risk": 1.037313, "zoneLabel": "Moderate", "riskRank": 121}, "geometry": {"type": "Polygon", "coordinates": [[[36.77435, -1.33761], [36.76871, -1.34169], [36.76645, -1.34276], [36.76704, -1.34121], [36.76699, -1.33403], [36.76723, -1.336], [36.76748, -1.3351], [36.76876, -1.33544], [36.77164, -1.33554], [36.77203, -1.33689], [36.77315, -1.33689], [36.77435, -1.33761]]]}}, {"type": "Feature", "properties": {"Name": "Lang'ata", "hazardZone": 1, "exposure": 0.666667, "vulnerability": 0.571472, "risk": 0.757009, "zoneLabel": "Low", "riskRank": 128}, "geometry": {"type": "Polygon", "coordinates": [[[36.77182, -1.31259], [36.77391, -1.3167], [36.77497, -1.31635], [36.77613, -1.31653], [36.7777, -1.31619], [36.77841, -1.31661], [36.77883, -1.31763], [36.78066, -1.31754], [36.78123, -1.31717], [36.78246, -1.31744], [36.78405, -1.31641], [36.78521, -1.31603], [36.78595, -1.31622], [36.78737, -1.3158], [36.78822, -1.3153], [36.78898, -1.31444], [36.79027, -1.31512], [36.79011, -1.31666], [36.79047, -1.31692], [36.79126, -1.31677], [36.79194, -1.31736], [36.79208, -1.31793], [36.79375, -1.31849], [36.79493, -1.31953], [36.79578, -1.31912], [36.79924, -1.31921], [36.80119, -1.31766], [36.80153, -1.31721], [36.80119, -1.31705], [36.8013, -1.31679], [36.80503, -1.31712], [36.80678, -1.31806], [36.80853, -1.31557], [36.80959, -1.31496], [36.80971, -1.31433], [36.81104, -1.3139], [36.81254, -1.31286], [36.81414, -1.31272], [36.81608, -1.31216], [36.81429, -1.31569], [36.80807, -1.32187], [36.80688, -1.32234], [36.7996, -1.32362], [36.79652, -1.32445], [36.78161, -1.33289], [36.77435, -1.33761], [36.77315, -1.33689], [36.77203, -1.33689], [36.77164, -1.33554], [36.76876, -1.33544], [36.76748, -1.3351], [36.76723, -1.336], [36.76699, -1.33403], [36.76704, -1.34121], [36.76653, -1.3424], [36.73135, -1.33814], [36.71898, -1.33615], [36.71734, -1.3345], [36.70716, -1.32198], [36.71151, -1.32128], [36.71392, -1.32065], [36.71605, -1.31826], [36.72465, -1.31081], [36.72649, -1.30983], [36.72843, -1.30835], [36.73003, -1.30801], [36.73206, -1.308], [36.73236, -1.30844], [36.73708, -1.30689], [36.74271, -1.30575], [36.74825, -1.30374], [36.74828, -1.30865], [36.74857, -1.30876], [36.75371, -1.30706], [36.75708, -1.313], [36.76864, -1.31234], [36.76919, -1.31357], [36.77182, -1.31259]]]}}, {"type": "Feature", "properties": {"Name": "Bahati", "hazardZone": 5, "exposure": 1.0, "vulnerability": 0.565278, "risk": 2.826391, "zoneLabel": "Extreme", "riskRank": 38}, "geometry": {"type": "Polygon", "coordinates": [[[36.85949, -1.29109], [36.85218, -1.29439], [36.85258, -1.29112], [36.85224, -1.28954], [36.85374, -1.28916], [36.85479, -1.28794], [36.85553, -1.28751], [36.85691, -1.28742], [36.85701, -1.28808], [36.85657, -1.28827], [36.85659, -1.28857], [36.85778, -1.2892], [36.85825, -1.29064], [36.85922, -1.29026], [36.85949, -1.29109]]]}}, {"type": "Feature", "properties": {"Name": "Ruai", "hazardZone": 4, "exposure": 1.0, "vulnerability": 0.730447, "risk": 2.530849, "zoneLabel": "Very High", "riskRank": 59}, "geometry": {"type": "Polygon", "coordinates": [[[36.9747, -1.28965], [36.97043, -1.27799], [36.96855, -1.27374], [36.96114, -1.25365], [36.96074, -1.25327], [36.95456, -1.25157], [36.94937, -1.2492], [36.94579, -1.24873], [36.94618, -1.24798], [36.94685, -1.248], [36.94751, -1.24663], [36.94843, -1.24688], [36.94917, -1.2475], [36.9514, -1.24752], [36.95113, -1.24702], [36.94983, -1.24616], [36.94939, -1.24637], [36.94924, -1.24584], [36.95001, -1.24561], [36.95098, -1.24595], [36.95136, -1.24533], [36.95208, -1.2456], [36.95246, -1.2455], [36.95279, -1.24493], [36.95331, -1.24496], [36.95364, -1.24455], [36.9546, -1.24491], [36.95555, -1.24458], [36.9574, -1.2455], [36.95835, -1.24484], [36.95907, -1.24542], [36.96096, -1.24575], [36.96205, -1.24553], [36.96344, -1.24673], [36.96438, -1.24663], [36.96532, -1.24734], [36.96645, -1.2474], [36.96813, -1.24703], [36.96957, -1.24719], [36.96976, -1.24775], [36.96894, -1.2486], [36.96892, -1.24952], [36.96995, -1.25022], [36.97051, -1.25095], [36.97109, -1.25099], [36.97167, -1.25024], [36.97366, -1.24928], [36.97435, -1.24759], [36.9748, -1.24716], [36.97543, -1.24532], [36.97773, -1.24455], [36.97907, -1.24377], [36.98098, -1.24352], [36.98216, -1.24261], [36.98337, -1.24263], [36.98504, -1.24342], [36.98605, -1.24473], [36.98682, -1.2448], [36.98745, -1.2454], [36.98972, -1.24535], [36.99127, -1.24482], [36.99205, -1.24529], [36.99335, -1.24489], [36.9943, -1.24414], [36.99475, -1.24339], [36.99617, -1.24256], [36.9969, -1.24235], [36.99811, -1.24265], [36.99877, -1.24166], [36.99902, -1.24035], [36.99959, -1.23984], [37.00003, -1.23972], [37.00094, -1.23997], [37.00264, -1.23953], [37.00307, -1.23938], [37.00373, -1.23834], [37.00512, -1.23804], [37.00639, -1.23843], [37.00678, -1.23806], [37.00753, -1.23644], [37.00993, -1.23606], [37.01193, -1.23684], [37.01378, -1.23546], [37.01411, -1.23471], [37.01353, -1.23359], [37.01354, -1.23207], [37.01379, -1.23147], [37.01604, -1.22908], [37.01705, -1.22954], [37.01739, -1.22946], [37.018, -1.22841], [37.01778, -1.22745], [37.01806, -1.22709], [37.0184, -1.22696], [37.01991, -1.22738], [37.0218, -1.22673], [37.02305, -1.22781], [37.02434, -1.22733], [37.03252, -1.24104], [37.03327, -1.24314], [37.0341, -1.24364], [37.03154, -1.24582], [37.03827, -1.256], [37.03019, -1.26072], [37.03316, -1.27733], [37.03508, -1.27885], [37.027, -1.29171], [37.00989, -1.29786], [37.00269, -1.30073], [37.00074, -1.29475], [36.99549, -1.28145], [36.9747, -1.28965]]]}}, {"type": "Feature", "properties": {"Name": "South B", "hazardZone": 5, "exposure": 1.0, "vulnerability": 0.626535, "risk": 3.132674, "zoneLabel": "Extreme", "riskRank": 25}, "geometry": {"type": "Polygon", "coordinates": [[[36.84075, -1.30952], [36.84032, -1.30984], [36.8399, -1.31136], [36.83831, -1.31131], [36.83826, -1.3147], [36.83839, -1.31632], [36.83874, -1.31729], [36.83866, -1.31812], [36.83808, -1.31932], [36.83425, -1.31704], [36.83174, -1.31508], [36.83076, -1.31374], [36.8288, -1.30967], [36.83071, -1.30838], [36.8312, -1.30731], [36.83077, -1.30695], [36.83073, -1.30627], [36.83361, -1.30598], [36.83545, -1.30623], [36.83609, -1.30756], [36.83681, -1.30784], [36.83904, -1.30747], [36.84062, -1.30634], [36.84129, -1.30676], [36.84149, -1.30736], [36.84141, -1.30811], [36.84101, -1.3086], [36.84075, -1.30952]]]}}, {"type": "Feature", "properties": {"Name": "Kiambiu", "hazardZone": 4, "exposure": 1.0, "vulnerability": 0.552776, "risk": 2.478004, "zoneLabel": "Very High", "riskRank": 61}, "geometry": {"type": "Polygon", "coordinates": [[[36.87482, -1.2697], [36.87464, -1.26986], [36.8748, -1.27095], [36.87426, -1.27159], [36.87366, -1.27181], [36.873, -1.27311], [36.87291, -1.27404], [36.87233, -1.27426], [36.8726, -1.27535], [36.87186, -1.27644], [36.87173, -1.27796], [36.87072, -1.27893], [36.87066, -1.28021], [36.86871, -1.28101], [36.86798, -1.28224], [36.86612, -1.28244], [36.86585, -1.28332], [36.8651, -1.28355], [36.86494, -1.28317], [36.86359, -1.28388], [36.86131, -1.284], [36.86221, -1.28287], [36.86556, -1.28151], [36.86951, -1.27702], [36.87033, -1.2749], [36.87134, -1.27353], [36.87278, -1.27173], [36.87414, -1.27058], [36.87386, -1.26958], [36.87469, -1.26912], [36.87482, -1.2697]]]}}, {"type": "Feature", "properties": {"Name": "Madiwa", "hazardZone": 5, "exposure": 1.0, "vulnerability": 0.493787, "risk": 2.408133, "zoneLabel": "Extreme", "riskRank": 67}, "geometry": {"type": "Polygon", "coordinates": [[[36.85553, -1.28751], [36.85576, -1.28565], [36.85522, -1.28313], [36.8576, -1.28263], [36.86095, -1.28335], [36.86221, -1.28287], [36.86118, -1.28426], [36.85958, -1.28575], [36.85691, -1.28742], [36.85553, -1.28751]]]}}, {"type": "Feature", "properties": {"Name": "Kamulu", "hazardZone": 3, "exposure": 0.666667, "vulnerability": 0.593644, "risk": 1.048626, "zoneLabel": "High", "riskRank": 120}, "geometry": {"type": "Polygon", "coordinates": [[[37.04055, -1.27118], [37.03399, -1.2585], [37.03827, -1.256], [37.03154, -1.24582], [37.0341, -1.24364], [37.03327, -1.24314], [37.03252, -1.24104], [37.02434, -1.22733], [37.02578, -1.22679], [37.02692, -1.22546], [37.02925, -1.22388], [37.0293, -1.22317], [37.02982, -1.22243], [37.03065, -1.22196], [37.03184, -1.22179], [37.03218, -1.22148], [37.03326, -1.21963], [37.03391, -1.21907], [37.03393, -1.21789], [37.03443, -1.21638], [37.03788, -1.21408], [37.0387, -1.21261], [37.03975, -1.21271], [37.04091, -1.21227], [37.0423, -1.21149], [37.04295, -1.21078], [37.04415, -1.21034], [37.0451, -1.21087], [37.04607, -1.21041], [37.04701, -1.21072], [37.04834, -1.2106], [37.04949, -1.20871], [37.05107, -1.20893], [37.05478, -1.20708], [37.05522, -1.20722], [37.05778, -1.20941], [37.05825, -1.20941], [37.05994, -1.20832], [37.06027, -1.20789], [37.06174, -1.20721], [37.06236, -1.2064], [37.06338, -1.20577], [37.0812, -1.23817], [37.08919, -1.23438], [37.09638, -1.24614], [37.0892, -1.2461], [37.07788, -1.24414], [37.06857, -1.2494], [37.05938, -1.25708], [37.05627, -1.26293], [37.05258, -1.26573], [37.04055, -1.27118]]]}}, {"type": "Feature", "properties": {"Name": "Mugumoini", "hazardZone": 2, "exposure": 1.0, "vulnerability": 0.607055, "risk": 1.313835, "zoneLabel": "Moderate", "riskRank": 113}, "geometry": {"type": "Polygon", "coordinates": [[[36.82546, -1.33061], [36.82504, -1.33286], [36.8319, -1.33107], [36.8343, -1.33006], [36.84046, -1.32916], [36.84507, -1.32785], [36.84734, -1.32845], [36.85353, -1.33078], [36.85785, -1.33346], [36.85858, -1.33354], [36.86544, -1.33797], [36.88301, -1.34981], [36.89318, -1.3613], [36.89534, -1.35936], [36.89555, -1.35923], [36.89601, -1.35944], [36.90853, -1.37319], [36.91431, -1.37347], [36.92251, -1.39456], [36.93487, -1.39998], [36.94239, -1.40662], [36.94534, -1.42232], [36.95393, -1.43017], [36.95836, -1.43883], [36.96078, -1.43992], [36.95849, -1.44425], [36.95674, -1.44249], [36.95446, -1.43721], [36.94774, -1.4368], [36.94412, -1.43287], [36.93887, -1.43273], [36.93188, -1.43421], [36.8874, -1.41577], [36.88834, -1.41252], [36.89238, -1.41131], [36.88888, -1.40982], [36.87948, -1.40643], [36.87652, -1.40737], [36.87289, -1.40656], [36.86912, -1.40736], [36.86832, -1.40412], [36.86173, -1.40438], [36.8534, -1.39842], [36.84709, -1.3972], [36.84588, -1.39314], [36.8444, -1.39138], [36.84226, -1.38583], [36.83916, -1.38799], [36.83607, -1.3865], [36.8354, -1.38853], [36.83419, -1.39001], [36.8311, -1.38758], [36.82693, -1.3873], [36.82303, -1.38513], [36.82088, -1.38527], [36.8186, -1.38107], [36.81672, -1.38066], [36.80461, -1.38904], [36.80381, -1.38701], [36.80018, -1.38931], [36.79884, -1.38741], [36.79386, -1.38524], [36.79091, -1.38591], [36.78943, -1.38713], [36.78445, -1.38753], [36.78203, -1.38861], [36.78002, -1.3882], [36.77814, -1.38631], [36.77625, -1.38604], [36.7737, -1.3882], [36.7703, -1.38769], [36.771, -1.38682], [36.7711, -1.38617], [36.76942, -1.3743], [36.76747, -1.36982], [36.76765, -1.36791], [36.76748, -1.36727], [36.76561, -1.36396], [36.76279, -1.36058], [36.76254, -1.3579], [36.76186, -1.35511], [36.76318, -1.35112], [36.76466, -1.3489], [36.76679, -1.34275], [36.76645, -1.34276], [36.76871, -1.34169], [36.77527, -1.33694], [36.78161, -1.33289], [36.79516, -1.32523], [36.79477, -1.32546], [36.79734, -1.32739], [36.79807, -1.33012], [36.79818, -1.33172], [36.79905, -1.33436], [36.80582, -1.33341], [36.80575, -1.33317], [36.80582, -1.3334], [36.80973, -1.33287], [36.81242, -1.33278], [36.82546, -1.33061]]]}}, {"type": "Feature", "properties": {"Name": "Githembe", "hazardZone": 4, "exposure": 0.666667, "vulnerability": 0.545678, "risk": 1.466988, "zoneLabel": "Very High", "riskRank": 108}, "geometry": {"type": "Polygon", "coordinates": [[[36.76185, -1.29894], [36.76194, -1.29926], [36.76061, -1.2992], [36.75345, -1.30186], [36.74913, -1.29827], [36.74776, -1.29806], [36.73812, -1.30055], [36.73834, -1.29928], [36.73943, -1.29944], [36.74035, -1.29895], [36.74284, -1.29832], [36.74422, -1.29728], [36.74458, -1.29626], [36.74541, -1.29658], [36.74544, -1.29635], [36.74899, -1.29538], [36.75355, -1.29352], [36.75535, -1.29515], [36.75696, -1.29766], [36.7579, -1.29807], [36.76185, -1.29894]]]}}, {"type": "Feature", "properties": {"Name": "Woodley", "hazardZone": 2, "exposure": 0.666667, "vulnerability": 0.514183, "risk": 0.752172, "zoneLabel": "Moderate", "riskRank": 129}, "geometry": {"type": "Polygon", "coordinates": [[[36.76919, -1.31357], [36.76864, -1.31234], [36.75708, -1.313], [36.75371, -1.30706], [36.74857, -1.30876], [36.74828, -1.30865], [36.74825, -1.30374], [36.75345, -1.30186], [36.75628, -1.30443], [36.75806, -1.30493], [36.7647, -1.30373], [36.77054, -1.30619], [36.77275, -1.30732], [36.77182, -1.30828], [36.77183, -1.30955], [36.77126, -1.30999], [36.77054, -1.31007], [36.77182, -1.31259], [36.76919, -1.31357]]]}}, {"type": "Feature", "properties": {"Name": "Waithaka", "hazardZone": 2, "exposure": 0.666667, "vulnerability": 0.623494, "risk": 0.940012, "zoneLabel": "Moderate", "riskRank": 122}, "geometry": {"type": "Polygon", "coordinates": [[[36.71335, -1.29124], [36.71211, -1.29046], [36.71038, -1.28884], [36.70887, -1.28815], [36.70784, -1.28645], [36.70426, -1.28617], [36.70285, -1.2858], [36.70348, -1.28276], [36.70417, -1.2827], [36.70513, -1.28307], [36.70608, -1.28296], [36.70788, -1.28213], [36.70892, -1.28125], [36.71003, -1.28092], [36.71021, -1.2803], [36.71136, -1.27997], [36.71162, -1.28125], [36.71404, -1.28209], [36.71523, -1.28353], [36.71493, -1.28393], [36.71663, -1.28541], [36.71842, -1.28525], [36.71892, -1.28917], [36.71663, -1.29009], [36.71514, -1.29117], [36.71335, -1.29124]]]}}, {"type": "Feature", "properties": {"Name": "Mutego", "hazardZone": 3, "exposure": 1.0, "vulnerability": 0.513113, "risk": 1.432612, "zoneLabel": "High", "riskRank": 110}, "geometry": {"type": "Polygon", "coordinates": [[[36.72764, -1.27478], [36.72664, -1.27524], [36.72578, -1.2753], [36.72562, -1.2756], [36.7259, -1.27901], [36.72634, -1.27903], [36.72682, -1.28343], [36.72316, -1.28244], [36.71871, -1.28073], [36.71679, -1.27885], [36.71426, -1.27906], [36.71136, -1.27997], [36.71175, -1.27841], [36.71493, -1.27786], [36.71566, -1.2774], [36.71804, -1.27726], [36.71942, -1.27661], [36.72049, -1.27655], [36.72254, -1.27527], [36.72333, -1.27446], [36.72481, -1.27375], [36.72617, -1.27377], [36.72764, -1.27478]]]}}, {"type": "Feature", "properties": {"Name": "Riruta", "hazardZone": 4, "exposure": 0.333333, "vulnerability": 0.656961, "risk": 0.916922, "zoneLabel": "Very High", "riskRank": 124}, "geometry": {"type": "Polygon", "coordinates": [[[36.739, -1.29949], [36.73767, -1.29891], [36.73639, -1.2969], [36.73516, -1.29661], [36.73634, -1.29278], [36.73775, -1.29286], [36.73861, -1.29338], [36.73986, -1.29362], [36.73996, -1.29053], [36.73821, -1.28939], [36.73982, -1.28629], [36.74738, -1.29151], [36.75331, -1.29323], [36.75354, -1.29353], [36.74899, -1.29538], [36.74544, -1.29635], [36.74541, -1.29658], [36.74458, -1.29626], [36.74422, -1.29728], [36.74352, -1.29771], [36.74336, -1.29807], [36.739, -1.29949]]]}}, {"type": "Feature", "properties": {"Name": "Soweto Highrise", "hazardZone": 4, "exposure": 1.0, "vulnerability": 0.535091, "risk": 2.300418, "zoneLabel": "Very High", "riskRank": 77}, "geometry": {"type": "Polygon", "coordinates": [[[36.81608, -1.31216], [36.81414, -1.31272], [36.81254, -1.31286], [36.81104, -1.3139], [36.80971, -1.31433], [36.80959, -1.31496], [36.80853, -1.31557], [36.80678, -1.31806], [36.80503, -1.31712], [36.8013, -1.31679], [36.80119, -1.31705], [36.80074, -1.31701], [36.79903, -1.31609], [36.79848, -1.31602], [36.79792, -1.31628], [36.79706, -1.3159], [36.79736, -1.31565], [36.79765, -1.31452], [36.79757, -1.31386], [36.79687, -1.31332], [36.79785, -1.31325], [36.79844, -1.31287], [36.79887, -1.31203], [36.80222, -1.31493], [36.80342, -1.31523], [36.80469, -1.31478], [36.80551, -1.31367], [36.80621, -1.30985], [36.80667, -1.30898], [36.80849, -1.30919], [36.80972, -1.30993], [36.81113, -1.31003], [36.81375, -1.31124], [36.81666, -1.31141], [36.81608, -1.31216]]]}}, {"type": "Feature", "properties": {"Name": "Silanga", "hazardZone": 5, "exposure": 1.0, "vulnerability": 0.511868, "risk": 2.326858, "zoneLabel": "Extreme", "riskRank": 74}, "geometry": {"type": "Polygon", "coordinates": [[[36.79645, -1.31557], [36.79792, -1.31628], [36.79848, -1.31602], [36.79903, -1.31609], [36.80153, -1.31721], [36.80005, -1.31873], [36.79924, -1.31921], [36.79578, -1.31912], [36.79468, -1.31949], [36.79426, -1.31883], [36.79386, -1.31862], [36.79433, -1.31743], [36.79503, -1.3166], [36.79592, -1.317], [36.79645, -1.31557]]]}}]}