{"type": "FeatureCollection", "features": [{"type": "Feature", "properties": {"Name": "EMBAKASI", "exposure": 14.6, "sensitivity": 0.286541, "adaptiveCap": 0.47183, "vulnerability": 0.220646, "impact": 0.181709, "dataStatus": "EXACT_MATCH", "division": "Embakasi", "location": "EMBAKASI"}, "geometry": {"type": "Polygon", "coordinates": [[[36.91641, -1.28687], [36.91964, -1.29585], [36.93276, -1.30503], [36.95162, -1.29773], [36.96057, -1.29132], [36.96246, -1.29378], [36.97444, -1.28923], [36.98357, -1.31519], [36.94606, -1.3291], [36.94154, -1.32721], [36.94393, -1.3299], [36.91969, -1.35233], [36.89996, -1.32431], [36.89932, -1.32434], [36.88866, -1.30723], [36.88901, -1.30672], [36.8898, -1.30635], [36.89063, -1.30676], [36.89145, -1.30664], [36.89196, -1.3053], [36.89227, -1.3051], [36.89411, -1.30549], [36.89538, -1.30492], [36.89619, -1.30376], [36.89802, -1.30254], [36.89875, -1.30087], [36.90031, -1.30059], [36.90029, -1.29986], [36.89938, -1.29855], [36.89966, -1.29763], [36.90163, -1.2978], [36.9041, -1.29655], [36.90489, -1.2964], [36.90521, -1.29621], [36.90533, -1.29578], [36.90519, -1.29503], [36.9054, -1.29444], [36.90577, -1.29422], [36.90711, -1.2946], [36.90778, -1.29444], [36.90909, -1.29247], [36.90975, -1.29198], [36.91023, -1.29204], [36.91112, -1.29267], [36.91176, -1.29257], [36.91189, -1.29184], [36.91141, -1.2912], [36.91141, -1.29072], [36.91183, -1.29041], [36.91394, -1.2913], [36.91464, -1.29097], [36.91588, -1.2899], [36.91593, -1.28951], [36.91509, -1.28818], [36.91505, -1.28755], [36.91641, -1.28687]]]}}, {"type": "Feature", "properties": {"Name": "SHAURI MOYO", "exposure": 7.0, "sensitivity": 0.5, "adaptiveCap": 0.5, "vulnerability": 0.25, "impact": 0.25, "dataStatus": "RENAMED", "division": "Pumwani", "location": "KAMUKUNJI"}, "geometry": {"type": "Polygon", "coordinates": [[[36.84786, -1.28847], [36.84852, -1.28873], [36.84873, -1.28908], [36.84954, -1.28932], [36.85229, -1.28949], [36.85269, -1.29133], [36.8523, -1.29174], [36.85183, -1.29435], [36.84087, -1.29203], [36.841, -1.2907], [36.84165, -1.29079], [36.84181, -1.2891], [36.84311, -1.28804], [36.8442, -1.28775], [36.84444, -1.2871], [36.84699, -1.2877], [36.84786, -1.28847]]]}}, {"type": "Feature", "properties": {"Name": "LUMUMBA", "exposure": 2.0, "sensitivity": 0.5, "adaptiveCap": 0.5, "vulnerability": 0.25, "impact": 0.0, "dataStatus": "RENAMED", "division": "Makadara", "location": "MAKADARA"}, "geometry": {"type": "Polygon", "coordinates": [[[36.87617, -1.29245], [36.87272, -1.29294], [36.8697, -1.29373], [36.86791, -1.29394], [36.86809, -1.29149], [36.87001, -1.29023], [36.8722, -1.28922], [36.87269, -1.28871], [36.87261, -1.28826], [36.87293, -1.28777], [36.87415, -1.2873], [36.87561, -1.29014], [36.87617, -1.29245]]]}}, {"type": "Feature", "properties": {"Name": "OFAFA", "exposure": 7.5, "sensitivity": 0.5, "adaptiveCap": 0.5, "vulnerability": 0.25, "impact": 0.0, "dataStatus": "NO_DATA", "division": "Makadara", "location": "MARINGO"}, "geometry": {"type": "Polygon", "coordinates": [[[36.86809, -1.29149], [36.86777, -1.29528], [36.86721, -1.29741], [36.85183, -1.29435], [36.86702, -1.2875], [36.86789, -1.28867], [36.86809, -1.29149]]]}}, {"type": "Feature", "properties": {"Name": "LAND MAWE", "exposure": 10.5, "sensitivity": 0.5, "adaptiveCap": 0.5, "vulnerability": 0.25, "impact": 0.196429, "dataStatus": "RENAMED", "division": "Makadara", "location": "VIWANDA"}, "geometry": {"type": "Polygon", "coordinates": [[[36.84688, -1.30155], [36.85542, -1.30053], [36.85672, -1.30953], [36.8549, -1.3133], [36.855, -1.31436], [36.85411, -1.31486], [36.85434, -1.31514], [36.85422, -1.31624], [36.85224, -1.31562], [36.85026, -1.31368], [36.84903, -1.31355], [36.84763, -1.31378], [36.84677, -1.31359], [36.84483, -1.3126], [36.84235, -1.31029], [36.8409, -1.30972], [36.84087, -1.30914], [36.84145, -1.30767], [36.84126, -1.307], [36.84026, -1.30651], [36.8384, -1.30781], [36.83728, -1.30801], [36.83644, -1.30792], [36.83589, -1.30744], [36.83548, -1.30626], [36.83458, -1.30597], [36.83067, -1.30647], [36.831, -1.30761], [36.83053, -1.30878], [36.82932, -1.30969], [36.82868, -1.30989], [36.82403, -1.2999], [36.82392, -1.29846], [36.82202, -1.29521], [36.83423, -1.28906], [36.83566, -1.28897], [36.83748, -1.29036], [36.84292, -1.29953], [36.84406, -1.30065], [36.84516, -1.30127], [36.84688, -1.30155]]]}}, {"type": "Feature", "properties": {"Name": "KALOLENI", "exposure": 2.75, "sensitivity": 0.166863, "adaptiveCap": 0.578038, "vulnerability": 0.079401, "impact": 0.0, "dataStatus": "EXACT_MATCH", "division": "Makadara", "location": "MAKONGENI"}, "geometry": {"type": "Polygon", "coordinates": [[[36.84087, -1.29203], [36.8495, -1.29392], [36.84538, -1.29798], [36.84761, -1.30161], [36.84516, -1.30127], [36.84406, -1.30065], [36.84292, -1.29953], [36.83845, -1.29188], [36.83892, -1.29161], [36.84011, -1.29162], [36.84087, -1.29203]]]}}, {"type": "Feature", "properties": {"Name": "HAMZA", "exposure": 6.75, "sensitivity": 0.228407, "adaptiveCap": 0.560848, "vulnerability": 0.129953, "impact": 0.0, "dataStatus": "EXACT_MATCH", "division": "Makadara", "location": "MAKADARA"}, "geometry": {"type": "Polygon", "coordinates": [[[36.88588, -1.29268], [36.88692, -1.29794], [36.88224, -1.29612], [36.86957, -1.29782], [36.86721, -1.29741], [36.86791, -1.29394], [36.87617, -1.29245], [36.87649, -1.29452], [36.88123, -1.29333], [36.88226, -1.29358], [36.88327, -1.29259], [36.88588, -1.29268]]]}}, {"type": "Feature", "properties": {"Name": "KAHAWA WEST/NJUA", "exposure": 8.8, "sensitivity": 0.5, "adaptiveCap": 0.5, "vulnerability": 0.25, "impact": 0.0, "dataStatus": "RENAMED", "division": "Kasarani", "location": "KAHAWA"}, "geometry": {"type": "Polygon", "coordinates": [[[36.90393, -1.16079], [36.90729, -1.16202], [36.9094, -1.16224], [36.91153, -1.16172], [36.91596, -1.16191], [36.91916, -1.1627], [36.91494, -1.17174], [36.92477, -1.17374], [36.92015, -1.18073], [36.91509, -1.1815], [36.91234, -1.18158], [36.91144, -1.18191], [36.91022, -1.18326], [36.91007, -1.18429], [36.91084, -1.18576], [36.90991, -1.18694], [36.90132, -1.18358], [36.89436, -1.18227], [36.88883, -1.1742], [36.89058, -1.17251], [36.89382, -1.17024], [36.896, -1.16642], [36.89845, -1.16128], [36.89925, -1.16168], [36.89984, -1.1617], [36.90166, -1.16094], [36.90393, -1.16079]]]}}, {"type": "Feature", "properties": {"Name": "KIWANJA", "exposure": 3.75, "sensitivity": 0.216162, "adaptiveCap": 0.464805, "vulnerability": 0.122673, "impact": 0.122673, "dataStatus": "EXACT_MATCH", "division": "Kasarani", "location": "KAHAWA"}, "geometry": {"type": "Polygon", "coordinates": [[[36.94209, -1.17497], [36.94066, -1.17721], [36.9399, -1.17907], [36.93786, -1.18154], [36.93556, -1.18376], [36.93296, -1.18678], [36.92455, -1.1949], [36.92147, -1.19825], [36.92056, -1.19911], [36.91857, -1.19887], [36.91704, -1.19922], [36.91691, -1.19877], [36.91433, -1.19545], [36.91428, -1.19351], [36.9149, -1.19157], [36.91467, -1.19101], [36.91321, -1.18841], [36.91084, -1.18576], [36.91007, -1.18429], [36.91022, -1.18326], [36.91144, -1.18191], [36.91234, -1.18158], [36.91509, -1.1815], [36.92015, -1.18073], [36.92477, -1.17374], [36.91494, -1.17174], [36.91916, -1.1627], [36.92058, -1.16308], [36.92131, -1.16517], [36.92308, -1.1661], [36.92435, -1.16601], [36.92526, -1.16663], [36.92598, -1.16827], [36.92843, -1.16949], [36.92966, -1.16908], [36.93118, -1.16922], [36.93408, -1.17019], [36.93677, -1.17174], [36.93968, -1.17278], [36.94051, -1.17404], [36.94209, -1.17497]]]}}, {"type": "Feature", "properties": {"Name": "KONGO SOWETO", "exposure": 3.75, "sensitivity": 0.216817, "adaptiveCap": 0.511908, "vulnerability": 0.115811, "impact": 0.0, "dataStatus": "EXACT_MATCH", "division": "Kasarani", "location": "KAHAWA"}, "geometry": {"type": "Polygon", "coordinates": [[[36.91084, -1.18576], [36.91321, -1.18841], [36.91467, -1.19101], [36.9149, -1.19157], [36.91428, -1.19351], [36.91418, -1.19487], [36.91474, -1.19612], [36.91596, -1.1975], [36.91417, -1.19712], [36.91369, -1.19674], [36.91266, -1.19401], [36.91062, -1.19212], [36.91022, -1.19121], [36.90941, -1.19052], [36.90883, -1.19026], [36.90742, -1.19017], [36.90547, -1.18952], [36.90315, -1.18918], [36.89989, -1.18765], [36.89702, -1.18697], [36.89603, -1.18602], [36.89436, -1.18227], [36.90132, -1.18358], [36.90991, -1.18694], [36.91084, -1.18576]]]}}, {"type": "Feature", "properties": {"Name": "KAMUTHI", "exposure": 0.0, "sensitivity": 0.237658, "adaptiveCap": 0.448901, "vulnerability": 0.165731, "impact": 0.0, "dataStatus": "EXACT_MATCH", "division": "Kasarani", "location": "GITHURAI"}, "geometry": {"type": "Polygon", "coordinates": [[[36.91596, -1.1975], [36.91704, -1.19922], [36.91389, -1.19947], [36.91306, -1.19839], [36.91191, -1.1985], [36.9106, -1.19806], [36.90899, -1.19694], [36.90448, -1.19486], [36.90021, -1.19365], [36.89986, -1.19378], [36.89892, -1.192], [36.89824, -1.19175], [36.89731, -1.19096], [36.89587, -1.18849], [36.89702, -1.18697], [36.89989, -1.18765], [36.90315, -1.18918], [36.90547, -1.18952], [36.90742, -1.19017], [36.90883, -1.19026], [36.90941, -1.19052], [36.91022, -1.19121], [36.91062, -1.19212], [36.91266, -1.19401], [36.91369, -1.19674], [36.91417, -1.19712], [36.91596, -1.1975]]]}}, {"type": "Feature", "properties": {"Name": "NJATHAINI", "exposure": 0.0, "sensitivity": 0.128548, "adaptiveCap": 0.361575, "vulnerability": 0.094128, "impact": 0.0, "dataStatus": "EXACT_MATCH", "division": "Kasarani", "location": "ROYSAMBU"}, "geometry": {"type": "Polygon", "coordinates": [[[36.8738, -1.19636], [36.87507, -1.19622], [36.87649, -1.19657], [36.88013, -1.19637], [36.88207, -1.1966], [36.88308, -1.19565], [36.88494, -1.19542], [36.88567, -1.19585], [36.88633, -1.19573], [36.89042, -1.19377], [36.89197, -1.19376], [36.89339, -1.19436], [36.89408, -1.19429], [36.89715, -1.19299], [36.89848, -1.19319], [36.89986, -1.19378], [36.90151, -1.19587], [36.90198, -1.19683], [36.902, -1.19749], [36.90174, -1.19823], [36.90015, -1.19994], [36.89662, -1.20285], [36.89489, -1.20287], [36.8941, -1.20346], [36.89324, -1.20337], [36.89198, -1.20379], [36.89081, -1.2037], [36.88545, -1.20128], [36.88387, -1.20214], [36.88295, -1.20202], [36.88151, -1.20316], [36.87998, -1.20357], [36.87618, -1.20257], [36.87411, -1.20286], [36.87278, -1.20258], [36.86984, -1.20375], [36.86935, -1.20487], [36.86852, -1.20535], [36.86788, -1.20543], [36.86665, -1.20731], [36.86401, -1.20924], [36.8634, -1.2107], [36.86102, -1.21201], [36.85988, -1.21217], [36.85788, -1.21175], [36.85564, -1.21182], [36.85318, -1.21214], [36.85249, -1.2124], [36.85223, -1.21296], [36.85021, -1.21295], [36.85156, -1.20346], [36.85206, -1.20287], [36.8528, -1.2026], [36.85465, -1.2025], [36.85653, -1.20193], [36.85788, -1.20224], [36.85835, -1.20258], [36.85977, -1.20277], [36.86045, -1.20316], [36.86351, -1.19013], [36.8645, -1.19093], [36.86603, -1.19156], [36.86637, -1.19196], [36.86645, -1.19295], [36.86886, -1.19374], [36.87062, -1.19497], [36.8738, -1.19636]]]}}, {"type": "Feature", "properties": {"Name": "KARURA", "exposure": 5.8, "sensitivity": 0.155701, "adaptiveCap": 0.470536, "vulnerability": 0.173493, "impact": 0.066728, "dataStatus": "EXACT_MATCH", "division": "Westlands", "location": "HIGHRIDGE"}, "geometry": {"type": "Polygon", "coordinates": [[[36.79208, -1.19186], [36.83446, -1.21496], [36.83527, -1.21568], [36.83576, -1.21699], [36.83582, -1.21753], [36.83521, -1.22008], [36.83539, -1.22086], [36.83602, -1.22182], [36.83804, -1.22384], [36.84042, -1.22879], [36.84192, -1.2311], [36.83842, -1.2312], [36.83472, -1.22985], [36.83366, -1.23233], [36.83245, -1.23211], [36.83189, -1.23158], [36.83132, -1.2301], [36.83071, -1.22932], [36.82991, -1.22886], [36.82828, -1.2287], [36.82714, -1.229], [36.82575, -1.22824], [36.8251, -1.22824], [36.82124, -1.2246], [36.81818, -1.22308], [36.81746, -1.223], [36.81603, -1.22196], [36.81549, -1.22195], [36.81536, -1.22251], [36.816, -1.22565], [36.81598, -1.22764], [36.81939, -1.22985], [36.81783, -1.23627], [36.81939, -1.23742], [36.81923, -1.23945], [36.81666, -1.23981], [36.81469, -1.24519], [36.81298, -1.24401], [36.81273, -1.24263], [36.81172, -1.24137], [36.81086, -1.2413], [36.80978, -1.24158], [36.80831, -1.2406], [36.80698, -1.24079], [36.80605, -1.23928], [36.80532, -1.23868], [36.80043, -1.23554], [36.79888, -1.23512], [36.79795, -1.23452], [36.79309, -1.24409], [36.79262, -1.24327], [36.79224, -1.24164], [36.79104, -1.24074], [36.78713, -1.23967], [36.78388, -1.23804], [36.77847, -1.23689], [36.7749, -1.23525], [36.77283, -1.23537], [36.77188, -1.23569], [36.76966, -1.23475], [36.76856, -1.23491], [36.7676, -1.2346], [36.76698, -1.23381], [36.76515, -1.23369], [36.76423, -1.23427], [36.76203, -1.23409], [36.76161, -1.23376], [36.76138, -1.23274], [36.76048, -1.23138], [36.75871, -1.23052], [36.757, -1.22757], [36.75583, -1.22625], [36.75483, -1.22612], [36.75418, -1.22658], [36.75337, -1.22644], [36.75756, -1.21917], [36.7708, -1.22661], [36.77254, -1.22359], [36.77914, -1.22702], [36.78551, -1.21589], [36.78452, -1.215], [36.7907, -1.2097], [36.79024, -1.20882], [36.78807, -1.20746], [36.78781, -1.20683], [36.78742, -1.20657], [36.78544, -1.20661], [36.78477, -1.20556], [36.78516, -1.2038], [36.79006, -1.19477], [36.79208, -1.19186]]]}}, {"type": "Feature", "properties": {"Name": "GITHURAI", "exposure": 35.5, "sensitivity": 0.450598, "adaptiveCap": 0.596859, "vulnerability": 0.179338, "impact": 0.179338, "dataStatus": "EXACT_MATCH", "division": "Kasarani", "location": "GITHURAI"}, "geometry": {"type": "Polygon", "coordinates": [[[36.91704, -1.19922], [36.91857, -1.19887], [36.92056, -1.19911], [36.91644, -1.20457], [36.91178, -1.20924], [36.91041, -1.21009], [36.89656, -1.21477], [36.89516, -1.21643], [36.89107, -1.21945], [36.89129, -1.21759], [36.89214, -1.21582], [36.89366, -1.20837], [36.89431, -1.2063], [36.89706, -1.20233], [36.90015, -1.19994], [36.90174, -1.19823], [36.902, -1.19749], [36.90198, -1.19683], [36.90151, -1.19587], [36.89986, -1.19378], [36.90021, -1.19365], [36.90448, -1.19486], [36.90899, -1.19694], [36.9106, -1.19806], [36.91191, -1.1985], [36.91306, -1.19839], [36.91389, -1.19947], [36.91704, -1.19922]]]}}, {"type": "Feature", "properties": {"Name": "ROYSAMBU", "exposure": 8.0, "sensitivity": 0.29903, "adaptiveCap": 0.434076, "vulnerability": 0.221244, "impact": 0.196662, "dataStatus": "EXACT_MATCH", "division": "Kasarani", "location": "ROYSAMBU"}, "geometry": {"type": "Polygon", "coordinates": [[[36.88545, -1.20128], [36.89014, -1.20345], [36.89131, -1.20377], [36.89198, -1.20379], [36.89324, -1.20337], [36.8941, -1.20346], [36.89489, -1.20287], [36.89662, -1.20285], [36.89431, -1.2063], [36.89366, -1.20837], [36.89214, -1.21582], [36.89129, -1.21759], [36.89107, -1.21945], [36.8858, -1.22515], [36.88126, -1.2281], [36.87345, -1.2341], [36.87254, -1.23385], [36.86721, -1.23384], [36.86538, -1.23358], [36.86065, -1.2305], [36.8583, -1.22971], [36.85503, -1.22928], [36.84998, -1.22955], [36.84568, -1.22191], [36.83845, -1.22486], [36.83804, -1.22384], [36.83602, -1.22182], [36.83539, -1.22086], [36.83521, -1.22008], [36.83582, -1.21753], [36.83576, -1.21699], [36.83527, -1.21568], [36.83446, -1.21496], [36.83287, -1.21055], [36.83271, -1.20877], [36.83168, -1.20672], [36.83172, -1.20632], [36.83336, -1.20793], [36.83436, -1.21033], [36.83492, -1.21064], [36.8368, -1.21081], [36.83821, -1.21058], [36.8388, -1.2108], [36.83932, -1.21062], [36.84003, -1.20978], [36.84992, -1.21405], [36.85021, -1.21295], [36.85223, -1.21296], [36.85249, -1.2124], [36.85318, -1.21214], [36.85788, -1.21175], [36.85988, -1.21217], [36.86144, -1.2118], [36.8634, -1.2107], [36.86401, -1.20924], [36.86665, -1.20731], [36.86788, -1.20543], [36.86852, -1.20535], [36.86935, -1.20487], [36.86984, -1.20375], [36.87278, -1.20258], [36.87411, -1.20286], [36.87618, -1.20257], [36.87998, -1.20357], [36.88151, -1.20316], [36.88295, -1.20202], [36.88387, -1.20214], [36.88545, -1.20128]]]}}, {"type": "Feature", "properties": {"Name": "NGUNDU", "exposure": 0.75, "sensitivity": 0.5, "adaptiveCap": 0.5, "vulnerability": 0.25, "impact": 0.0, "dataStatus": "RENAMED", "division": "Embakasi", "location": "RUAI"}, "geometry": {"type": "Polygon", "coordinates": [[[37.0636, -1.2054], [37.08108, -1.23749], [37.08899, -1.23366], [37.09749, -1.24654], [37.08816, -1.24983], [37.10259, -1.26214], [37.10437, -1.26567], [37.10309, -1.26885], [37.1031, -1.27108], [37.10242, -1.27229], [37.10221, -1.27414], [37.10155, -1.27531], [37.10115, -1.27547], [37.10057, -1.27517], [37.09895, -1.27345], [37.09833, -1.27353], [37.09662, -1.27459], [37.0949, -1.27487], [37.08996, -1.27684], [37.08777, -1.27737], [37.08609, -1.27876], [37.08442, -1.28289], [37.0835, -1.28449], [37.0821, -1.28484], [37.0798, -1.2835], [37.07906, -1.28351], [37.07767, -1.28467], [37.07685, -1.28643], [37.07687, -1.29105], [37.0767, -1.29147], [37.0747, -1.29282], [37.07325, -1.29479], [37.07355, -1.29689], [37.07303, -1.29936], [37.07344, -1.30019], [37.07399, -1.30056], [37.07549, -1.30012], [37.07617, -1.30035], [37.07688, -1.30178], [37.07686, -1.30265], [37.07631, -1.30365], [37.02669, -1.29184], [37.03361, -1.27825], [37.03241, -1.2781], [37.0293, -1.26097], [37.02985, -1.26091], [37.03751, -1.25673], [37.03317, -1.24845], [37.03154, -1.24582], [37.03052, -1.24346], [37.02946, -1.24256], [37.02362, -1.23594], [37.02243, -1.23495], [37.02142, -1.2333], [37.01977, -1.22861], [37.01887, -1.22712], [37.02147, -1.22688], [37.02353, -1.22749], [37.02535, -1.22671], [37.02673, -1.22499], [37.02891, -1.22423], [37.02908, -1.22349], [37.02994, -1.2225], [37.03148, -1.22178], [37.03336, -1.21976], [37.03388, -1.21715], [37.03429, -1.21633], [37.03514, -1.21551], [37.0371, -1.21469], [37.03801, -1.21408], [37.03867, -1.21298], [37.03973, -1.2126], [37.04254, -1.21081], [37.044, -1.21047], [37.04513, -1.21063], [37.04561, -1.21036], [37.04655, -1.21062], [37.04767, -1.21054], [37.04897, -1.20892], [37.0511, -1.20859], [37.05306, -1.20734], [37.05423, -1.20696], [37.05542, -1.20737], [37.0577, -1.20938], [37.05831, -1.2094], [37.06247, -1.20604], [37.0636, -1.2054]]]}}, {"type": "Feature", "properties": {"Name": "KASARANI", "exposure": 24.75, "sensitivity": 0.333976, "adaptiveCap": 0.468023, "vulnerability": 0.215417, "impact": 0.161563, "dataStatus": "EXACT_MATCH", "division": "Kasarani", "location": "KASARANI"}, "geometry": {"type": "Polygon", "coordinates": [[[36.93278, -1.2227], [36.93214, -1.22355], [36.93195, -1.22448], [36.93155, -1.22429], [36.93122, -1.22442], [36.93114, -1.22539], [36.93063, -1.22594], [36.93079, -1.22635], [36.93004, -1.22703], [36.93036, -1.22758], [36.93032, -1.22801], [36.92928, -1.22884], [36.92826, -1.2311], [36.92728, -1.23152], [36.92527, -1.23373], [36.92387, -1.23392], [36.92296, -1.23437], [36.92119, -1.2347], [36.92039, -1.23406], [36.91881, -1.23352], [36.91839, -1.23304], [36.91735, -1.23325], [36.91574, -1.23292], [36.9141, -1.23103], [36.91339, -1.22873], [36.91184, -1.22793], [36.91112, -1.22713], [36.90965, -1.22683], [36.9083, -1.22601], [36.90869, -1.23565], [36.90824, -1.23547], [36.90792, -1.23481], [36.90692, -1.23459], [36.90621, -1.23376], [36.90562, -1.23378], [36.90273, -1.23519], [36.90189, -1.23494], [36.90085, -1.23513], [36.90021, -1.2358], [36.89894, -1.23547], [36.89825, -1.23468], [36.89787, -1.23475], [36.89765, -1.23515], [36.8979, -1.23588], [36.89721, -1.23567], [36.89731, -1.23642], [36.89679, -1.23643], [36.89595, -1.23709], [36.89525, -1.23725], [36.89455, -1.23801], [36.8928, -1.23811], [36.89161, -1.23862], [36.89124, -1.23817], [36.88985, -1.23819], [36.88637, -1.23713], [36.88281, -1.23835], [36.88225, -1.23921], [36.88135, -1.23987], [36.88061, -1.2394], [36.87972, -1.23974], [36.87882, -1.23929], [36.87781, -1.23979], [36.87707, -1.23905], [36.87679, -1.23908], [36.8762, -1.23989], [36.87592, -1.24077], [36.87545, -1.24094], [36.87382, -1.23997], [36.87398, -1.23964], [36.87379, -1.23945], [36.87351, -1.23958], [36.8724, -1.239], [36.87182, -1.23903], [36.87151, -1.23872], [36.87039, -1.23873], [36.86994, -1.23849], [36.87089, -1.2362], [36.87158, -1.23544], [36.88126, -1.2281], [36.8858, -1.22515], [36.89107, -1.21945], [36.89516, -1.21643], [36.89656, -1.21477], [36.91041, -1.21009], [36.91178, -1.20924], [36.91313, -1.20786], [36.9142, -1.20921], [36.91487, -1.2115], [36.91585, -1.21245], [36.91606, -1.213], [36.91651, -1.21338], [36.91791, -1.21375], [36.92085, -1.21594], [36.92122, -1.21713], [36.92173, -1.21753], [36.9237, -1.21847], [36.92568, -1.21845], [36.92766, -1.21968], [36.92864, -1.22073], [36.93016, -1.22118], [36.93173, -1.22255], [36.93278, -1.2227]]]}}, {"type": "Feature", "properties": {"Name": "MWIKI", "exposure": 3.75, "sensitivity": 0.339851, "adaptiveCap": 0.490639, "vulnerability": 0.16114, "impact": 0.16114, "dataStatus": "EXACT_MATCH", "division": "Kasarani", "location": "KASARANI"}, "geometry": {"type": "Polygon", "coordinates": [[[36.93439, -1.2219], [36.93934, -1.22241], [36.94276, -1.2245], [36.94989, -1.2275], [36.95113, -1.22756], [36.95374, -1.22717], [36.95707, -1.22959], [36.95769, -1.22976], [36.9588, -1.22926], [36.96006, -1.22828], [36.96166, -1.22789], [36.96295, -1.22826], [36.96501, -1.22948], [36.96993, -1.22965], [36.97145, -1.22825], [36.97299, -1.22791], [36.97521, -1.22649], [36.97684, -1.22613], [36.97812, -1.22506], [36.97946, -1.22513], [36.98203, -1.22445], [36.98261, -1.22475], [36.98325, -1.22413], [36.985, -1.22365], [36.98591, -1.22426], [36.9869, -1.22371], [36.98865, -1.22469], [36.99068, -1.22495], [36.99179, -1.22535], [36.99577, -1.23283], [37.00139, -1.23518], [37.00179, -1.23567], [37.00266, -1.23612], [37.00482, -1.23675], [37.00682, -1.23674], [37.00685, -1.23714], [37.00609, -1.23833], [37.00562, -1.23844], [37.00439, -1.23805], [37.00205, -1.23973], [36.99952, -1.23985], [36.99879, -1.24055], [36.99855, -1.24202], [36.9981, -1.24262], [36.99643, -1.24235], [36.99591, -1.24254], [36.99476, -1.24339], [36.99381, -1.24466], [36.99289, -1.24497], [36.98809, -1.24502], [36.98636, -1.2445], [36.98486, -1.24342], [36.983, -1.24252], [36.98143, -1.24268], [36.98073, -1.24338], [36.97965, -1.24355], [36.97802, -1.24421], [36.97697, -1.24491], [36.9757, -1.24509], [36.975, -1.24674], [36.97417, -1.24767], [36.9741, -1.2486], [36.97355, -1.2492], [36.97097, -1.25051], [36.96897, -1.24901], [36.96886, -1.24861], [36.9696, -1.2474], [36.96946, -1.24703], [36.96585, -1.2472], [36.96406, -1.24629], [36.96366, -1.24646], [36.96305, -1.24632], [36.96173, -1.24549], [36.96042, -1.24559], [36.9581, -1.2448], [36.95795, -1.24512], [36.95754, -1.24525], [36.95568, -1.24463], [36.95462, -1.24472], [36.95398, -1.24438], [36.95375, -1.2437], [36.95344, -1.24348], [36.95203, -1.24335], [36.95175, -1.24296], [36.95118, -1.24284], [36.94763, -1.24325], [36.94517, -1.24418], [36.94409, -1.2441], [36.94376, -1.24447], [36.94053, -1.24306], [36.93921, -1.24186], [36.93819, -1.24138], [36.93714, -1.24119], [36.93633, -1.24137], [36.93584, -1.24203], [36.93521, -1.24216], [36.93373, -1.24097], [36.93267, -1.24077], [36.9321, -1.24113], [36.93068, -1.24023], [36.929, -1.24054], [36.92627, -1.24205], [36.92517, -1.24178], [36.92343, -1.24033], [36.92248, -1.24051], [36.92079, -1.24142], [36.91973, -1.24123], [36.91822, -1.24056], [36.91772, -1.2399], [36.91627, -1.23988], [36.91486, -1.23827], [36.91416, -1.23844], [36.91364, -1.23786], [36.91212, -1.23794], [36.91171, -1.23692], [36.91099, -1.23612], [36.90869, -1.23565], [36.9083, -1.22601], [36.90965, -1.22683], [36.91112, -1.22713], [36.91184, -1.22793], [36.91339, -1.22873], [36.9141, -1.23103], [36.91574, -1.23292], [36.91735, -1.23325], [36.91839, -1.23304], [36.91881, -1.23352], [36.9215, -1.23468], [36.92433, -1.2338], [36.92527, -1.23373], [36.92728, -1.23152], [36.92826, -1.2311], [36.92928, -1.22884], [36.93032, -1.22801], [36.93036, -1.22758], [36.93004, -1.22703], [36.93079, -1.22635], [36.93063, -1.22594], [36.93114, -1.22539], [36.93122, -1.22442], [36.93155, -1.22429], [36.93195, -1.22448], [36.93214, -1.22355], [36.93257, -1.22292], [36.93439, -1.2219]]]}}, {"type": "Feature", "properties": {"Name": "GARDEN", "exposure": 6.15, "sensitivity": 0.5, "adaptiveCap": 0.5, "vulnerability": 0.25, "impact": 0.175, "dataStatus": "RENAMED", "division": "Kasarani", "location": "ROYSAMBU"}, "geometry": {"type": "Polygon", "coordinates": [[[36.87345, -1.2341], [36.87089, -1.2362], [36.86778, -1.2432], [36.86724, -1.24516], [36.86561, -1.24579], [36.85931, -1.25273], [36.8568, -1.25515], [36.8525, -1.25806], [36.84725, -1.25836], [36.84235, -1.26072], [36.84388, -1.25517], [36.8439, -1.25354], [36.84592, -1.25134], [36.84698, -1.24858], [36.84662, -1.2476], [36.84527, -1.246], [36.84435, -1.24359], [36.84331, -1.23319], [36.84298, -1.23227], [36.84127, -1.23026], [36.83845, -1.22486], [36.84568, -1.22191], [36.84998, -1.22955], [36.85503, -1.22928], [36.8583, -1.22971], [36.86065, -1.2305], [36.86538, -1.23358], [36.86721, -1.23384], [36.87254, -1.23385], [36.87345, -1.2341]]]}}, {"type": "Feature", "properties": {"Name": "MUTHAIGA", "exposure": 5.1, "sensitivity": 0.104844, "adaptiveCap": 0.31684, "vulnerability": 0.149518, "impact": 0.074759, "dataStatus": "EXACT_MATCH", "division": "Westlands", "location": "HIGHRIDGE"}, "geometry": {"type": "Polygon", "coordinates": [[[36.84192, -1.2311], [36.84298, -1.23227], [36.84331, -1.23319], [36.84435, -1.24359], [36.84527, -1.246], [36.84662, -1.2476], [36.84698, -1.24858], [36.84592, -1.25134], [36.8439, -1.25354], [36.84388, -1.25517], [36.8423, -1.2609], [36.84044, -1.26315], [36.83821, -1.2636], [36.8361, -1.26512], [36.83428, -1.26687], [36.82522, -1.26892], [36.8217, -1.26908], [36.82059, -1.26893], [36.82385, -1.2657], [36.82552, -1.26239], [36.8271, -1.25847], [36.82589, -1.2561], [36.82522, -1.25535], [36.82239, -1.25419], [36.82078, -1.25292], [36.81995, -1.253], [36.81953, -1.2528], [36.81798, -1.25317], [36.8159, -1.25272], [36.81477, -1.25303], [36.81358, -1.25299], [36.81103, -1.2539], [36.80954, -1.25341], [36.80853, -1.2536], [36.80715, -1.25296], [36.8065, -1.25288], [36.80607, -1.25316], [36.80535, -1.25301], [36.80526, -1.25191], [36.80654, -1.24956], [36.80291, -1.24877], [36.80225, -1.24788], [36.80129, -1.24734], [36.80035, -1.24762], [36.79983, -1.24757], [36.79914, -1.24712], [36.79781, -1.24729], [36.79698, -1.24643], [36.79436, -1.24517], [36.79309, -1.24409], [36.79795, -1.23452], [36.79888, -1.23512], [36.80043, -1.23554], [36.80532, -1.23868], [36.80605, -1.23928], [36.80698, -1.24079], [36.80831, -1.2406], [36.80978, -1.24158], [36.81086, -1.2413], [36.81172, -1.24137], [36.81273, -1.24263], [36.81298, -1.24401], [36.81469, -1.24519], [36.81666, -1.23981], [36.81923, -1.23945], [36.81939, -1.23742], [36.81783, -1.23627], [36.81939, -1.22985], [36.81598, -1.22764], [36.816, -1.22565], [36.81536, -1.22251], [36.81549, -1.22195], [36.81603, -1.22196], [36.81746, -1.223], [36.81818, -1.22308], [36.82124, -1.2246], [36.8251, -1.22824], [36.82575, -1.22824], [36.82714, -1.229], [36.82828, -1.2287], [36.82991, -1.22886], [36.83071, -1.22932], [36.83132, -1.2301], [36.83189, -1.23158], [36.83245, -1.23211], [36.83366, -1.23233], [36.83472, -1.22985], [36.83842, -1.2312], [36.84192, -1.2311]]]}}, {"type": "Feature", "properties": {"Name": "KITISURU", "exposure": 1.0, "sensitivity": 0.150007, "adaptiveCap": 0.435741, "vulnerability": 0.192343, "impact": 0.0, "dataStatus": "EXACT_MATCH", "division": "Westlands", "location": "KITISURU"}, "geometry": {"type": "Polygon", "coordinates": [[[36.75583, -1.22625], [36.757, -1.22757], [36.75871, -1.23052], [36.76048, -1.23138], [36.76138, -1.23274], [36.76161, -1.23376], [36.76203, -1.23409], [36.76423, -1.23427], [36.76515, -1.23369], [36.76698, -1.23381], [36.7676, -1.2346], [36.76856, -1.23491], [36.76966, -1.23475], [36.77188, -1.23569], [36.77283, -1.23537], [36.7749, -1.23525], [36.77847, -1.23689], [36.78388, -1.23804], [36.78713, -1.23967], [36.79104, -1.24074], [36.79224, -1.24164], [36.79262, -1.24327], [36.79309, -1.24409], [36.79436, -1.24517], [36.79698, -1.24643], [36.79781, -1.24729], [36.79914, -1.24712], [36.79983, -1.24757], [36.80035, -1.24762], [36.80129, -1.24734], [36.80225, -1.24788], [36.80255, -1.24835], [36.80156, -1.25023], [36.79695, -1.24978], [36.79549, -1.25012], [36.79481, -1.2497], [36.79437, -1.24958], [36.79381, -1.24982], [36.79303, -1.24937], [36.79204, -1.24972], [36.79122, -1.24886], [36.79061, -1.24866], [36.79023, -1.24862], [36.78984, -1.24904], [36.78915, -1.24908], [36.78845, -1.24835], [36.78778, -1.24819], [36.78639, -1.24848], [36.78556, -1.24891], [36.7841, -1.24843], [36.78335, -1.2485], [36.78221, -1.24798], [36.77951, -1.24752], [36.77566, -1.24774], [36.77363, -1.24695], [36.7702, -1.24712], [36.76819, -1.2467], [36.76684, -1.24676], [36.76372, -1.24628], [36.76338, -1.24651], [36.76273, -1.24644], [36.76162, -1.24601], [36.7601, -1.24479], [36.75768, -1.24334], [36.75524, -1.24249], [36.75303, -1.24321], [36.75082, -1.24357], [36.74975, -1.24394], [36.74912, -1.24461], [36.74847, -1.24461], [36.74693, -1.24382], [36.74518, -1.24233], [36.74406, -1.24188], [36.74191, -1.24169], [36.73976, -1.24203], [36.73842, -1.24293], [36.73722, -1.24402], [36.73637, -1.24641], [36.73591, -1.24705], [36.73488, -1.24762], [36.73379, -1.24768], [36.732, -1.2469], [36.73042, -1.24684], [36.72846, -1.24616], [36.72961, -1.23462], [36.73091, -1.23462], [36.73166, -1.23545], [36.73218, -1.23566], [36.73392, -1.23542], [36.73659, -1.23642], [36.73891, -1.23643], [36.74139, -1.23714], [36.74309, -1.23674], [36.74529, -1.23745], [36.74656, -1.23717], [36.74754, -1.23729], [36.75337, -1.22644], [36.75418, -1.22658], [36.75483, -1.22612], [36.75583, -1.22625]]]}}, {"type": "Feature", "properties": {"Name": "RUAI", "exposure": 3.5, "sensitivity": 0.397673, "adaptiveCap": 0.48706, "vulnerability": 0.206773, "impact": 0.206773, "dataStatus": "EXACT_MATCH", "division": "Embakasi", "location": "RUAI"}, "geometry": {"type": "Polygon", "coordinates": [[[37.01977, -1.22861], [37.02142, -1.2333], [37.02243, -1.23495], [37.02362, -1.23594], [37.02946, -1.24256], [37.03052, -1.24346], [37.03154, -1.24582], [37.03317, -1.24845], [37.03751, -1.25673], [37.02985, -1.26091], [37.0293, -1.26097], [37.03241, -1.2781], [37.03361, -1.27825], [37.02669, -1.29184], [37.02722, -1.29074], [37.00302, -1.30068], [37.00081, -1.29564], [36.99529, -1.28133], [36.99066, -1.28302], [36.98029, -1.26875], [36.96804, -1.26098], [36.94162, -1.26021], [36.94312, -1.25843], [36.94514, -1.25704], [36.94565, -1.25617], [36.94597, -1.25323], [36.94561, -1.2517], [36.94578, -1.24898], [36.94603, -1.2486], [36.94707, -1.24805], [36.9479, -1.24704], [36.94931, -1.24747], [36.95093, -1.24715], [36.95085, -1.24677], [36.94977, -1.24581], [36.95016, -1.24547], [36.95092, -1.24595], [36.95158, -1.24518], [36.95232, -1.2453], [36.95398, -1.24438], [36.95462, -1.24472], [36.95568, -1.24463], [36.95705, -1.2452], [36.95795, -1.24512], [36.9581, -1.2448], [36.96042, -1.24559], [36.96173, -1.24549], [36.96305, -1.24632], [36.96366, -1.24646], [36.96406, -1.24629], [36.96585, -1.2472], [36.96946, -1.24703], [36.9696, -1.2474], [36.96886, -1.24861], [36.96897, -1.24901], [36.97047, -1.25032], [36.97098, -1.25051], [36.97355, -1.2492], [36.9741, -1.2486], [36.97417, -1.24767], [36.975, -1.24674], [36.9757, -1.24509], [36.97697, -1.24491], [36.97802, -1.24421], [36.97965, -1.24355], [36.98073, -1.24338], [36.98143, -1.24268], [36.983, -1.24252], [36.98486, -1.24342], [36.98636, -1.2445], [36.98809, -1.24502], [36.99289, -1.24497], [36.99381, -1.24466], [36.99476, -1.24339], [36.99591, -1.24254], [36.99643, -1.24235], [36.9981, -1.24262], [36.99855, -1.24202], [36.99879, -1.24055], [36.99952, -1.23985], [37.00205, -1.23973], [37.00439, -1.23805], [37.00562, -1.23844], [37.00609, -1.23833], [37.00661, -1.23773], [37.00682, -1.23674], [37.00772, -1.23647], [37.00942, -1.23617], [37.0117, -1.23658], [37.01208, -1.23613], [37.01345, -1.23536], [37.01333, -1.23353], [37.0136, -1.23179], [37.01395, -1.23093], [37.01504, -1.22961], [37.01608, -1.22922], [37.01711, -1.22922], [37.01763, -1.22838], [37.01771, -1.22734], [37.01813, -1.2272], [37.01887, -1.22712], [37.01977, -1.22861]]]}}, {"type": "Feature", "properties": {"Name": "BABA NDOGO", "exposure": 5.25, "sensitivity": 0.5, "adaptiveCap": 0.5, "vulnerability": 0.25, "impact": 0.25, "dataStatus": "RENAMED", "division": "Kasarani", "location": "KARIOBANGI"}, "geometry": {"type": "Polygon", "coordinates": [[[36.90692, -1.23459], [36.90792, -1.23481], [36.90824, -1.23547], [36.90869, -1.23565], [36.91099, -1.23612], [36.91171, -1.23692], [36.91212, -1.23794], [36.9102, -1.23879], [36.90826, -1.23821], [36.90544, -1.23943], [36.90387, -1.23902], [36.90352, -1.23958], [36.90239, -1.24016], [36.90225, -1.24049], [36.90255, -1.24184], [36.90225, -1.2424], [36.90114, -1.242], [36.89896, -1.24295], [36.89757, -1.24276], [36.89608, -1.24341], [36.89503, -1.24293], [36.89403, -1.243], [36.89351, -1.24394], [36.8922, -1.2444], [36.89145, -1.24425], [36.89112, -1.24449], [36.89092, -1.24544], [36.89042, -1.24627], [36.88881, -1.24681], [36.88878, -1.24772], [36.88824, -1.2477], [36.88838, -1.24881], [36.88738, -1.24928], [36.88624, -1.24938], [36.88529, -1.24893], [36.8845, -1.24945], [36.88358, -1.24946], [36.88154, -1.24885], [36.88088, -1.24966], [36.88059, -1.24972], [36.8795, -1.24901], [36.87904, -1.24896], [36.87803, -1.24942], [36.87711, -1.24805], [36.87601, -1.24711], [36.87383, -1.24681], [36.87142, -1.2472], [36.86867, -1.2462], [36.86724, -1.24516], [36.86778, -1.2432], [36.86994, -1.23849], [36.87039, -1.23873], [36.87151, -1.23872], [36.87182, -1.23903], [36.8724, -1.239], [36.87351, -1.23958], [36.87379, -1.23945], [36.87398, -1.23964], [36.87382, -1.23997], [36.87545, -1.24094], [36.87592, -1.24077], [36.8762, -1.23989], [36.87679, -1.23908], [36.87707, -1.23905], [36.87781, -1.23979], [36.87882, -1.23929], [36.87972, -1.23974], [36.88061, -1.2394], [36.88135, -1.23987], [36.88225, -1.23921], [36.88281, -1.23835], [36.88637, -1.23713], [36.88985, -1.23819], [36.89124, -1.23817], [36.89161, -1.23862], [36.8928, -1.23811], [36.89455, -1.23801], [36.89525, -1.23725], [36.89595, -1.23709], [36.89679, -1.23643], [36.89731, -1.23642], [36.89721, -1.23567], [36.8979, -1.23588], [36.89765, -1.23515], [36.89787, -1.23475], [36.89825, -1.23468], [36.89894, -1.23547], [36.90021, -1.2358], [36.90085, -1.23513], [36.90189, -1.23494], [36.90273, -1.23519], [36.90562, -1.23378], [36.90621, -1.23376], [36.90692, -1.23459]]]}}, {"type": "Feature", "properties": {"Name": "DANDORA 'B'", "exposure": 10.25, "sensitivity": 0.5, "adaptiveCap": 0.5, "vulnerability": 0.25, "impact": 0.0, "dataStatus": "COMBINED", "division": "Embakasi", "location": "DANDORA"}, "geometry": {"type": "Polygon", "coordinates": [[[36.91385, -1.23801], [36.91416, -1.23844], [36.91445, -1.23822], [36.91516, -1.23849], [36.91627, -1.23988], [36.91772, -1.2399], [36.91822, -1.24056], [36.91902, -1.24107], [36.92079, -1.24142], [36.92071, -1.24162], [36.91981, -1.24217], [36.91872, -1.24218], [36.91839, -1.24241], [36.91652, -1.24443], [36.91513, -1.24649], [36.91042, -1.24757], [36.90511, -1.25277], [36.90283, -1.25077], [36.90035, -1.24226], [36.90146, -1.24197], [36.90191, -1.24238], [36.90251, -1.24222], [36.90225, -1.24049], [36.90239, -1.24016], [36.90352, -1.23958], [36.90387, -1.23902], [36.90544, -1.23943], [36.90826, -1.23821], [36.9102, -1.23879], [36.91228, -1.23787], [36.91385, -1.23801]]]}}, {"type": "Feature", "properties": {"Name": "MAILI SABA", "exposure": 2.25, "sensitivity": 0.5, "adaptiveCap": 0.5, "vulnerability": 0.25, "impact": 0.0, "dataStatus": "NO_DATA", "division": "Embakasi", "location": "NJIRU"}, "geometry": {"type": "Polygon", "coordinates": [[[36.93192, -1.24154], [36.93065, -1.24241], [36.93051, -1.24289], [36.93096, -1.24366], [36.93068, -1.24427], [36.92925, -1.24514], [36.92817, -1.24642], [36.92938, -1.24845], [36.92912, -1.24963], [36.9297, -1.25133], [36.92936, -1.2528], [36.93017, -1.25483], [36.92584, -1.25643], [36.91434, -1.25902], [36.91148, -1.25772], [36.90924, -1.25716], [36.90551, -1.25687], [36.9027, -1.25776], [36.90153, -1.25725], [36.90388, -1.25412], [36.90658, -1.25115], [36.91042, -1.24757], [36.91513, -1.24649], [36.91652, -1.24443], [36.91872, -1.24218], [36.91981, -1.24217], [36.92248, -1.24051], [36.92343, -1.24033], [36.92517, -1.24178], [36.92627, -1.24205], [36.929, -1.24054], [36.93068, -1.24023], [36.9321, -1.24113], [36.93192, -1.24154]]]}}, {"type": "Feature", "properties": {"Name": "NJIRU", "exposure": 12.0, "sensitivity": 0.224493, "adaptiveCap": 0.395627, "vulnerability": 0.131804, "impact": 0.131804, "dataStatus": "EXACT_MATCH", "division": "Embakasi", "location": "NJIRU"}, "geometry": {"type": "Polygon", "coordinates": [[[36.95398, -1.24438], [36.95232, -1.2453], [36.95158, -1.24518], [36.95092, -1.24595], [36.95016, -1.24547], [36.94977, -1.24581], [36.95085, -1.24677], [36.95093, -1.24715], [36.94931, -1.24747], [36.9479, -1.24704], [36.94707, -1.24805], [36.94603, -1.2486], [36.94578, -1.24898], [36.94561, -1.2517], [36.94597, -1.25323], [36.94565, -1.25617], [36.94514, -1.25704], [36.94312, -1.25843], [36.94181, -1.2599], [36.94162, -1.26021], [36.9423, -1.26144], [36.94197, -1.2618], [36.94013, -1.26254], [36.93994, -1.26292], [36.94031, -1.26363], [36.94027, -1.26451], [36.93776, -1.26607], [36.93587, -1.26592], [36.93525, -1.26655], [36.93391, -1.26599], [36.93333, -1.26695], [36.93289, -1.26705], [36.9322, -1.26657], [36.93061, -1.26622], [36.92995, -1.26629], [36.92912, -1.26717], [36.92833, -1.26681], [36.9271, -1.26683], [36.92551, -1.26752], [36.92486, -1.26826], [36.92538, -1.26924], [36.91673, -1.26389], [36.91576, -1.2623], [36.91112, -1.25976], [36.92584, -1.25643], [36.93017, -1.25483], [36.92936, -1.2528], [36.9297, -1.25133], [36.92912, -1.24963], [36.92938, -1.24845], [36.92817, -1.24642], [36.92925, -1.24514], [36.93068, -1.24427], [36.93096, -1.24366], [36.93051, -1.24289], [36.93065, -1.24241], [36.93267, -1.24077], [36.93373, -1.24097], [36.93521, -1.24216], [36.93584, -1.24203], [36.93633, -1.24137], [36.93714, -1.24119], [36.93819, -1.24138], [36.93921, -1.24186], [36.94053, -1.24306], [36.94376, -1.24447], [36.94409, -1.2441], [36.94517, -1.24418], [36.94763, -1.24325], [36.95118, -1.24284], [36.95175, -1.24296], [36.95203, -1.24335], [36.95344, -1.24348], [36.95375, -1.2437], [36.95398, -1.24438]]]}}, {"type": "Feature", "properties": {"Name": "LORESHO", "exposure": 1.7, "sensitivity": 0.116761, "adaptiveCap": 0.494883, "vulnerability": 0.14031, "impact": 0.0, "dataStatus": "EXACT_MATCH", "division": "Westlands", "location": "KITISURU"}, "geometry": {"type": "Polygon", "coordinates": [[[36.77856, -1.24748], [36.77745, -1.24817], [36.7763, -1.24839], [36.77403, -1.24778], [36.77188, -1.24772], [36.76916, -1.24859], [36.76669, -1.2497], [36.76625, -1.25101], [36.76631, -1.25268], [36.76623, -1.2535], [36.76595, -1.25367], [36.766, -1.25509], [36.76559, -1.25524], [36.76423, -1.2549], [36.76284, -1.25498], [36.7605, -1.25659], [36.75691, -1.25847], [36.75431, -1.26404], [36.74667, -1.26458], [36.73817, -1.26458], [36.73026, -1.26406], [36.72724, -1.2634], [36.723, -1.26382], [36.72107, -1.26501], [36.72016, -1.2646], [36.71899, -1.26354], [36.72441, -1.2542], [36.72514, -1.25209], [36.72635, -1.2509], [36.72636, -1.24994], [36.72596, -1.24908], [36.72582, -1.24798], [36.72643, -1.24664], [36.72743, -1.24611], [36.72846, -1.24616], [36.73042, -1.24684], [36.732, -1.2469], [36.73379, -1.24768], [36.73488, -1.24762], [36.73591, -1.24705], [36.73637, -1.24641], [36.73722, -1.24402], [36.73976, -1.24203], [36.74191, -1.24169], [36.74406, -1.24188], [36.74518, -1.24233], [36.74693, -1.24382], [36.74847, -1.24461], [36.74912, -1.24461], [36.74975, -1.24394], [36.75082, -1.24357], [36.75303, -1.24321], [36.75524, -1.24249], [36.75768, -1.24334], [36.7601, -1.24479], [36.76162, -1.24601], [36.76273, -1.24644], [36.76338, -1.24651], [36.76372, -1.24628], [36.76684, -1.24676], [36.76819, -1.2467], [36.7702, -1.24712], [36.77363, -1.24695], [36.77566, -1.24774], [36.77856, -1.24748]]]}}, {"type": "Feature", "properties": {"Name": "DANDORA 'A'", "exposure": 7.25, "sensitivity": 0.5, "adaptiveCap": 0.5, "vulnerability": 0.25, "impact": 0.0, "dataStatus": "COMBINED", "division": "Embakasi", "location": "DANDORA"}, "geometry": {"type": "Polygon", "coordinates": [[[36.90035, -1.24227], [36.90283, -1.25077], [36.90511, -1.25277], [36.90153, -1.25725], [36.8998, -1.25683], [36.89778, -1.2569], [36.8929, -1.25857], [36.89091, -1.26006], [36.88919, -1.26078], [36.88506, -1.26171], [36.88275, -1.26197], [36.88416, -1.26039], [36.88519, -1.26018], [36.88572, -1.25981], [36.88565, -1.25862], [36.88688, -1.25764], [36.88729, -1.25628], [36.88823, -1.2558], [36.88874, -1.25487], [36.89021, -1.25431], [36.8914, -1.25266], [36.89259, -1.25322], [36.89335, -1.25278], [36.8935, -1.25172], [36.89294, -1.25019], [36.89442, -1.24821], [36.8954, -1.24788], [36.89555, -1.24698], [36.89529, -1.24617], [36.896, -1.24619], [36.89651, -1.2456], [36.89615, -1.24456], [36.89636, -1.24392], [36.89937, -1.24321], [36.90035, -1.24227]]]}}, {"type": "Feature", "properties": {"Name": "GITATHURU", "exposure": 0.0, "sensitivity": 0.135665, "adaptiveCap": 0.235925, "vulnerability": 0.090113, "impact": 0.0, "dataStatus": "EXACT_MATCH", "division": "Kasarani", "location": "KOROGOCHO"}, "geometry": {"type": "Polygon", "coordinates": [[[36.89984, -1.24287], [36.89802, -1.24368], [36.89636, -1.24392], [36.89615, -1.24456], [36.89651, -1.2456], [36.896, -1.24619], [36.89529, -1.24617], [36.89555, -1.24698], [36.89379, -1.24714], [36.8914, -1.24665], [36.8901, -1.24766], [36.88781, -1.25069], [36.8865, -1.25134], [36.88738, -1.24928], [36.88838, -1.24881], [36.88824, -1.2477], [36.88878, -1.24772], [36.88881, -1.24681], [36.89042, -1.24627], [36.89092, -1.24544], [36.89112, -1.24449], [36.89145, -1.24425], [36.8922, -1.2444], [36.89351, -1.24394], [36.89403, -1.243], [36.89503, -1.24293], [36.89608, -1.24341], [36.89757, -1.24276], [36.89896, -1.24295], [36.90008, -1.24239], [36.89984, -1.24287]]]}}, {"type": "Feature", "properties": {"Name": "UTALII", "exposure": 10.75, "sensitivity": 0.127581, "adaptiveCap": 0.503058, "vulnerability": 0.117535, "impact": 0.117535, "dataStatus": "EXACT_MATCH", "division": "Kasarani", "location": "RUARAKA"}, "geometry": {"type": "Polygon", "coordinates": [[[36.87106, -1.24706], [36.87144, -1.24893], [36.87267, -1.25045], [36.8708, -1.25113], [36.86949, -1.25118], [36.86625, -1.25243], [36.86586, -1.25278], [36.86643, -1.2554], [36.86449, -1.25654], [36.86415, -1.25662], [36.8639, -1.25606], [36.86139, -1.25769], [36.86105, -1.25802], [36.86077, -1.25908], [36.86019, -1.26007], [36.85697, -1.26109], [36.85413, -1.25963], [36.85373, -1.26008], [36.85254, -1.25933], [36.85172, -1.25918], [36.85074, -1.25821], [36.8525, -1.25806], [36.8568, -1.25515], [36.85931, -1.25273], [36.86561, -1.24579], [36.86724, -1.24516], [36.86867, -1.2462], [36.87106, -1.24706]]]}}, {"type": "Feature", "properties": {"Name": "NYAYO", "exposure": 3.0, "sensitivity": 0.223861, "adaptiveCap": 0.321991, "vulnerability": 0.118934, "impact": 0.0, "dataStatus": "EXACT_MATCH", "division": "Kasarani", "location": "KOROGOCHO"}, "geometry": {"type": "Polygon", "coordinates": [[[36.8914, -1.24665], [36.89379, -1.24714], [36.89555, -1.24698], [36.8954, -1.24788], [36.89442, -1.24821], [36.89294, -1.25019], [36.8935, -1.25172], [36.89335, -1.25278], [36.89259, -1.25322], [36.8914, -1.25266], [36.89021, -1.25431], [36.88874, -1.25487], [36.88823, -1.2558], [36.88729, -1.25628], [36.88688, -1.25764], [36.88565, -1.25862], [36.88572, -1.25981], [36.88519, -1.26018], [36.88494, -1.25966], [36.88499, -1.25731], [36.886, -1.25623], [36.8858, -1.25577], [36.88706, -1.25411], [36.88596, -1.25248], [36.8865, -1.25134], [36.88781, -1.25069], [36.88967, -1.24815], [36.89071, -1.24715], [36.8914, -1.24665]]]}}, {"type": "Feature", "properties": {"Name": "MATHARE NORTH", "exposure": 7.5, "sensitivity": 0.292505, "adaptiveCap": 0.505638, "vulnerability": 0.167176, "impact": 0.0, "dataStatus": "EXACT_MATCH", "division": "Kasarani", "location": "RUARAKA"}, "geometry": {"type": "Polygon", "coordinates": [[[36.87601, -1.24711], [36.87711, -1.24805], [36.87803, -1.24942], [36.87762, -1.24961], [36.87709, -1.25048], [36.87705, -1.25192], [36.87645, -1.25225], [36.87392, -1.25273], [36.87241, -1.25405], [36.87052, -1.25473], [36.86928, -1.25619], [36.86835, -1.25672], [36.86702, -1.2569], [36.86643, -1.2554], [36.86586, -1.25278], [36.86742, -1.25185], [36.86949, -1.25118], [36.8708, -1.25113], [36.87267, -1.25045], [36.87144, -1.24893], [36.87106, -1.24706], [36.87142, -1.2472], [36.87383, -1.24681], [36.87601, -1.24711]]]}}, {"type": "Feature", "properties": {"Name": "KYUNA", "exposure": 0.3, "sensitivity": 0.06625, "adaptiveCap": 0.402197, "vulnerability": 0.101185, "impact": 0.0, "dataStatus": "EXACT_MATCH", "division": "Westlands", "location": "KITISURU"}, "geometry": {"type": "Polygon", "coordinates": [[[36.77085, -1.26029], [36.768, -1.26094], [36.76523, -1.26281], [36.76093, -1.2636], [36.75431, -1.26404], [36.75691, -1.25847], [36.7605, -1.25659], [36.76284, -1.25498], [36.76423, -1.2549], [36.76559, -1.25524], [36.766, -1.25509], [36.76595, -1.25367], [36.76623, -1.2535], [36.76631, -1.25268], [36.76625, -1.25101], [36.76669, -1.2497], [36.77063, -1.24803], [36.77188, -1.24772], [36.77335, -1.24769], [36.7763, -1.24839], [36.77745, -1.24817], [36.77856, -1.24748], [36.78059, -1.24806], [36.78463, -1.24993], [36.78523, -1.25089], [36.78867, -1.25156], [36.78818, -1.25242], [36.78532, -1.25233], [36.78482, -1.25303], [36.78369, -1.25354], [36.78324, -1.25406], [36.78378, -1.25563], [36.78092, -1.25534], [36.77247, -1.25329], [36.77098, -1.25344], [36.77048, -1.25425], [36.76808, -1.25476], [36.76857, -1.25616], [36.77002, -1.25608], [36.77085, -1.26029]]]}}, {"type": "Feature", "properties": {"Name": "SPRING VALLEY", "exposure": 0.8, "sensitivity": 0.3091, "adaptiveCap": 0.515971, "vulnerability": 0.198456, "impact": 0.0, "dataStatus": "EXACT_MATCH", "division": "Westlands", "location": "PARKLANDS"}, "geometry": {"type": "Polygon", "coordinates": [[[36.80156, -1.25023], [36.80106, -1.25093], [36.80254, -1.25251], [36.80207, -1.25486], [36.80197, -1.25922], [36.80137, -1.25876], [36.80098, -1.25721], [36.80052, -1.25678], [36.7976, -1.25577], [36.79238, -1.25617], [36.7885, -1.2572], [36.78641, -1.25657], [36.78586, -1.25779], [36.78767, -1.2586], [36.78766, -1.25976], [36.7805, -1.25878], [36.77085, -1.26029], [36.77002, -1.25608], [36.76857, -1.25616], [36.76808, -1.25476], [36.77048, -1.25425], [36.77098, -1.25344], [36.77247, -1.25329], [36.78092, -1.25534], [36.78378, -1.25563], [36.78324, -1.25406], [36.78369, -1.25354], [36.78482, -1.25303], [36.78532, -1.25233], [36.78818, -1.25242], [36.78867, -1.25156], [36.78523, -1.25089], [36.78463, -1.24993], [36.78059, -1.24806], [36.77856, -1.24748], [36.78221, -1.24798], [36.78335, -1.2485], [36.7841, -1.24843], [36.78556, -1.24891], [36.78639, -1.24848], [36.78778, -1.24819], [36.78845, -1.24835], [36.78915, -1.24908], [36.78984, -1.24904], [36.79023, -1.24862], [36.79061, -1.24866], [36.79122, -1.24886], [36.79204, -1.24972], [36.79303, -1.24937], [36.79381, -1.24982], [36.79437, -1.24958], [36.79481, -1.2497], [36.79549, -1.25012], [36.79695, -1.24978], [36.80156, -1.25023]]]}}, {"type": "Feature", "properties": {"Name": "UPPER PARKLANDS", "exposure": 5.75, "sensitivity": 0.235377, "adaptiveCap": 0.442649, "vulnerability": 0.194192, "impact": 0.115689, "dataStatus": "EXACT_MATCH", "division": "Westlands", "location": "PARKLANDS"}, "geometry": {"type": "Polygon", "coordinates": [[[36.8126, -1.25328], [36.81149, -1.25598], [36.80757, -1.26192], [36.80646, -1.2633], [36.80326, -1.26605], [36.79964, -1.2618], [36.79391, -1.26089], [36.79299, -1.26117], [36.79172, -1.26059], [36.78766, -1.25976], [36.78767, -1.2586], [36.78586, -1.25779], [36.78641, -1.25657], [36.7885, -1.2572], [36.79238, -1.25617], [36.7976, -1.25577], [36.80052, -1.25678], [36.80098, -1.25721], [36.80137, -1.25876], [36.80197, -1.25922], [36.80207, -1.25486], [36.80254, -1.25251], [36.80106, -1.25093], [36.80255, -1.24835], [36.80291, -1.24877], [36.80654, -1.24956], [36.80526, -1.25191], [36.80535, -1.25301], [36.80607, -1.25316], [36.8065, -1.25288], [36.80715, -1.25296], [36.80853, -1.2536], [36.80954, -1.25341], [36.81103, -1.2539], [36.8126, -1.25328]]]}}, {"type": "Feature", "properties": {"Name": "KARIOBANGI NORTH", "exposure": 14.5, "sensitivity": 0.253139, "adaptiveCap": 0.533287, "vulnerability": 0.128534, "impact": 0.128534, "dataStatus": "EXACT_MATCH", "division": "Kasarani", "location": "KARIOBANGI"}, "geometry": {"type": "Polygon", "coordinates": [[[36.88299, -1.24934], [36.8845, -1.24945], [36.88529, -1.24893], [36.88624, -1.24938], [36.88738, -1.24928], [36.88714, -1.2502], [36.88596, -1.25248], [36.88706, -1.25411], [36.8858, -1.25577], [36.886, -1.25623], [36.88499, -1.25731], [36.88494, -1.25966], [36.88519, -1.26018], [36.88416, -1.26039], [36.88212, -1.26284], [36.88106, -1.26308], [36.88022, -1.26367], [36.87959, -1.26477], [36.87909, -1.26252], [36.8784, -1.25048], [36.87803, -1.24942], [36.87904, -1.24896], [36.8795, -1.24901], [36.88059, -1.24972], [36.88088, -1.24966], [36.88154, -1.24885], [36.88299, -1.24934]]]}}, {"type": "Feature", "properties": {"Name": "KIAMAIKO", "exposure": 4.25, "sensitivity": 0.336802, "adaptiveCap": 0.324691, "vulnerability": 0.193934, "impact": 0.0, "dataStatus": "EXACT_MATCH", "division": "Central", "location": "HURUMA"}, "geometry": {"type": "Polygon", "coordinates": [[[36.87909, -1.26252], [36.87586, -1.26264], [36.87416, -1.26221], [36.87418, -1.25798], [36.87241, -1.25405], [36.87392, -1.25273], [36.87645, -1.25225], [36.87705, -1.25192], [36.87709, -1.25048], [36.87762, -1.24961], [36.87803, -1.24942], [36.8784, -1.25048], [36.87909, -1.26252]]]}}, {"type": "Feature", "properties": {"Name": "HIGHRIDGE", "exposure": 13.0, "sensitivity": 0.252938, "adaptiveCap": 0.464647, "vulnerability": 0.194001, "impact": 0.132737, "dataStatus": "EXACT_MATCH", "division": "Westlands", "location": "HIGHRIDGE"}, "geometry": {"type": "Polygon", "coordinates": [[[36.82059, -1.26893], [36.81583, -1.26945], [36.81503, -1.27034], [36.81422, -1.27278], [36.81306, -1.27354], [36.81239, -1.27478], [36.81185, -1.27409], [36.80855, -1.27189], [36.80514, -1.26779], [36.80326, -1.26605], [36.80646, -1.2633], [36.80757, -1.26192], [36.81149, -1.25598], [36.8126, -1.25328], [36.8159, -1.25272], [36.81798, -1.25317], [36.81953, -1.2528], [36.81995, -1.253], [36.82078, -1.25292], [36.82239, -1.25419], [36.82522, -1.25535], [36.82665, -1.25753], [36.8271, -1.25847], [36.82552, -1.26239], [36.82385, -1.2657], [36.82059, -1.26893]]]}}, {"type": "Feature", "properties": {"Name": "HURUMA", "exposure": 3.25, "sensitivity": 0.377859, "adaptiveCap": 0.541034, "vulnerability": 0.179989, "impact": 0.0, "dataStatus": "EXACT_MATCH", "division": "Central", "location": "HURUMA"}, "geometry": {"type": "Polygon", "coordinates": [[[36.87416, -1.26221], [36.87323, -1.26225], [36.86944, -1.26151], [36.86574, -1.26254], [36.86456, -1.25945], [36.8637, -1.25813], [36.8643, -1.25743], [36.86613, -1.25731], [36.86702, -1.2569], [36.86835, -1.25672], [36.86951, -1.25602], [36.87052, -1.25473], [36.87241, -1.25405], [36.87418, -1.25798], [36.87416, -1.26221]]]}}, {"type": "Feature", "properties": {"Name": "AREA 4A", "exposure": 1.0, "sensitivity": 0.5, "adaptiveCap": 0.5, "vulnerability": 0.25, "impact": 0.0, "dataStatus": "RENAMED", "division": "Kasarani", "location": "RUARAKA"}, "geometry": {"type": "Polygon", "coordinates": [[[36.86643, -1.2554], [36.86702, -1.2569], [36.86613, -1.25731], [36.8643, -1.25743], [36.86329, -1.25843], [36.86224, -1.2589], [36.86175, -1.25971], [36.86167, -1.26085], [36.85905, -1.26268], [36.85748, -1.26244], [36.85677, -1.26269], [36.85592, -1.26239], [36.85468, -1.26131], [36.85373, -1.26008], [36.85413, -1.25963], [36.85697, -1.26109], [36.85945, -1.26044], [36.86019, -1.26007], [36.86077, -1.25908], [36.86105, -1.25802], [36.86139, -1.25769], [36.8639, -1.25606], [36.86415, -1.25662], [36.86449, -1.25654], [36.86643, -1.2554]]]}}, {"type": "Feature", "properties": {"Name": "MOWLEM", "exposure": 2.0, "sensitivity": 0.48184, "adaptiveCap": 0.562079, "vulnerability": 0.201181, "impact": 0.0, "dataStatus": "EXACT_MATCH", "division": "Embakasi", "location": "KARIOBANGI SOUTH"}, "geometry": {"type": "Polygon", "coordinates": [[[36.8998, -1.25683], [36.9027, -1.25776], [36.90551, -1.25687], [36.90924, -1.25716], [36.91148, -1.25772], [36.91434, -1.25902], [36.91112, -1.25976], [36.90824, -1.26156], [36.90431, -1.26532], [36.90107, -1.26935], [36.89785, -1.27212], [36.89555, -1.27365], [36.89329, -1.27474], [36.88898, -1.27603], [36.8825, -1.27705], [36.88194, -1.27436], [36.88954, -1.26763], [36.89133, -1.26552], [36.89201, -1.26148], [36.89272, -1.25961], [36.89402, -1.25909], [36.89392, -1.25837], [36.89778, -1.2569], [36.8998, -1.25683]]]}}, {"type": "Feature", "properties": {"Name": "MATHARE", "exposure": 2.15, "sensitivity": 0.119803, "adaptiveCap": 0.367312, "vulnerability": 0.147669, "impact": 0.0, "dataStatus": "EXACT_MATCH", "division": "Central", "location": "MATHARE"}, "geometry": {"type": "Polygon", "coordinates": [[[36.85074, -1.25821], [36.84869, -1.2645], [36.84903, -1.26468], [36.85073, -1.26435], [36.85115, -1.26584], [36.84376, -1.2673], [36.84265, -1.26408], [36.83998, -1.26397], [36.8387, -1.26347], [36.84044, -1.26315], [36.84235, -1.26072], [36.84696, -1.25844], [36.84931, -1.25812], [36.85074, -1.25821]]]}}, {"type": "Feature", "properties": {"Name": "MABATINI", "exposure": 0.0, "sensitivity": 0.181142, "adaptiveCap": 0.417633, "vulnerability": 0.154135, "impact": 0.154135, "dataStatus": "EXACT_MATCH", "division": "Central", "location": "MATHARE"}, "geometry": {"type": "Polygon", "coordinates": [[[36.86574, -1.26254], [36.85964, -1.2645], [36.86019, -1.26188], [36.86167, -1.26085], [36.86199, -1.25914], [36.8637, -1.25813], [36.86456, -1.25945], [36.86574, -1.26254]]]}}, {"type": "Feature", "properties": {"Name": "MLANGO KUBWA", "exposure": 1.5, "sensitivity": 0.254432, "adaptiveCap": 0.532285, "vulnerability": 0.14434, "impact": 0.0, "dataStatus": "EXACT_MATCH", "division": "Central", "location": "MATHARE"}, "geometry": {"type": "Polygon", "coordinates": [[[36.85373, -1.26008], [36.85468, -1.26131], [36.85641, -1.2626], [36.85748, -1.26244], [36.85905, -1.26268], [36.86019, -1.26188], [36.85964, -1.2645], [36.8587, -1.26587], [36.85115, -1.26584], [36.85073, -1.26435], [36.84903, -1.26468], [36.84869, -1.2645], [36.85074, -1.25821], [36.85172, -1.25918], [36.85254, -1.25933], [36.85373, -1.26008]]]}}, {"type": "Feature", "properties": {"Name": "KARIOBANGI SOUTH", "exposure": 5.75, "sensitivity": 0.374597, "adaptiveCap": 0.515278, "vulnerability": 0.184785, "impact": 0.0, "dataStatus": "EXACT_MATCH", "division": "Embakasi", "location": "KARIOBANGI SOUTH"}, "geometry": {"type": "Polygon", "coordinates": [[[36.88954, -1.26763], [36.88167, -1.27443], [36.87959, -1.26477], [36.88022, -1.26367], [36.88106, -1.26308], [36.88212, -1.26284], [36.88275, -1.26197], [36.88506, -1.26171], [36.88919, -1.26078], [36.89091, -1.26006], [36.8929, -1.25857], [36.89392, -1.25837], [36.89402, -1.25909], [36.89272, -1.25961], [36.89232, -1.26029], [36.89133, -1.26552], [36.88954, -1.26763]]]}}, {"type": "Feature", "properties": {"Name": "UTHIRU", "exposure": 0.3, "sensitivity": 0.200998, "adaptiveCap": 0.492966, "vulnerability": 0.152211, "impact": 0.0, "dataStatus": "EXACT_MATCH", "division": "Dagoretti", "location": "UTHIRU/RUTHIMITU"}, "geometry": {"type": "Polygon", "coordinates": [[[36.71665, -1.26139], [36.72016, -1.2646], [36.72107, -1.26501], [36.72361, -1.26744], [36.72644, -1.26907], [36.72973, -1.27197], [36.73186, -1.27286], [36.73255, -1.27344], [36.73385, -1.27573], [36.73343, -1.27587], [36.7276, -1.27521], [36.72556, -1.27335], [36.72522, -1.27329], [36.72406, -1.27338], [36.72332, -1.27402], [36.72206, -1.27317], [36.72037, -1.2733], [36.71979, -1.27306], [36.71938, -1.27347], [36.7189, -1.27352], [36.71801, -1.27282], [36.71568, -1.27227], [36.7152, -1.27133], [36.71061, -1.26783], [36.70855, -1.26754], [36.70488, -1.26804], [36.70313, -1.26802], [36.70129, -1.26711], [36.69964, -1.26661], [36.69861, -1.26576], [36.69835, -1.26511], [36.69831, -1.26229], [36.69545, -1.26093], [36.69407, -1.26055], [36.69618, -1.26041], [36.69724, -1.26059], [36.70126, -1.26255], [36.70321, -1.25849], [36.70679, -1.25972], [36.71665, -1.26139]]]}}, {"type": "Feature", "properties": {"Name": "MUTHANGARI", "exposure": 1.8, "sensitivity": 0.151012, "adaptiveCap": 0.390742, "vulnerability": 0.2137, "impact": 0.089042, "dataStatus": "EXACT_MATCH", "division": "Westlands", "location": "LAVINGTON"}, "geometry": {"type": "Polygon", "coordinates": [[[36.78766, -1.25976], [36.79172, -1.26059], [36.79299, -1.26117], [36.79391, -1.26089], [36.79964, -1.2618], [36.80326, -1.26605], [36.80514, -1.26779], [36.80775, -1.27109], [36.80551, -1.27155], [36.80537, -1.2713], [36.80475, -1.2714], [36.8043, -1.27106], [36.80406, -1.26965], [36.8018, -1.26947], [36.80097, -1.26905], [36.80036, -1.26841], [36.79788, -1.2683], [36.79667, -1.26772], [36.79623, -1.26784], [36.79574, -1.26838], [36.7953, -1.26842], [36.794, -1.26789], [36.7931, -1.26785], [36.79189, -1.26703], [36.79125, -1.26731], [36.78859, -1.26752], [36.78825, -1.26724], [36.78675, -1.26704], [36.78541, -1.26632], [36.78353, -1.26613], [36.78286, -1.26519], [36.78258, -1.26512], [36.78071, -1.26641], [36.77953, -1.26628], [36.77851, -1.2666], [36.77763, -1.26598], [36.77683, -1.26596], [36.7758, -1.26657], [36.77526, -1.26727], [36.77416, -1.2674], [36.77274, -1.26713], [36.77133, -1.26749], [36.7688, -1.26949], [36.76698, -1.26977], [36.76584, -1.26957], [36.76189, -1.26745], [36.75429, -1.26483], [36.75431, -1.26404], [36.76093, -1.2636], [36.76523, -1.26281], [36.768, -1.26094], [36.77007, -1.2604], [36.77938, -1.25885], [36.7805, -1.25878], [36.78766, -1.25976]]]}}, {"type": "Feature", "properties": {"Name": "KOMAROCK", "exposure": 10.75, "sensitivity": 0.5, "adaptiveCap": 0.5, "vulnerability": 0.25, "impact": 0.0, "dataStatus": "COMBINED", "division": "Embakasi", "location": "KAYOLE"}, "geometry": {"type": "Polygon", "coordinates": [[[36.91673, -1.26389], [36.91688, -1.26567], [36.91577, -1.26692], [36.90985, -1.27288], [36.90613, -1.27548], [36.90506, -1.27656], [36.90107, -1.26935], [36.90431, -1.26532], [36.90824, -1.26156], [36.91112, -1.25976], [36.91576, -1.2623], [36.91673, -1.26389]]]}}, {"type": "Feature", "properties": {"Name": "MIHANGO", "exposure": 6.5, "sensitivity": 0.5, "adaptiveCap": 0.5, "vulnerability": 0.25, "impact": 0.1875, "dataStatus": "RENAMED", "division": "Embakasi", "location": "EMBAKASI"}, "geometry": {"type": "Polygon", "coordinates": [[[36.99066, -1.28302], [36.96246, -1.29378], [36.96057, -1.29132], [36.95162, -1.29773], [36.93276, -1.30503], [36.91964, -1.29585], [36.91641, -1.28687], [36.91686, -1.28565], [36.91803, -1.28445], [36.91887, -1.28235], [36.91881, -1.28201], [36.91784, -1.28133], [36.91828, -1.28005], [36.91836, -1.27909], [36.91816, -1.27872], [36.91844, -1.27815], [36.91945, -1.27744], [36.92121, -1.27726], [36.92134, -1.27682], [36.92081, -1.27606], [36.92041, -1.27444], [36.92078, -1.27265], [36.92136, -1.27203], [36.92388, -1.27085], [36.92521, -1.26987], [36.92538, -1.26924], [36.92486, -1.26826], [36.92551, -1.26752], [36.92768, -1.26671], [36.92912, -1.26717], [36.92995, -1.26629], [36.93061, -1.26622], [36.9322, -1.26657], [36.93289, -1.26705], [36.93333, -1.26695], [36.93391, -1.26599], [36.93525, -1.26655], [36.93587, -1.26592], [36.93776, -1.26607], [36.94027, -1.26451], [36.94031, -1.26363], [36.93994, -1.26292], [36.94013, -1.26254], [36.94197, -1.2618], [36.9423, -1.26144], [36.94162, -1.26021], [36.96804, -1.26098], [36.98029, -1.26875], [36.99066, -1.28302]]]}}, {"type": "Feature", "properties": {"Name": "RUTHIMITU", "exposure": 1.1, "sensitivity": 0.241372, "adaptiveCap": 0.473366, "vulnerability": 0.130476, "impact": 0.0, "dataStatus": "EXACT_MATCH", "division": "Dagoretti", "location": "UTHIRU/RUTHIMITU"}, "geometry": {"type": "Polygon", "coordinates": [[[36.70313, -1.26802], [36.70488, -1.26804], [36.70855, -1.26754], [36.71061, -1.26783], [36.7152, -1.27133], [36.71568, -1.27227], [36.71801, -1.27282], [36.7189, -1.27352], [36.71938, -1.27347], [36.71979, -1.27306], [36.72037, -1.2733], [36.72206, -1.27317], [36.723, -1.27396], [36.72172, -1.27566], [36.72083, -1.27558], [36.71926, -1.27587], [36.71839, -1.27667], [36.71707, -1.2769], [36.71497, -1.27816], [36.71135, -1.27834], [36.71038, -1.28023], [36.70895, -1.28118], [36.70738, -1.28153], [36.70616, -1.28246], [36.7055, -1.28269], [36.70443, -1.28263], [36.7033, -1.28181], [36.7023, -1.28204], [36.69938, -1.28349], [36.6984, -1.28365], [36.69794, -1.28407], [36.69854, -1.28544], [36.69714, -1.28566], [36.69498, -1.28663], [36.69496, -1.28545], [36.69248, -1.28527], [36.69016, -1.28409], [36.68932, -1.28313], [36.69002, -1.28177], [36.69024, -1.28009], [36.68878, -1.2789], [36.68936, -1.2774], [36.68851, -1.2761], [36.68843, -1.2753], [36.68875, -1.27517], [36.6897, -1.27574], [36.69116, -1.27617], [36.69201, -1.27597], [36.69196, -1.2753], [36.69132, -1.27435], [36.691, -1.27322], [36.691, -1.27186], [36.69276, -1.27109], [36.69501, -1.27114], [36.6954, -1.27086], [36.69403, -1.26972], [36.69391, -1.26912], [36.69428, -1.26891], [36.69642, -1.26908], [36.6972, -1.2687], [36.69745, -1.26823], [36.6974, -1.26767], [36.69708, -1.26731], [36.69426, -1.26516], [36.69391, -1.26466], [36.69406, -1.26415], [36.6951, -1.26358], [36.69566, -1.26249], [36.69563, -1.26202], [36.69413, -1.26099], [36.69407, -1.26055], [36.69545, -1.26093], [36.69831, -1.26229], [36.69835, -1.26511], [36.69861, -1.26576], [36.69964, -1.26661], [36.70129, -1.26711], [36.70313, -1.26802]]]}}, {"type": "Feature", "properties": {"Name": "AIR BASE", "exposure": 16.8, "sensitivity": 0.5, "adaptiveCap": 0.5, "vulnerability": 0.25, "impact": 0.0, "dataStatus": "RENAMED", "division": "Pumwani", "location": "EASTLEIGH NORTH"}, "geometry": {"type": "Polygon", "coordinates": [[[36.86944, -1.26151], [36.87586, -1.26264], [36.87909, -1.26252], [36.87959, -1.26477], [36.87917, -1.26575], [36.87823, -1.26683], [36.87802, -1.26789], [36.87667, -1.26855], [36.87529, -1.26829], [36.875, -1.2691], [36.87446, -1.26872], [36.86881, -1.27772], [36.86558, -1.28154], [36.86489, -1.28201], [36.8612, -1.28354], [36.85745, -1.28306], [36.85262, -1.28386], [36.85208, -1.2809], [36.85274, -1.28078], [36.8531, -1.27917], [36.85388, -1.27927], [36.85406, -1.2783], [36.85167, -1.279], [36.84905, -1.26616], [36.85115, -1.26584], [36.8587, -1.26587], [36.85964, -1.2645], [36.86269, -1.26345], [36.86944, -1.26151]]]}}, {"type": "Feature", "properties": {"Name": "MOUNTAIN VIEW", "exposure": 1.6, "sensitivity": 0.5, "adaptiveCap": 0.5, "vulnerability": 0.25, "impact": 0.0, "dataStatus": "RENAMED", "division": "Westlands", "location": "KANGEMI"}, "geometry": {"type": "Polygon", "coordinates": [[[36.73931, -1.2646], [36.73937, -1.26596], [36.74118, -1.26614], [36.74203, -1.26854], [36.74037, -1.27245], [36.73937, -1.27277], [36.73904, -1.27406], [36.74058, -1.27392], [36.74147, -1.27408], [36.74316, -1.27323], [36.7443, -1.27621], [36.74347, -1.27709], [36.73925, -1.27847], [36.73806, -1.27823], [36.73703, -1.27763], [36.73633, -1.27661], [36.73484, -1.27573], [36.73385, -1.27573], [36.73255, -1.27344], [36.73186, -1.27286], [36.72973, -1.27197], [36.72644, -1.26907], [36.72361, -1.26744], [36.72107, -1.26501], [36.723, -1.26382], [36.72724, -1.2634], [36.73026, -1.26406], [36.73931, -1.2646]]]}}, {"type": "Feature", "properties": {"Name": "PANGANI", "exposure": 8.0, "sensitivity": 0.199476, "adaptiveCap": 0.2153, "vulnerability": 0.147114, "impact": 0.0, "dataStatus": "EXACT_MATCH", "division": "Central", "location": "KARIOKOR"}, "geometry": {"type": "Polygon", "coordinates": [[[36.84376, -1.2673], [36.84544, -1.27617], [36.83595, -1.27213], [36.83668, -1.27001], [36.83428, -1.26687], [36.83738, -1.26411], [36.8387, -1.26347], [36.83998, -1.26397], [36.84265, -1.26408], [36.84376, -1.2673]]]}}, {"type": "Feature", "properties": {"Name": "KAYOLE", "exposure": 16.0, "sensitivity": 0.5, "adaptiveCap": 0.5, "vulnerability": 0.25, "impact": 0.25, "dataStatus": "COMBINED", "division": "Embakasi", "location": "KAYOLE"}, "geometry": {"type": "Polygon", "coordinates": [[[36.92538, -1.26924], [36.92521, -1.26987], [36.92452, -1.27049], [36.92213, -1.27156], [36.92078, -1.27265], [36.92041, -1.27444], [36.92081, -1.27606], [36.92134, -1.27682], [36.92121, -1.27726], [36.91945, -1.27744], [36.91844, -1.27815], [36.91816, -1.27872], [36.91836, -1.27909], [36.91828, -1.28005], [36.91784, -1.28133], [36.91881, -1.28201], [36.91887, -1.28235], [36.91803, -1.28445], [36.91686, -1.28565], [36.91641, -1.28687], [36.90985, -1.27288], [36.91688, -1.26567], [36.91673, -1.26389], [36.92538, -1.26924]]]}}, {"type": "Feature", "properties": {"Name": "KANGEMI", "exposure": 9.3, "sensitivity": 0.5, "adaptiveCap": 0.5, "vulnerability": 0.25, "impact": 0.0, "dataStatus": "COMBINED", "division": "Westlands", "location": "KANGEMI"}, "geometry": {"type": "Polygon", "coordinates": [[[36.76297, -1.26793], [36.76551, -1.26936], [36.76382, -1.26951], [36.7614, -1.27055], [36.76081, -1.27014], [36.75833, -1.27082], [36.75826, -1.27143], [36.75906, -1.27194], [36.75853, -1.27301], [36.75786, -1.27359], [36.75648, -1.27333], [36.7562, -1.27359], [36.75556, -1.27355], [36.75488, -1.27326], [36.75414, -1.27338], [36.75291, -1.2742], [36.75226, -1.27326], [36.75181, -1.27033], [36.75133, -1.26938], [36.74203, -1.26854], [36.74118, -1.26614], [36.73937, -1.26596], [36.73931, -1.2646], [36.74667, -1.26458], [36.75431, -1.26404], [36.75429, -1.26483], [36.76297, -1.26793]]]}}, {"type": "Feature", "properties": {"Name": "UHURU", "exposure": 5.25, "sensitivity": 0.2297, "adaptiveCap": 0.487461, "vulnerability": 0.128176, "impact": 0.0, "dataStatus": "EXACT_MATCH", "division": "Pumwani", "location": "BAHATI"}, "geometry": {"type": "Polygon", "coordinates": [[[36.88194, -1.27436], [36.86702, -1.2875], [36.86473, -1.28327], [36.86632, -1.28221], [36.86817, -1.28221], [36.86925, -1.28099], [36.87038, -1.28069], [36.87057, -1.27942], [36.87197, -1.27807], [36.87251, -1.27571], [36.87236, -1.27458], [36.87342, -1.27251], [36.8748, -1.271], [36.87479, -1.27013], [36.87507, -1.26973], [36.87518, -1.26931], [36.875, -1.2691], [36.87529, -1.26829], [36.87667, -1.26855], [36.87802, -1.26789], [36.87823, -1.26683], [36.87917, -1.26575], [36.87959, -1.26477], [36.88167, -1.27443], [36.88194, -1.27436]]]}}, {"type": "Feature", "properties": {"Name": "MAZIWA", "exposure": 1.5, "sensitivity": 0.232997, "adaptiveCap": 0.43302, "vulnerability": 0.204914, "impact": 0.115264, "dataStatus": "EXACT_MATCH", "division": "Westlands", "location": "LAVINGTON"}, "geometry": {"type": "Polygon", "coordinates": [[[36.78286, -1.26519], [36.78148, -1.26893], [36.77859, -1.27464], [36.77782, -1.2769], [36.77798, -1.2774], [36.77984, -1.27918], [36.77927, -1.2815], [36.77834, -1.28267], [36.77717, -1.28332], [36.77485, -1.28422], [36.77373, -1.28427], [36.77318, -1.28464], [36.771, -1.28516], [36.77079, -1.28543], [36.77074, -1.28576], [36.77133, -1.2866], [36.77162, -1.28759], [36.77149, -1.28996], [36.77448, -1.2902], [36.77433, -1.30034], [36.76981, -1.30042], [36.76475, -1.29948], [36.76044, -1.29918], [36.76033, -1.29849], [36.75738, -1.29778], [36.75358, -1.29333], [36.75277, -1.29197], [36.75352, -1.29025], [36.75784, -1.28582], [36.76015, -1.28464], [36.76081, -1.27014], [36.7614, -1.27055], [36.76466, -1.26933], [36.76784, -1.26976], [36.76938, -1.26914], [36.77133, -1.26749], [36.77274, -1.26713], [36.77416, -1.2674], [36.77526, -1.26727], [36.77651, -1.266], [36.77763, -1.26598], [36.77851, -1.2666], [36.77953, -1.26628], [36.78071, -1.26641], [36.78258, -1.26512], [36.78286, -1.26519]]]}}, {"type": "Feature", "properties": {"Name": "KILELESHWA", "exposure": 0.3, "sensitivity": 0.195781, "adaptiveCap": 0.335532, "vulnerability": 0.241253, "impact": 0.0, "dataStatus": "EXACT_MATCH", "division": "Westlands", "location": "KILIMANI"}, "geometry": {"type": "Polygon", "coordinates": [[[36.80775, -1.27109], [36.80855, -1.27189], [36.81185, -1.27409], [36.81239, -1.27478], [36.81157, -1.27502], [36.81066, -1.27576], [36.80815, -1.27501], [36.80627, -1.27515], [36.80534, -1.27577], [36.80431, -1.27575], [36.80394, -1.27559], [36.80379, -1.27464], [36.8023, -1.27382], [36.80142, -1.27398], [36.80058, -1.27494], [36.79751, -1.27624], [36.79627, -1.27853], [36.79597, -1.28104], [36.79433, -1.2815], [36.79377, -1.28245], [36.78978, -1.28209], [36.78874, -1.28258], [36.78813, -1.28258], [36.7865, -1.28432], [36.7857, -1.28457], [36.78511, -1.28519], [36.7834, -1.28554], [36.78138, -1.28796], [36.78086, -1.28898], [36.77949, -1.29028], [36.77833, -1.29065], [36.77714, -1.29186], [36.77582, -1.29354], [36.77555, -1.29507], [36.77438, -1.29576], [36.77448, -1.2902], [36.77149, -1.28996], [36.77162, -1.28759], [36.77133, -1.2866], [36.77074, -1.28576], [36.77079, -1.28543], [36.771, -1.28516], [36.77318, -1.28464], [36.77373, -1.28427], [36.77485, -1.28422], [36.77717, -1.28332], [36.77834, -1.28267], [36.77927, -1.2815], [36.77984, -1.27918], [36.77798, -1.2774], [36.77782, -1.2769], [36.77799, -1.27612], [36.78201, -1.2678], [36.78286, -1.26519], [36.78353, -1.26613], [36.78541, -1.26632], [36.78675, -1.26704], [36.78825, -1.26724], [36.78859, -1.26752], [36.79125, -1.26731], [36.79189, -1.26703], [36.7931, -1.26785], [36.794, -1.26789], [36.7953, -1.26842], [36.79574, -1.26838], [36.79623, -1.26784], [36.79667, -1.26772], [36.79788, -1.2683], [36.80036, -1.26841], [36.80097, -1.26905], [36.8018, -1.26947], [36.80406, -1.26965], [36.8043, -1.27106], [36.80475, -1.2714], [36.80537, -1.2713], [36.80551, -1.27155], [36.80775, -1.27109]]]}}, {"type": "Feature", "properties": {"Name": "EASTLEIGH NORTH", "exposure": 18.0, "sensitivity": 0.213868, "adaptiveCap": 0.050705, "vulnerability": 0.105189, "impact": 0.105189, "dataStatus": "EXACT_MATCH", "division": "Pumwani", "location": "EASTLEIGH NORTH"}, "geometry": {"type": "Polygon", "coordinates": [[[36.85167, -1.279], [36.84622, -1.28015], [36.84376, -1.2673], [36.84905, -1.26616], [36.85167, -1.279]]]}}, {"type": "Feature", "properties": {"Name": "NGARA WEST", "exposure": 1.5, "sensitivity": 0.110576, "adaptiveCap": 0.409572, "vulnerability": 0.161532, "impact": 0.161532, "dataStatus": "EXACT_MATCH", "division": "Central", "location": "NGARA"}, "geometry": {"type": "Polygon", "coordinates": [[[36.82054, -1.27819], [36.82003, -1.27751], [36.81847, -1.27705], [36.81731, -1.27602], [36.81704, -1.27593], [36.8165, -1.27626], [36.81497, -1.27575], [36.81336, -1.27483], [36.81239, -1.27478], [36.81306, -1.27354], [36.81422, -1.27278], [36.81503, -1.27034], [36.81583, -1.26945], [36.82059, -1.26893], [36.8217, -1.26908], [36.82522, -1.26892], [36.83428, -1.26687], [36.83259, -1.26915], [36.82723, -1.27243], [36.82321, -1.27552], [36.82228, -1.27685], [36.82054, -1.27819]]]}}, {"type": "Feature", "properties": {"Name": "NGARA EAST", "exposure": 15.25, "sensitivity": 0.173338, "adaptiveCap": 0.470667, "vulnerability": 0.145827, "impact": 0.124995, "dataStatus": "EXACT_MATCH", "division": "Central", "location": "NGARA"}, "geometry": {"type": "Polygon", "coordinates": [[[36.83668, -1.27001], [36.8344, -1.27656], [36.83506, -1.27747], [36.835, -1.27779], [36.83203, -1.28157], [36.83028, -1.28105], [36.8272, -1.27949], [36.82203, -1.27911], [36.82108, -1.27872], [36.82054, -1.27819], [36.82228, -1.27685], [36.82321, -1.27552], [36.82723, -1.27243], [36.83259, -1.26915], [36.83428, -1.26687], [36.83668, -1.27001]]]}}, {"type": "Feature", "properties": {"Name": "GICHAGI", "exposure": 3.75, "sensitivity": 0.152084, "adaptiveCap": 0.530413, "vulnerability": 0.125126, "impact": 0.0, "dataStatus": "EXACT_MATCH", "division": "Westlands", "location": "KANGEMI"}, "geometry": {"type": "Polygon", "coordinates": [[[36.75291, -1.2742], [36.75097, -1.27505], [36.74936, -1.27462], [36.7476, -1.27548], [36.74576, -1.27521], [36.7443, -1.27621], [36.74316, -1.27323], [36.74147, -1.27408], [36.74058, -1.27392], [36.73904, -1.27406], [36.73937, -1.27277], [36.74037, -1.27245], [36.74203, -1.26854], [36.75133, -1.26938], [36.75181, -1.27033], [36.75226, -1.27326], [36.75291, -1.2742]]]}}, {"type": "Feature", "properties": {"Name": "EASTLEIGH SOUTH", "exposure": 6.05, "sensitivity": 0.5, "adaptiveCap": 0.5, "vulnerability": 0.25, "impact": 0.0, "dataStatus": "LOCATION_LEVEL_MATCH", "division": "Pumwani", "location": "EASTLEIGH SOUTH"}, "geometry": {"type": "Polygon", "coordinates": [[[36.87446, -1.26872], [36.87518, -1.26931], [36.87479, -1.27013], [36.8748, -1.271], [36.87342, -1.27251], [36.87236, -1.27458], [36.87251, -1.27571], [36.87197, -1.27807], [36.87057, -1.27942], [36.87038, -1.28069], [36.86925, -1.28099], [36.86847, -1.28203], [36.86785, -1.28235], [36.86632, -1.28221], [36.86473, -1.28327], [36.86375, -1.28318], [36.86288, -1.28357], [36.86174, -1.28372], [36.86016, -1.28537], [36.85712, -1.28719], [36.85519, -1.28762], [36.85395, -1.28885], [36.85229, -1.28949], [36.85014, -1.2793], [36.85406, -1.2783], [36.85388, -1.27927], [36.8531, -1.27917], [36.85274, -1.28078], [36.85208, -1.2809], [36.85262, -1.28386], [36.85745, -1.28306], [36.8612, -1.28354], [36.86558, -1.28154], [36.86881, -1.27772], [36.87446, -1.26872]]]}}, {"type": "Feature", "properties": {"Name": "UMOJA", "exposure": 21.0, "sensitivity": 0.5, "adaptiveCap": 0.5, "vulnerability": 0.25, "impact": 0.25, "dataStatus": "COMBINED", "division": "Embakasi", "location": "UMOJA"}, "geometry": {"type": "Polygon", "coordinates": [[[36.90413, -1.27457], [36.90403, -1.27559], [36.90332, -1.27668], [36.9031, -1.28091], [36.90231, -1.2819], [36.90033, -1.28334], [36.89914, -1.2852], [36.89828, -1.28933], [36.898, -1.29429], [36.88718, -1.30021], [36.88588, -1.29268], [36.88274, -1.28069], [36.8825, -1.27705], [36.88703, -1.27645], [36.89329, -1.27474], [36.89555, -1.27365], [36.89785, -1.27212], [36.90107, -1.26935], [36.90413, -1.27457]]]}}, {"type": "Feature", "properties": {"Name": "GATINA", "exposure": 2.3, "sensitivity": 0.09943, "adaptiveCap": 0.509047, "vulnerability": 0.130357, "impact": 0.0, "dataStatus": "EXACT_MATCH", "division": "Dagoretti", "location": "KAWANGWARE"}, "geometry": {"type": "Polygon", "coordinates": [[[36.76081, -1.27014], [36.76015, -1.28464], [36.75784, -1.28582], [36.75352, -1.29025], [36.75277, -1.29197], [36.75358, -1.29333], [36.75278, -1.29281], [36.75156, -1.29258], [36.75237, -1.29036], [36.75376, -1.28933], [36.75472, -1.28793], [36.75489, -1.2867], [36.75464, -1.28483], [36.75482, -1.28436], [36.75371, -1.28401], [36.75328, -1.28222], [36.75235, -1.2807], [36.75159, -1.27836], [36.7503, -1.27761], [36.75031, -1.27681], [36.74988, -1.27589], [36.7497, -1.27461], [36.75097, -1.27505], [36.75261, -1.2744], [36.75414, -1.27338], [36.75488, -1.27326], [36.75556, -1.27355], [36.7562, -1.27359], [36.75648, -1.27333], [36.75786, -1.27359], [36.75853, -1.27301], [36.75906, -1.27194], [36.75826, -1.27143], [36.75833, -1.27082], [36.76081, -1.27014]]]}}, {"type": "Feature", "properties": {"Name": "ZIWANI KARIOKOR", "exposure": 8.75, "sensitivity": 0.5, "adaptiveCap": 0.5, "vulnerability": 0.25, "impact": 0.0, "dataStatus": "NO_DATA", "division": "Central", "location": "KARIOKOR"}, "geometry": {"type": "Polygon", "coordinates": [[[36.84544, -1.27617], [36.84622, -1.28015], [36.84431, -1.28011], [36.84452, -1.28196], [36.84387, -1.2832], [36.84131, -1.28316], [36.84023, -1.28351], [36.84048, -1.28418], [36.84005, -1.28449], [36.83906, -1.28471], [36.83863, -1.28457], [36.83827, -1.28505], [36.8376, -1.28533], [36.83583, -1.28535], [36.83503, -1.28477], [36.83449, -1.28373], [36.83299, -1.28223], [36.83203, -1.28157], [36.835, -1.27779], [36.83506, -1.27747], [36.8344, -1.27656], [36.83595, -1.27213], [36.84544, -1.27617]]]}}, {"type": "Feature", "properties": {"Name": "SAVANNAH", "exposure": 9.5, "sensitivity": 0.329144, "adaptiveCap": 0.495287, "vulnerability": 0.183236, "impact": 0.142517, "dataStatus": "EXACT_MATCH", "division": "Embakasi", "location": "UMOJA"}, "geometry": {"type": "Polygon", "coordinates": [[[36.91641, -1.28687], [36.91505, -1.28755], [36.91509, -1.28818], [36.91593, -1.28951], [36.91588, -1.2899], [36.91464, -1.29097], [36.91394, -1.2913], [36.91183, -1.29041], [36.91141, -1.29072], [36.91141, -1.2912], [36.91189, -1.29184], [36.91176, -1.29257], [36.91112, -1.29267], [36.91023, -1.29204], [36.90975, -1.29198], [36.90909, -1.29247], [36.90778, -1.29444], [36.90711, -1.2946], [36.90577, -1.29422], [36.9054, -1.29444], [36.90519, -1.29503], [36.90533, -1.29578], [36.90521, -1.29621], [36.90489, -1.2964], [36.9041, -1.29655], [36.90163, -1.2978], [36.89966, -1.29763], [36.89938, -1.29855], [36.90029, -1.29986], [36.90031, -1.30059], [36.89875, -1.30087], [36.89802, -1.30254], [36.89619, -1.30376], [36.895, -1.30525], [36.89411, -1.30549], [36.89227, -1.3051], [36.89196, -1.3053], [36.89145, -1.30664], [36.89063, -1.30676], [36.8898, -1.30635], [36.88901, -1.30672], [36.88718, -1.30021], [36.898, -1.29429], [36.89828, -1.28933], [36.89914, -1.2852], [36.90033, -1.28334], [36.90231, -1.2819], [36.9031, -1.28091], [36.90332, -1.27668], [36.90403, -1.27559], [36.90413, -1.27457], [36.90506, -1.27656], [36.90613, -1.27548], [36.90985, -1.27288], [36.91641, -1.28687]]]}}, {"type": "Feature", "properties": {"Name": "WAITHAKA", "exposure": 1.1, "sensitivity": 0.292268, "adaptiveCap": 0.532257, "vulnerability": 0.152461, "impact": 0.0, "dataStatus": "EXACT_MATCH", "division": "Dagoretti", "location": "WAITHAKA"}, "geometry": {"type": "Polygon", "coordinates": [[[36.7276, -1.27521], [36.72679, -1.27553], [36.72653, -1.27605], [36.72646, -1.27887], [36.72695, -1.27904], [36.72662, -1.28402], [36.72612, -1.28592], [36.72628, -1.28788], [36.72581, -1.28879], [36.72536, -1.29085], [36.72585, -1.29311], [36.72724, -1.29719], [36.72404, -1.30328], [36.71997, -1.30027], [36.7109, -1.29423], [36.70968, -1.29307], [36.70785, -1.29308], [36.70686, -1.29421], [36.70585, -1.29338], [36.70374, -1.29286], [36.70262, -1.29181], [36.70239, -1.2912], [36.70308, -1.28912], [36.70443, -1.28263], [36.7055, -1.28269], [36.70616, -1.28246], [36.70738, -1.28153], [36.70847, -1.28137], [36.70961, -1.28082], [36.71064, -1.27987], [36.71135, -1.27834], [36.71497, -1.27816], [36.71707, -1.2769], [36.71839, -1.27667], [36.71926, -1.27587], [36.72083, -1.27558], [36.72172, -1.27566], [36.723, -1.27396], [36.72332, -1.27402], [36.72406, -1.27338], [36.72556, -1.27335], [36.7276, -1.27521]]]}}, {"type": "Feature", "properties": {"Name": "KILIMANI", "exposure": 26.15, "sensitivity": 0.167642, "adaptiveCap": 0.359916, "vulnerability": 0.214357, "impact": 0.09527, "dataStatus": "EXACT_MATCH", "division": "Westlands", "location": "KILIMANI"}, "geometry": {"type": "Polygon", "coordinates": [[[36.80394, -1.27559], [36.80534, -1.27577], [36.80627, -1.27515], [36.80815, -1.27501], [36.81066, -1.27576], [36.81157, -1.27502], [36.81239, -1.27478], [36.81302, -1.27537], [36.81384, -1.27745], [36.81433, -1.28034], [36.81721, -1.28658], [36.82044, -1.29284], [36.81542, -1.29384], [36.81271, -1.29541], [36.80993, -1.29556], [36.80746, -1.29711], [36.80285, -1.2981], [36.80084, -1.29826], [36.79869, -1.29886], [36.7916, -1.29962], [36.77433, -1.30034], [36.77438, -1.29576], [36.77555, -1.29507], [36.77582, -1.29354], [36.77714, -1.29186], [36.77833, -1.29065], [36.77949, -1.29028], [36.78086, -1.28898], [36.78292, -1.28594], [36.7834, -1.28554], [36.78511, -1.28519], [36.7857, -1.28457], [36.7865, -1.28432], [36.78813, -1.28258], [36.78874, -1.28258], [36.78978, -1.28209], [36.79377, -1.28245], [36.79433, -1.2815], [36.79597, -1.28104], [36.79627, -1.27853], [36.79751, -1.27624], [36.80058, -1.27494], [36.80142, -1.27398], [36.8023, -1.27382], [36.80379, -1.27464], [36.80394, -1.27559]]]}}, {"type": "Feature", "properties": {"Name": "HARAMBEE", "exposure": 13.25, "sensitivity": 0.226301, "adaptiveCap": 0.420596, "vulnerability": 0.166429, "impact": 0.142654, "dataStatus": "EXACT_MATCH", "division": "Makadara", "location": "MAKADARA"}, "geometry": {"type": "Polygon", "coordinates": [[[36.8825, -1.27705], [36.88274, -1.28069], [36.88588, -1.29268], [36.88327, -1.29259], [36.88226, -1.29358], [36.88123, -1.29333], [36.87649, -1.29452], [36.87561, -1.29014], [36.87415, -1.2873], [36.87293, -1.28777], [36.87261, -1.28826], [36.87269, -1.28871], [36.8722, -1.28922], [36.87001, -1.29023], [36.86809, -1.29149], [36.86789, -1.28867], [36.86702, -1.2875], [36.88194, -1.27436], [36.8825, -1.27705]]]}}, {"type": "Feature", "properties": {"Name": "KAWANGWARE", "exposure": 15.8, "sensitivity": 0.210729, "adaptiveCap": 0.489994, "vulnerability": 0.147684, "impact": 0.12307, "dataStatus": "EXACT_MATCH", "division": "Dagoretti", "location": "KAWANGWARE"}, "geometry": {"type": "Polygon", "coordinates": [[[36.75156, -1.29258], [36.74752, -1.2917], [36.7414, -1.28772], [36.73779, -1.28482], [36.736, -1.28019], [36.7358, -1.27928], [36.73591, -1.2784], [36.73555, -1.27743], [36.73512, -1.2767], [36.73385, -1.27573], [36.73484, -1.27573], [36.73633, -1.27661], [36.73703, -1.27763], [36.73806, -1.27823], [36.73925, -1.27847], [36.74347, -1.27709], [36.7443, -1.27621], [36.74576, -1.27521], [36.7476, -1.27548], [36.74875, -1.27478], [36.7497, -1.27461], [36.74988, -1.27589], [36.75031, -1.27681], [36.7503, -1.27761], [36.75159, -1.27836], [36.75235, -1.2807], [36.75328, -1.28222], [36.75371, -1.28401], [36.75482, -1.28436], [36.75464, -1.28483], [36.75489, -1.2867], [36.75472, -1.28793], [36.75376, -1.28933], [36.75237, -1.29036], [36.75156, -1.29258]]]}}, {"type": "Feature", "properties": {"Name": "CITY CENTRE", "exposure": 26.5, "sensitivity": 0.11587, "adaptiveCap": 0.559728, "vulnerability": 0.099144, "impact": 0.051932, "dataStatus": "EXACT_MATCH", "division": "Central", "location": "STAREHE"}, "geometry": {"type": "Polygon", "coordinates": [[[36.81497, -1.27575], [36.8165, -1.27626], [36.81704, -1.27593], [36.81731, -1.27602], [36.81847, -1.27705], [36.82003, -1.27751], [36.82108, -1.27872], [36.82203, -1.27911], [36.8272, -1.27949], [36.83028, -1.28105], [36.83203, -1.28157], [36.83299, -1.28223], [36.83449, -1.28373], [36.83503, -1.28477], [36.83583, -1.28535], [36.83217, -1.2857], [36.83155, -1.28712], [36.82726, -1.28926], [36.82509, -1.28498], [36.81946, -1.2803], [36.8181, -1.28029], [36.81506, -1.28173], [36.81433, -1.28034], [36.81384, -1.27745], [36.81321, -1.27571], [36.81239, -1.27478], [36.81336, -1.27483], [36.81497, -1.27575]]]}}, {"type": "Feature", "properties": {"Name": "RIRUTA", "exposure": 7.1, "sensitivity": 0.274675, "adaptiveCap": 0.524176, "vulnerability": 0.170736, "impact": 0.085368, "dataStatus": "EXACT_MATCH", "division": "Dagoretti", "location": "RIRUTA"}, "geometry": {"type": "Polygon", "coordinates": [[[36.7276, -1.27521], [36.73343, -1.27587], [36.73385, -1.27573], [36.73512, -1.2767], [36.73591, -1.2784], [36.7358, -1.27928], [36.736, -1.28019], [36.73779, -1.28482], [36.7414, -1.28772], [36.74752, -1.2917], [36.75278, -1.29281], [36.75358, -1.29333], [36.75304, -1.29352], [36.75137, -1.29349], [36.74845, -1.29535], [36.74601, -1.29623], [36.74468, -1.29636], [36.74302, -1.29831], [36.73928, -1.2996], [36.73749, -1.2995], [36.73715, -1.29905], [36.73669, -1.29717], [36.73281, -1.29612], [36.73042, -1.2969], [36.72724, -1.29719], [36.72585, -1.29311], [36.72536, -1.29085], [36.72581, -1.28879], [36.72628, -1.28788], [36.72612, -1.28592], [36.72662, -1.28402], [36.72695, -1.27904], [36.72646, -1.27887], [36.72653, -1.27605], [36.72679, -1.27553], [36.7276, -1.27521]]]}}, {"type": "Feature", "properties": {"Name": "CALIFORNIA", "exposure": 2.0, "sensitivity": 0.245683, "adaptiveCap": 0.305081, "vulnerability": 0.129802, "impact": 0.129802, "dataStatus": "EXACT_MATCH", "division": "Pumwani", "location": "EASTLEIGH SOUTH"}, "geometry": {"type": "Polygon", "coordinates": [[[36.85229, -1.28949], [36.84954, -1.28932], [36.84873, -1.28908], [36.84852, -1.28873], [36.84786, -1.28847], [36.84622, -1.28015], [36.85014, -1.2793], [36.85229, -1.28949]]]}}, {"type": "Feature", "properties": {"Name": "MAJENGO", "exposure": 2.0, "sensitivity": 0.334478, "adaptiveCap": 0.484722, "vulnerability": 0.15751, "impact": 0.0, "dataStatus": "EXACT_MATCH", "division": "Pumwani", "location": "PUMWANI"}, "geometry": {"type": "Polygon", "coordinates": [[[36.84622, -1.28015], [36.84786, -1.28847], [36.84699, -1.2877], [36.84444, -1.2871], [36.84481, -1.28539], [36.8439, -1.28507], [36.84313, -1.28447], [36.84444, -1.28235], [36.84456, -1.28148], [36.84431, -1.28011], [36.84622, -1.28015]]]}}, {"type": "Feature", "properties": {"Name": "CITY SQUARE", "exposure": 28.85, "sensitivity": 0.092921, "adaptiveCap": 1.0, "vulnerability": 0.0, "impact": 0.0, "dataStatus": "EXACT_MATCH", "division": "Central", "location": "STAREHE"}, "geometry": {"type": "Polygon", "coordinates": [[[36.82867, -1.29174], [36.82202, -1.29521], [36.82044, -1.29284], [36.81721, -1.28658], [36.81506, -1.28173], [36.8181, -1.28029], [36.81946, -1.2803], [36.82509, -1.28498], [36.82867, -1.29174]]]}}, {"type": "Feature", "properties": {"Name": "KIRIGU", "exposure": 0.3, "sensitivity": 0.5, "adaptiveCap": 0.5, "vulnerability": 0.25, "impact": 0.0, "dataStatus": "NO_DATA", "division": "Dagoretti", "location": "MUTUINI"}, "geometry": {"type": "Polygon", "coordinates": [[[36.70585, -1.29338], [36.70686, -1.29421], [36.70785, -1.29308], [36.70968, -1.29307], [36.7109, -1.29423], [36.71997, -1.30027], [36.72404, -1.30328], [36.7172, -1.30135], [36.70886, -1.29778], [36.70774, -1.30366], [36.70733, -1.3048], [36.70669, -1.30536], [36.70578, -1.30517], [36.70183, -1.30126], [36.69941, -1.30023], [36.69821, -1.29928], [36.69695, -1.29892], [36.69768, -1.297], [36.69694, -1.29675], [36.69802, -1.29451], [36.69861, -1.29374], [36.7008, -1.29349], [36.70095, -1.29312], [36.70078, -1.29272], [36.699, -1.29196], [36.69824, -1.2911], [36.69785, -1.28777], [36.69903, -1.28675], [36.69888, -1.28589], [36.69794, -1.28407], [36.6984, -1.28365], [36.69938, -1.28349], [36.7023, -1.28204], [36.7033, -1.28181], [36.70443, -1.28263], [36.70308, -1.28912], [36.70239, -1.2912], [36.70262, -1.29181], [36.70374, -1.29286], [36.70509, -1.29306], [36.70585, -1.29338]]]}}, {"type": "Feature", "properties": {"Name": "MUTUINI", "exposure": 1.8, "sensitivity": 0.126749, "adaptiveCap": 0.415175, "vulnerability": 0.123397, "impact": 0.0, "dataStatus": "EXACT_MATCH", "division": "Dagoretti", "location": "MUTUINI"}, "geometry": {"type": "Polygon", "coordinates": [[[36.69286, -1.28529], [36.69496, -1.28545], [36.69498, -1.28663], [36.69714, -1.28566], [36.69854, -1.28544], [36.69888, -1.28589], [36.69903, -1.28675], [36.69785, -1.28777], [36.69824, -1.2911], [36.699, -1.29196], [36.70078, -1.29272], [36.70095, -1.29312], [36.7008, -1.29349], [36.69861, -1.29374], [36.69802, -1.29451], [36.69694, -1.29675], [36.69768, -1.297], [36.69695, -1.29892], [36.69474, -1.29778], [36.69411, -1.2979], [36.69368, -1.29827], [36.69273, -1.29805], [36.6924, -1.29762], [36.69064, -1.29792], [36.68765, -1.29667], [36.68508, -1.30082], [36.6806, -1.30106], [36.68348, -1.29406], [36.68446, -1.29025], [36.68596, -1.28845], [36.68634, -1.28703], [36.68735, -1.28524], [36.68932, -1.28313], [36.69071, -1.28443], [36.69286, -1.28529]]]}}, {"type": "Feature", "properties": {"Name": "GOROFANI/BONDENI", "exposure": 0.0, "sensitivity": 0.5, "adaptiveCap": 0.5, "vulnerability": 0.25, "impact": 0.0, "dataStatus": "NO_DATA", "division": "Pumwani", "location": "PUMWANI"}, "geometry": {"type": "Polygon", "coordinates": [[[36.84481, -1.28539], [36.84444, -1.2871], [36.84354, -1.28657], [36.84192, -1.2875], [36.84144, -1.28736], [36.84089, -1.28659], [36.83942, -1.2854], [36.83905, -1.28471], [36.84005, -1.28449], [36.84048, -1.28418], [36.84023, -1.28351], [36.84131, -1.28316], [36.84387, -1.2832], [36.84313, -1.28447], [36.8439, -1.28507], [36.84481, -1.28539]]]}}, {"type": "Feature", "properties": {"Name": "KIMATHI", "exposure": 5.25, "sensitivity": 0.18138, "adaptiveCap": 0.38978, "vulnerability": 0.111051, "impact": 0.0, "dataStatus": "EXACT_MATCH", "division": "Pumwani", "location": "BAHATI"}, "geometry": {"type": "Polygon", "coordinates": [[[36.86473, -1.28327], [36.86702, -1.2875], [36.85183, -1.29435], [36.8523, -1.29174], [36.85269, -1.29133], [36.85229, -1.28949], [36.85395, -1.28885], [36.85519, -1.28762], [36.85712, -1.28719], [36.86016, -1.28537], [36.86174, -1.28372], [36.86288, -1.28357], [36.86375, -1.28318], [36.86473, -1.28327]]]}}, {"type": "Feature", "properties": {"Name": "GIKOMBA", "exposure": 0.0, "sensitivity": 0.5, "adaptiveCap": 0.5, "vulnerability": 0.25, "impact": 0.0, "dataStatus": "NO_DATA", "division": "Pumwani", "location": "PUMWANI"}, "geometry": {"type": "Polygon", "coordinates": [[[36.83905, -1.28471], [36.83942, -1.2854], [36.84089, -1.28659], [36.84144, -1.28736], [36.84073, -1.2871], [36.84, -1.28642], [36.8376, -1.28649], [36.83583, -1.28535], [36.8376, -1.28533], [36.83827, -1.28505], [36.83863, -1.28457], [36.83905, -1.28471]]]}}, {"type": "Feature", "properties": {"Name": "KAMUKUNJI", "exposure": 0.0, "sensitivity": 0.265955, "adaptiveCap": 0.722055, "vulnerability": 0.091933, "impact": 0.0, "dataStatus": "EXACT_MATCH", "division": "Pumwani", "location": "KAMUKUNJI"}, "geometry": {"type": "Polygon", "coordinates": [[[36.84073, -1.2871], [36.84238, -1.2874], [36.84354, -1.28657], [36.84444, -1.2871], [36.8442, -1.28775], [36.84311, -1.28804], [36.84181, -1.2891], [36.84165, -1.29079], [36.841, -1.2907], [36.84092, -1.28949], [36.8401, -1.28859], [36.83899, -1.28795], [36.83217, -1.2857], [36.83583, -1.28535], [36.8376, -1.28649], [36.84, -1.28642], [36.84073, -1.2871]]]}}, {"type": "Feature", "properties": {"Name": "MUTHURWA", "exposure": 0.75, "sensitivity": 0.216188, "adaptiveCap": 0.672738, "vulnerability": 0.071879, "impact": 0.071879, "dataStatus": "EXACT_MATCH", "division": "Pumwani", "location": "KAMUKUNJI"}, "geometry": {"type": "Polygon", "coordinates": [[[36.8401, -1.28859], [36.84109, -1.28989], [36.84087, -1.29203], [36.84011, -1.29162], [36.83892, -1.29161], [36.83845, -1.29188], [36.83748, -1.29036], [36.8365, -1.28949], [36.83566, -1.28897], [36.83498, -1.28889], [36.83423, -1.28906], [36.82867, -1.29174], [36.82726, -1.28926], [36.83155, -1.28712], [36.83217, -1.2857], [36.83899, -1.28795], [36.8401, -1.28859]]]}}, {"type": "Feature", "properties": {"Name": "KENYATTA", "exposure": 4.95, "sensitivity": 0.019639, "adaptiveCap": 0.381482, "vulnerability": 0.167434, "impact": 0.065959, "dataStatus": "EXACT_MATCH", "division": "Dagoretti", "location": "KENYATTA/GOLF COURSE"}, "geometry": {"type": "Polygon", "coordinates": [[[36.8222, -1.30503], [36.81935, -1.30609], [36.81864, -1.30608], [36.81685, -1.30531], [36.81579, -1.30516], [36.80979, -1.30814], [36.80741, -1.30819], [36.8063, -1.3095], [36.80594, -1.31145], [36.80522, -1.30975], [36.80384, -1.30854], [36.80349, -1.30771], [36.80431, -1.3064], [36.80419, -1.30365], [36.8041, -1.30263], [36.80285, -1.2981], [36.80746, -1.29711], [36.80993, -1.29556], [36.81271, -1.29541], [36.81542, -1.29384], [36.82044, -1.29284], [36.82392, -1.29846], [36.82413, -1.29927], [36.82403, -1.2999], [36.82303, -1.29992], [36.82373, -1.30267], [36.82324, -1.30394], [36.8222, -1.30503]]]}}, {"type": "Feature", "properties": {"Name": "NGANDO", "exposure": 6.85, "sensitivity": 0.193303, "adaptiveCap": 0.542612, "vulnerability": 0.150191, "impact": 0.150191, "dataStatus": "EXACT_MATCH", "division": "Dagoretti", "location": "RIRUTA"}, "geometry": {"type": "Polygon", "coordinates": [[[36.75358, -1.29333], [36.75738, -1.29778], [36.76033, -1.29849], [36.76044, -1.29918], [36.75514, -1.30103], [36.74339, -1.30588], [36.73656, -1.30707], [36.73202, -1.30847], [36.73197, -1.3052], [36.73116, -1.30257], [36.72703, -1.30373], [36.72404, -1.30328], [36.72724, -1.29719], [36.73042, -1.2969], [36.73281, -1.29612], [36.73669, -1.29717], [36.73715, -1.29905], [36.73749, -1.2995], [36.73928, -1.2996], [36.74302, -1.29831], [36.74468, -1.29636], [36.74601, -1.29623], [36.74845, -1.29535], [36.75137, -1.29349], [36.75304, -1.29352], [36.75358, -1.29333]]]}}, {"type": "Feature", "properties": {"Name": "MAKONGENI", "exposure": 3.0, "sensitivity": 0.178558, "adaptiveCap": 0.507307, "vulnerability": 0.089413, "impact": 0.0, "dataStatus": "EXACT_MATCH", "division": "Makadara", "location": "MAKONGENI"}, "geometry": {"type": "Polygon", "coordinates": [[[36.8495, -1.29392], [36.85551, -1.29514], [36.85557, -1.29598], [36.85515, -1.29741], [36.85542, -1.30053], [36.84761, -1.30161], [36.84538, -1.29798], [36.8495, -1.29392]]]}}, {"type": "Feature", "properties": {"Name": "MBOTELA", "exposure": 1.75, "sensitivity": 0.166756, "adaptiveCap": 0.56195, "vulnerability": 0.107483, "impact": 0.0, "dataStatus": "EXACT_MATCH", "division": "Makadara", "location": "MARINGO"}, "geometry": {"type": "Polygon", "coordinates": [[[36.85551, -1.29514], [36.8692, -1.29784], [36.86923, -1.29844], [36.85542, -1.30053], [36.85515, -1.29741], [36.85557, -1.29598], [36.85551, -1.29514]]]}}, {"type": "Feature", "properties": {"Name": "VIWANDA", "exposure": 11.75, "sensitivity": 0.5, "adaptiveCap": 0.5, "vulnerability": 0.25, "impact": 0.25, "dataStatus": "RENAMED", "division": "Makadara", "location": "VIWANDA"}, "geometry": {"type": "Polygon", "coordinates": [[[36.88887, -1.30697], [36.88822, -1.30745], [36.88755, -1.30715], [36.8872, -1.3073], [36.88665, -1.30811], [36.88463, -1.30897], [36.88271, -1.31042], [36.88138, -1.31082], [36.87943, -1.31043], [36.87789, -1.31076], [36.87449, -1.31295], [36.87234, -1.31364], [36.87227, -1.31274], [36.87203, -1.31253], [36.87072, -1.31295], [36.86975, -1.31236], [36.86797, -1.31227], [36.86657, -1.31271], [36.8655, -1.31412], [36.86486, -1.31431], [36.86436, -1.31406], [36.86325, -1.31456], [36.86277, -1.31489], [36.86225, -1.31597], [36.86093, -1.31667], [36.85935, -1.3167], [36.85817, -1.31725], [36.85761, -1.31706], [36.8565, -1.31606], [36.85422, -1.31624], [36.85434, -1.31514], [36.85411, -1.31486], [36.855, -1.31436], [36.8549, -1.3133], [36.85672, -1.30953], [36.85542, -1.30053], [36.86923, -1.29844], [36.8692, -1.29784], [36.87643, -1.29705], [36.88224, -1.29612], [36.88692, -1.29794], [36.88712, -1.29995], [36.88882, -1.30566], [36.88887, -1.30697]]]}}, {"type": "Feature", "properties": {"Name": "LENANA", "exposure": 1.1, "sensitivity": 0.13757, "adaptiveCap": 0.47042, "vulnerability": 0.188011, "impact": 0.026859, "dataStatus": "EXACT_MATCH", "division": "Kibera", "location": "KAREN"}, "geometry": {"type": "Polygon", "coordinates": [[[36.68765, -1.29667], [36.69064, -1.29792], [36.6924, -1.29762], [36.69273, -1.29805], [36.69368, -1.29827], [36.69411, -1.2979], [36.69474, -1.29778], [36.69621, -1.29865], [36.69821, -1.29928], [36.69941, -1.30023], [36.70183, -1.30126], [36.70578, -1.30517], [36.70669, -1.30536], [36.70733, -1.3048], [36.70774, -1.30366], [36.70886, -1.29778], [36.7172, -1.30135], [36.72404, -1.30328], [36.72703, -1.30373], [36.73116, -1.30257], [36.73197, -1.3052], [36.73202, -1.30847], [36.72957, -1.3082], [36.72827, -1.3085], [36.72702, -1.30986], [36.725, -1.31082], [36.72215, -1.31302], [36.71874, -1.31616], [36.71616, -1.33321], [36.70681, -1.32241], [36.69053, -1.30208], [36.68469, -1.30216], [36.68308, -1.30171], [36.68074, -1.30171], [36.6806, -1.30106], [36.68508, -1.30082], [36.68765, -1.29667]]]}}, {"type": "Feature", "properties": {"Name": "GOLF COURSE", "exposure": 4.7, "sensitivity": 0.081289, "adaptiveCap": 0.303467, "vulnerability": 0.168809, "impact": 0.021101, "dataStatus": "EXACT_MATCH", "division": "Dagoretti", "location": "KENYATTA/GOLF COURSE"}, "geometry": {"type": "Polygon", "coordinates": [[[36.80594, -1.31145], [36.80587, -1.31252], [36.805, -1.31461], [36.80377, -1.31524], [36.80242, -1.31501], [36.79759, -1.31129], [36.79382, -1.30956], [36.79288, -1.30942], [36.79228, -1.30787], [36.78773, -1.30534], [36.78806, -1.30373], [36.79065, -1.30141], [36.79293, -1.30124], [36.79286, -1.29954], [36.79584, -1.29928], [36.79869, -1.29886], [36.80084, -1.29826], [36.80285, -1.2981], [36.8041, -1.30263], [36.80419, -1.30365], [36.80431, -1.3064], [36.80349, -1.30771], [36.80384, -1.30854], [36.80522, -1.30975], [36.80594, -1.31145]]]}}, {"type": "Feature", "properties": {"Name": "WOODLY", "exposure": 7.05, "sensitivity": 0.5, "adaptiveCap": 0.5, "vulnerability": 0.25, "impact": 0.135417, "dataStatus": "RENAMED", "division": "Dagoretti", "location": "KENYATTA/GOLF COURSE"}, "geometry": {"type": "Polygon", "coordinates": [[[36.76475, -1.29948], [36.76981, -1.30042], [36.79286, -1.29954], [36.79293, -1.30124], [36.79065, -1.30141], [36.78825, -1.30336], [36.78773, -1.30534], [36.78726, -1.30616], [36.78534, -1.30583], [36.7833, -1.30648], [36.77801, -1.30645], [36.77656, -1.30703], [36.77501, -1.30695], [36.77242, -1.30749], [36.77183, -1.30824], [36.77165, -1.30951], [36.77065, -1.3099], [36.77149, -1.3124], [36.76903, -1.31351], [36.76777, -1.31057], [36.76436, -1.31118], [36.76246, -1.31271], [36.76154, -1.31306], [36.7582, -1.31165], [36.75652, -1.31189], [36.75466, -1.30827], [36.75412, -1.30744], [36.75352, -1.30704], [36.75073, -1.30778], [36.7485, -1.30877], [36.74835, -1.30375], [36.76044, -1.29918], [36.76475, -1.29948]]]}}, {"type": "Feature", "properties": {"Name": "KAREN", "exposure": 1.2, "sensitivity": 0.129527, "adaptiveCap": 0.494189, "vulnerability": 0.190025, "impact": 0.042228, "dataStatus": "EXACT_MATCH", "division": "Kibera", "location": "KAREN"}, "geometry": {"type": "Polygon", "coordinates": [[[36.6806, -1.30107], [36.68074, -1.30171], [36.68308, -1.30171], [36.68469, -1.30216], [36.69053, -1.30208], [36.70681, -1.32241], [36.71616, -1.33321], [36.71201, -1.3597], [36.70894, -1.3583], [36.70626, -1.35623], [36.70512, -1.3544], [36.70495, -1.35361], [36.70298, -1.35225], [36.69716, -1.35227], [36.69595, -1.35345], [36.69423, -1.35376], [36.68975, -1.34966], [36.6896, -1.34708], [36.68683, -1.34389], [36.6862, -1.33953], [36.68517, -1.33687], [36.6832, -1.33755], [36.67946, -1.32872], [36.67544, -1.33059], [36.66975, -1.32625], [36.67324, -1.32484], [36.66416, -1.32012], [36.67125, -1.30656], [36.67471, -1.30797], [36.67844, -1.30133], [36.68017, -1.29934], [36.68106, -1.29973], [36.6806, -1.30107]]]}}, {"type": "Feature", "properties": {"Name": "NAIROBI WEST", "exposure": 16.5, "sensitivity": 0.182134, "adaptiveCap": 0.361525, "vulnerability": 0.200541, "impact": 0.171892, "dataStatus": "EXACT_MATCH", "division": "Kibera", "location": "NAIROBI WEST"}, "geometry": {"type": "Polygon", "coordinates": [[[36.82669, -1.30592], [36.82973, -1.31174], [36.82827, -1.3121], [36.82752, -1.3133], [36.82622, -1.31332], [36.82443, -1.31298], [36.82279, -1.31209], [36.82117, -1.31887], [36.82152, -1.31958], [36.82499, -1.32191], [36.82599, -1.32331], [36.82609, -1.3304], [36.7992, -1.3343], [36.79156, -1.34096], [36.78356, -1.33193], [36.79317, -1.3265], [36.79686, -1.32416], [36.80234, -1.32295], [36.8047, -1.32297], [36.80788, -1.32215], [36.81397, -1.31601], [36.81584, -1.31277], [36.81479, -1.31291], [36.81248, -1.314], [36.80953, -1.31586], [36.80812, -1.31584], [36.80743, -1.31529], [36.80594, -1.31145], [36.8063, -1.3095], [36.80741, -1.30819], [36.80979, -1.30814], [36.81579, -1.30516], [36.81685, -1.30531], [36.81864, -1.30608], [36.81935, -1.30609], [36.82132, -1.3055], [36.82281, -1.30453], [36.82373, -1.30267], [36.82303, -1.29992], [36.82403, -1.2999], [36.82669, -1.30592]]]}}, {"type": "Feature", "properties": {"Name": "LANGATA", "exposure": 5.35, "sensitivity": 0.5, "adaptiveCap": 0.5, "vulnerability": 0.25, "impact": 0.0, "dataStatus": "RENAMED", "division": "Kibera", "location": "LANGATA"}, "geometry": {"type": "Polygon", "coordinates": [[[36.77165, -1.30951], [36.77266, -1.31164], [36.77462, -1.31352], [36.77536, -1.3136], [36.77519, -1.31484], [36.77534, -1.31525], [36.77649, -1.31636], [36.77323, -1.31654], [36.76754, -1.32218], [36.76645, -1.32398], [36.76588, -1.32556], [36.76585, -1.3273], [36.76679, -1.33268], [36.76686, -1.34126], [36.76655, -1.34259], [36.75091, -1.34035], [36.71919, -1.33649], [36.71848, -1.33617], [36.71616, -1.33321], [36.71874, -1.31616], [36.72215, -1.31302], [36.725, -1.31082], [36.72702, -1.30986], [36.72827, -1.3085], [36.72885, -1.30823], [36.73202, -1.30847], [36.73656, -1.30707], [36.74227, -1.3062], [36.74543, -1.30517], [36.74835, -1.30375], [36.7485, -1.30877], [36.75073, -1.30778], [36.75352, -1.30704], [36.75412, -1.30744], [36.75466, -1.30827], [36.75652, -1.31189], [36.7582, -1.31165], [36.76154, -1.31306], [36.76246, -1.31271], [36.76436, -1.31118], [36.76777, -1.31057], [36.76903, -1.31351], [36.77149, -1.3124], [36.77065, -1.3099], [36.77165, -1.30951]]]}}, {"type": "Feature", "properties": {"Name": "MAKINA", "exposure": 9.5, "sensitivity": 0.108544, "adaptiveCap": 0.441533, "vulnerability": 0.088402, "impact": 0.0, "dataStatus": "EXACT_MATCH", "division": "Kibera", "location": "KIBERA"}, "geometry": {"type": "Polygon", "coordinates": [[[36.79288, -1.30942], [36.79033, -1.3097], [36.7833, -1.31312], [36.78137, -1.31171], [36.77991, -1.31116], [36.77917, -1.31057], [36.77704, -1.30691], [36.77801, -1.30645], [36.7833, -1.30648], [36.78534, -1.30583], [36.78726, -1.30616], [36.78773, -1.30534], [36.79228, -1.30787], [36.79288, -1.30942]]]}}, {"type": "Feature", "properties": {"Name": "NAIROBI SOUTH", "exposure": 7.25, "sensitivity": 0.5, "adaptiveCap": 0.5, "vulnerability": 0.25, "impact": 0.142857, "dataStatus": "COMBINED", "division": "Makadara", "location": "MUKURU NYAYO"}, "geometry": {"type": "Polygon", "coordinates": [[[36.84288, -1.31078], [36.84185, -1.31188], [36.84038, -1.31154], [36.83823, -1.31156], [36.8382, -1.31549], [36.83891, -1.31705], [36.83891, -1.31753], [36.83854, -1.31883], [36.83794, -1.31932], [36.83287, -1.31645], [36.83165, -1.31535], [36.82868, -1.30989], [36.82932, -1.30969], [36.83053, -1.30878], [36.831, -1.30761], [36.83067, -1.30647], [36.83458, -1.30597], [36.83548, -1.30626], [36.83589, -1.30744], [36.83644, -1.30792], [36.8384, -1.30781], [36.84026, -1.30651], [36.84085, -1.30668], [36.84126, -1.307], [36.84145, -1.30767], [36.84087, -1.30914], [36.8409, -1.30972], [36.84178, -1.30998], [36.84288, -1.31078]]]}}, {"type": "Feature", "properties": {"Name": "OLYMPIC", "exposure": 10.5, "sensitivity": 0.5, "adaptiveCap": 0.5, "vulnerability": 0.25, "impact": 0.25, "dataStatus": "RENAMED", "division": "Kibera", "location": "SERA NGOMBE"}, "geometry": {"type": "Polygon", "coordinates": [[[36.77501, -1.30695], [36.77704, -1.30691], [36.77917, -1.31057], [36.77991, -1.31116], [36.78137, -1.31171], [36.7833, -1.31312], [36.77863, -1.31521], [36.77898, -1.31743], [36.77867, -1.31664], [36.77799, -1.31616], [36.77649, -1.31636], [36.77552, -1.31552], [36.77519, -1.31484], [36.77536, -1.3136], [36.77462, -1.31352], [36.77266, -1.31164], [36.77165, -1.30951], [36.77183, -1.30824], [36.77242, -1.30749], [36.77501, -1.30695]]]}}, {"type": "Feature", "properties": {"Name": "MUKURU KWA NJENGA", "exposure": 14.5, "sensitivity": 0.291453, "adaptiveCap": 0.541335, "vulnerability": 0.158544, "impact": 0.158544, "dataStatus": "EXACT_MATCH", "division": "Embakasi", "location": "MUKURU KWA NJENGA"}, "geometry": {"type": "Polygon", "coordinates": [[[36.8872, -1.3073], [36.88822, -1.30745], [36.88866, -1.30723], [36.89932, -1.32434], [36.89996, -1.32431], [36.91969, -1.35233], [36.91333, -1.35802], [36.8894, -1.33187], [36.88859, -1.33075], [36.88763, -1.33005], [36.88307, -1.3279], [36.88036, -1.32729], [36.88021, -1.3248], [36.88291, -1.32353], [36.88095, -1.32081], [36.87966, -1.32152], [36.87584, -1.31914], [36.88138, -1.31082], [36.88271, -1.31042], [36.88463, -1.30897], [36.88665, -1.30811], [36.8872, -1.3073]]]}}, {"type": "Feature", "properties": {"Name": "LAINI SABA", "exposure": 6.25, "sensitivity": 0.143636, "adaptiveCap": 0.507417, "vulnerability": 0.142738, "impact": 0.0, "dataStatus": "EXACT_MATCH", "division": "Kibera", "location": "LAINI SABA"}, "geometry": {"type": "Polygon", "coordinates": [[[36.80001, -1.31302], [36.79915, -1.31433], [36.79814, -1.31475], [36.79751, -1.31576], [36.79699, -1.316], [36.79505, -1.31387], [36.79418, -1.31345], [36.79186, -1.31321], [36.79165, -1.31263], [36.79059, -1.31174], [36.78956, -1.31019], [36.79033, -1.3097], [36.79134, -1.30948], [36.79336, -1.30941], [36.79759, -1.31129], [36.80001, -1.31302]]]}}, {"type": "Feature", "properties": {"Name": "KIBERA", "exposure": 4.0, "sensitivity": 0.073124, "adaptiveCap": 0.413615, "vulnerability": 0.07499, "impact": 0.0, "dataStatus": "EXACT_MATCH", "division": "Kibera", "location": "KIBERA"}, "geometry": {"type": "Polygon", "coordinates": [[[36.79186, -1.31321], [36.79008, -1.31424], [36.79002, -1.31461], [36.7891, -1.31444], [36.78797, -1.3146], [36.7833, -1.31312], [36.78956, -1.31019], [36.79059, -1.31174], [36.79165, -1.31263], [36.79186, -1.31321]]]}}, {"type": "Feature", "properties": {"Name": "IMARA DAIMA", "exposure": 4.0, "sensitivity": 0.224164, "adaptiveCap": 0.518478, "vulnerability": 0.175028, "impact": 0.100016, "dataStatus": "EXACT_MATCH", "division": "Embakasi", "location": "MUKURU KWA NJENGA"}, "geometry": {"type": "Polygon", "coordinates": [[[36.88138, -1.31082], [36.87584, -1.31914], [36.87966, -1.32152], [36.88095, -1.32081], [36.88291, -1.32353], [36.88021, -1.3248], [36.88036, -1.32729], [36.87867, -1.32708], [36.87454, -1.32786], [36.87248, -1.32868], [36.87033, -1.32993], [36.86078, -1.33116], [36.858, -1.33085], [36.85489, -1.32946], [36.85235, -1.32769], [36.84051, -1.32078], [36.84234, -1.32063], [36.84282, -1.32009], [36.84419, -1.32001], [36.84532, -1.32023], [36.84675, -1.3193], [36.8479, -1.31917], [36.84851, -1.31884], [36.84888, -1.31805], [36.84944, -1.31752], [36.85051, -1.31701], [36.85204, -1.31671], [36.85295, -1.31583], [36.85422, -1.31624], [36.8565, -1.31606], [36.85761, -1.31706], [36.85817, -1.31725], [36.85935, -1.3167], [36.86093, -1.31667], [36.86145, -1.31645], [36.86225, -1.31597], [36.86277, -1.31489], [36.86325, -1.31456], [36.86436, -1.31406], [36.86486, -1.31431], [36.8655, -1.31412], [36.86657, -1.31271], [36.86797, -1.31227], [36.86975, -1.31236], [36.87072, -1.31295], [36.87203, -1.31253], [36.87227, -1.31274], [36.87234, -1.31364], [36.87449, -1.31295], [36.87789, -1.31076], [36.87943, -1.31043], [36.88138, -1.31082]]]}}, {"type": "Feature", "properties": {"Name": "HAZINA", "exposure": 1.3, "sensitivity": 0.183621, "adaptiveCap": 0.416092, "vulnerability": 0.186126, "impact": 0.0, "dataStatus": "EXACT_MATCH", "division": "Makadara", "location": "MUKURU NYAYO"}, "geometry": {"type": "Polygon", "coordinates": [[[36.84288, -1.31078], [36.84483, -1.3126], [36.84677, -1.31359], [36.84763, -1.31378], [36.84903, -1.31355], [36.85026, -1.31368], [36.85176, -1.31525], [36.85295, -1.31583], [36.85204, -1.31671], [36.85051, -1.31701], [36.84944, -1.31752], [36.84888, -1.31805], [36.84851, -1.31884], [36.8479, -1.31917], [36.84675, -1.3193], [36.84532, -1.32023], [36.84419, -1.32001], [36.84282, -1.32009], [36.84234, -1.32063], [36.84051, -1.32078], [36.83794, -1.31932], [36.83854, -1.31883], [36.83891, -1.31753], [36.83891, -1.31705], [36.8382, -1.31549], [36.83823, -1.31156], [36.84038, -1.31154], [36.84185, -1.31188], [36.84288, -1.31078]]]}}, {"type": "Feature", "properties": {"Name": "NYAYO HIGHRISE", "exposure": 0.0, "sensitivity": 0.5, "adaptiveCap": 0.5, "vulnerability": 0.25, "impact": 0.0, "dataStatus": "RENAMED", "division": "Kibera", "location": "LAINI SABA"}, "geometry": {"type": "Polygon", "coordinates": [[[36.80812, -1.31584], [36.80628, -1.31684], [36.80504, -1.3171], [36.80387, -1.31696], [36.80363, -1.31668], [36.80263, -1.31681], [36.80186, -1.3166], [36.80113, -1.31663], [36.8007, -1.31704], [36.79892, -1.31611], [36.79699, -1.316], [36.79751, -1.31576], [36.79814, -1.31475], [36.79915, -1.31433], [36.80001, -1.31302], [36.80242, -1.31501], [36.80377, -1.31524], [36.8046, -1.31495], [36.80543, -1.31386], [36.80587, -1.31252], [36.80594, -1.31145], [36.80743, -1.31529], [36.80812, -1.31584]]]}}, {"type": "Feature", "properties": {"Name": "SOUTH 'C'", "exposure": 3.75, "sensitivity": 0.5, "adaptiveCap": 0.5, "vulnerability": 0.25, "impact": 0.160714, "dataStatus": "RENAMED", "division": "Kibera", "location": "NAIROBI WEST"}, "geometry": {"type": "Polygon", "coordinates": [[[36.82973, -1.31174], [36.83107, -1.31454], [36.83287, -1.31645], [36.85235, -1.32769], [36.85489, -1.32946], [36.858, -1.33085], [36.86078, -1.33116], [36.87033, -1.32993], [36.87248, -1.32868], [36.87454, -1.32786], [36.87867, -1.32708], [36.88307, -1.3279], [36.88763, -1.33005], [36.88859, -1.33075], [36.8894, -1.33187], [36.91333, -1.35802], [36.90625, -1.3642], [36.91397, -1.37299], [36.90846, -1.37283], [36.89581, -1.35888], [36.89325, -1.36116], [36.88287, -1.3497], [36.8485, -1.32708], [36.82609, -1.3304], [36.82599, -1.32331], [36.82499, -1.32191], [36.82152, -1.31958], [36.82117, -1.31887], [36.82279, -1.31209], [36.82443, -1.31298], [36.82622, -1.31332], [36.82752, -1.3133], [36.82827, -1.3121], [36.82892, -1.31186], [36.82973, -1.31174]]]}}, {"type": "Feature", "properties": {"Name": "MUGUMOINI", "exposure": 6.0, "sensitivity": 0.157354, "adaptiveCap": 0.383817, "vulnerability": 0.2078, "impact": 0.12468, "dataStatus": "EXACT_MATCH", "division": "Kibera", "location": "MUGUMOINI"}, "geometry": {"type": "Polygon", "coordinates": [[[36.78356, -1.33193], [36.78183, -1.3327], [36.78076, -1.33129], [36.7807, -1.32684], [36.78124, -1.32348], [36.78345, -1.32121], [36.78468, -1.31952], [36.78645, -1.31807], [36.78673, -1.31759], [36.78677, -1.31582], [36.7879, -1.31536], [36.78866, -1.31455], [36.79002, -1.31461], [36.79027, -1.31525], [36.79005, -1.31663], [36.79121, -1.31691], [36.79212, -1.31793], [36.79364, -1.31868], [36.79441, -1.31971], [36.79453, -1.3203], [36.79488, -1.32042], [36.79531, -1.31942], [36.79568, -1.31921], [36.79727, -1.31889], [36.79857, -1.31898], [36.80046, -1.31821], [36.80076, -1.31782], [36.8007, -1.31704], [36.80113, -1.31663], [36.80263, -1.31681], [36.80329, -1.31663], [36.80443, -1.31708], [36.80599, -1.31694], [36.80812, -1.31584], [36.80953, -1.31586], [36.81248, -1.314], [36.81479, -1.31291], [36.81584, -1.31277], [36.81397, -1.31601], [36.80788, -1.32215], [36.8047, -1.32297], [36.80234, -1.32295], [36.79686, -1.32416], [36.79317, -1.3265], [36.78356, -1.33193]]]}}, {"type": "Feature", "properties": {"Name": "GATWIKIRA", "exposure": 3.5, "sensitivity": 0.5, "adaptiveCap": 0.5, "vulnerability": 0.25, "impact": 0.0, "dataStatus": "RENAMED", "division": "Kibera", "location": "SERA NGOMBE"}, "geometry": {"type": "Polygon", "coordinates": [[[36.78866, -1.31455], [36.7879, -1.31536], [36.78631, -1.3161], [36.78544, -1.31577], [36.78431, -1.31606], [36.78301, -1.31723], [36.78125, -1.31712], [36.78068, -1.3175], [36.77898, -1.31743], [36.77863, -1.31521], [36.7833, -1.31312], [36.78721, -1.31446], [36.78866, -1.31455]]]}}, {"type": "Feature", "properties": {"Name": "LINDI", "exposure": 4.25, "sensitivity": 0.14097, "adaptiveCap": 0.387234, "vulnerability": 0.138691, "impact": 0.0, "dataStatus": "EXACT_MATCH", "division": "Kibera", "location": "KIBERA"}, "geometry": {"type": "Polygon", "coordinates": [[[36.79699, -1.316], [36.79402, -1.31902], [36.79212, -1.31793], [36.79121, -1.31691], [36.79005, -1.31663], [36.79027, -1.31525], [36.79008, -1.31424], [36.79186, -1.31321], [36.79418, -1.31345], [36.79505, -1.31387], [36.79699, -1.316]]]}}, {"type": "Feature", "properties": {"Name": "BOMAS", "exposure": 3.95, "sensitivity": 0.181033, "adaptiveCap": 0.452426, "vulnerability": 0.168644, "impact": 0.0, "dataStatus": "EXACT_MATCH", "division": "Kibera", "location": "MUGUMOINI"}, "geometry": {"type": "Polygon", "coordinates": [[[36.78544, -1.31577], [36.78631, -1.3161], [36.78677, -1.31582], [36.78673, -1.31759], [36.78645, -1.31807], [36.78468, -1.31952], [36.78345, -1.32121], [36.78124, -1.32348], [36.7807, -1.32684], [36.78076, -1.33129], [36.78183, -1.3327], [36.78356, -1.33193], [36.79156, -1.34096], [36.7992, -1.3343], [36.8485, -1.32708], [36.88287, -1.3497], [36.89325, -1.36116], [36.89581, -1.35888], [36.90846, -1.37283], [36.91397, -1.37299], [36.92148, -1.3867], [36.92251, -1.39122], [36.92268, -1.39329], [36.92308, -1.39438], [36.92359, -1.39488], [36.92491, -1.39541], [36.92727, -1.39447], [36.92797, -1.39439], [36.92888, -1.39479], [36.93191, -1.39882], [36.93335, -1.39925], [36.93517, -1.39901], [36.93646, -1.39915], [36.93733, -1.39968], [36.93833, -1.40135], [36.93947, -1.40241], [36.94197, -1.40348], [36.94312, -1.40452], [36.94336, -1.40635], [36.94558, -1.40864], [36.94612, -1.41009], [36.94694, -1.41745], [36.94785, -1.42285], [36.94843, -1.42383], [36.94993, -1.42519], [36.95533, -1.42845], [36.95683, -1.43094], [36.95984, -1.43719], [36.96137, -1.43879], [36.9631, -1.43918], [36.96198, -1.44464], [36.96159, -1.44558], [36.96084, -1.4446], [36.95911, -1.44359], [36.95848, -1.44271], [36.9577, -1.44051], [36.95742, -1.4381], [36.95644, -1.43736], [36.95514, -1.43714], [36.95251, -1.43808], [36.95107, -1.43799], [36.94975, -1.43717], [36.94849, -1.43584], [36.94556, -1.43391], [36.94476, -1.43388], [36.94379, -1.43308], [36.94136, -1.43242], [36.94061, -1.43229], [36.93236, -1.43286], [36.89087, -1.41495], [36.89124, -1.41297], [36.89518, -1.41354], [36.89577, -1.41203], [36.89311, -1.41038], [36.89154, -1.4104], [36.89104, -1.40966], [36.89042, -1.40936], [36.88899, -1.40926], [36.8859, -1.40728], [36.88504, -1.40765], [36.88461, -1.40745], [36.8845, -1.40709], [36.8813, -1.40609], [36.88008, -1.40623], [36.87945, -1.40754], [36.87726, -1.40706], [36.87649, -1.40644], [36.87576, -1.40622], [36.87515, -1.40666], [36.87404, -1.40683], [36.87192, -1.40785], [36.87126, -1.40775], [36.87046, -1.40698], [36.87024, -1.40575], [36.87047, -1.40418], [36.8702, -1.40381], [36.86882, -1.40349], [36.86754, -1.40449], [36.86635, -1.40415], [36.86409, -1.40415], [36.86283, -1.40294], [36.8623, -1.40179], [36.85778, -1.39879], [36.85474, -1.39857], [36.85008, -1.39638], [36.84759, -1.39261], [36.84558, -1.39177], [36.84482, -1.38991], [36.84535, -1.38754], [36.84486, -1.38693], [36.84411, -1.38654], [36.84244, -1.3865], [36.84166, -1.38685], [36.84081, -1.38818], [36.84038, -1.38823], [36.83979, -1.38807], [36.83852, -1.38696], [36.83766, -1.38683], [36.83735, -1.38713], [36.83724, -1.38865], [36.83679, -1.3888], [36.83626, -1.3888], [36.83295, -1.38737], [36.83078, -1.3873], [36.82977, -1.38773], [36.8291, -1.38767], [36.82544, -1.38561], [36.82371, -1.38565], [36.82253, -1.38513], [36.82254, -1.38377], [36.82121, -1.38349], [36.82087, -1.38314], [36.82081, -1.38151], [36.82006, -1.38131], [36.81588, -1.38194], [36.81522, -1.3824], [36.81386, -1.38427], [36.81246, -1.38524], [36.81226, -1.38557], [36.81241, -1.38659], [36.81142, -1.38667], [36.8102, -1.38554], [36.80972, -1.38559], [36.80923, -1.38799], [36.80772, -1.38819], [36.80671, -1.38936], [36.80621, -1.38924], [36.80609, -1.38862], [36.80643, -1.38778], [36.80635, -1.38722], [36.80564, -1.38673], [36.80472, -1.38696], [36.80413, -1.3881], [36.80342, -1.38874], [36.80307, -1.38879], [36.80184, -1.38824], [36.80102, -1.38741], [36.79665, -1.38828], [36.79604, -1.38789], [36.79624, -1.38641], [36.79561, -1.38551], [36.79459, -1.38563], [36.79402, -1.3854], [36.79313, -1.38546], [36.79265, -1.38573], [36.7923, -1.38651], [36.79085, -1.38735], [36.7903, -1.38838], [36.78775, -1.38726], [36.78722, -1.38742], [36.78609, -1.38851], [36.78492, -1.38859], [36.78441, -1.38904], [36.78343, -1.38922], [36.78252, -1.38834], [36.78228, -1.3871], [36.78187, -1.38663], [36.78099, -1.38646], [36.78024, -1.38722], [36.77931, -1.38664], [36.77847, -1.3872], [36.77794, -1.38686], [36.77738, -1.38693], [36.7758, -1.38823], [36.77369, -1.38858], [36.77312, -1.38902], [36.77245, -1.38904], [36.77162, -1.38859], [36.77043, -1.38843], [36.76936, -1.38885], [36.76905, -1.38876], [36.77035, -1.38758], [36.77092, -1.38553], [36.76934, -1.37409], [36.76742, -1.36985], [36.76725, -1.36911], [36.7675, -1.36719], [36.76699, -1.36593], [36.76498, -1.36303], [36.76257, -1.36058], [36.76187, -1.35537], [36.76272, -1.35161], [36.76455, -1.34807], [36.76686, -1.34126], [36.76679, -1.33268], [36.76597, -1.32834], [36.76588, -1.32556], [36.76645, -1.32398], [36.76754, -1.32218], [36.77323, -1.31654], [36.77606, -1.31649], [36.77799, -1.31616], [36.77867, -1.31664], [36.77898, -1.31743], [36.78068, -1.3175], [36.78125, -1.31712], [36.78301, -1.31723], [36.78431, -1.31606], [36.78544, -1.31577]]]}}, {"type": "Feature", "properties": {"Name": "SILANGA", "exposure": 2.0, "sensitivity": 0.091684, "adaptiveCap": 0.454871, "vulnerability": 0.127067, "impact": 0.0, "dataStatus": "EXACT_MATCH", "division": "Kibera", "location": "KIBERA"}, "geometry": {"type": "Polygon", "coordinates": [[[36.8007, -1.31704], [36.80076, -1.31782], [36.80007, -1.31843], [36.79857, -1.31898], [36.79727, -1.31889], [36.79568, -1.31921], [36.79531, -1.31942], [36.79488, -1.32042], [36.79453, -1.3203], [36.79402, -1.31902], [36.79676, -1.31612], [36.79892, -1.31611], [36.8007, -1.31704]]]}}, {"type": "Feature", "properties": {"Name": "HARDY", "exposure": 3.9, "sensitivity": 0.144631, "adaptiveCap": 0.478522, "vulnerability": 0.163698, "impact": 0.054566, "dataStatus": "EXACT_MATCH", "division": "Kibera", "location": "LANGATA"}, "geometry": {"type": "Polygon", "coordinates": [[[36.76699, -1.36593], [36.7675, -1.36719], [36.76725, -1.36911], [36.76742, -1.36985], [36.76934, -1.37409], [36.77092, -1.38553], [36.77035, -1.38758], [36.76905, -1.38876], [36.76858, -1.3885], [36.76725, -1.38873], [36.76678, -1.38853], [36.76588, -1.3867], [36.76483, -1.38574], [36.76405, -1.3861], [36.76367, -1.38604], [36.76227, -1.38498], [36.76145, -1.38496], [36.76126, -1.38472], [36.76087, -1.38475], [36.76061, -1.38522], [36.75966, -1.38526], [36.75883, -1.38571], [36.75719, -1.38519], [36.75647, -1.38526], [36.75586, -1.38483], [36.75485, -1.38497], [36.75449, -1.38464], [36.75393, -1.38456], [36.75286, -1.38469], [36.75115, -1.3845], [36.75037, -1.38504], [36.7498, -1.38508], [36.74831, -1.38429], [36.74734, -1.38326], [36.74659, -1.38308], [36.74489, -1.38143], [36.74425, -1.38136], [36.74336, -1.38212], [36.74159, -1.38169], [36.73957, -1.38022], [36.73928, -1.37968], [36.73798, -1.37989], [36.73702, -1.37975], [36.73629, -1.37873], [36.73519, -1.37863], [36.73355, -1.37776], [36.73263, -1.37762], [36.73224, -1.37693], [36.73016, -1.37566], [36.72975, -1.37498], [36.72904, -1.37526], [36.72851, -1.37466], [36.72643, -1.37337], [36.72606, -1.373], [36.72601, -1.37257], [36.72523, -1.37239], [36.72426, -1.37076], [36.72352, -1.37046], [36.72252, -1.36952], [36.72148, -1.36939], [36.72061, -1.36843], [36.72018, -1.36737], [36.71918, -1.36693], [36.71904, -1.36719], [36.71841, -1.3665], [36.71614, -1.36324], [36.7139, -1.36133], [36.71377, -1.3607], [36.71201, -1.3597], [36.71616, -1.33321], [36.71848, -1.33617], [36.71919, -1.33649], [36.75091, -1.34035], [36.76655, -1.34259], [36.76455, -1.34807], [36.76272, -1.35161], [36.76187, -1.35537], [36.76257, -1.36058], [36.76498, -1.36303], [36.76699, -1.36593]]]}}]}