{"type": "FeatureCollection", "name": "HealthFacilities_HealthRiskZone", "features": [{"type": "Feature", "properties": {"Join_Count": 1, "TARGET_FID": 0, "Facility_N": "KABETE APPROVED SCHOOL DISP", "County": "NAIROBI", "Division": "WESTLANDS", "LOCATION": "KITISURU", "Sub_Locati": "KITISURU", "Latitude": -1.23608, "Longitude": 36.73088, "Type": null, "Owner": null, "Id": 10098, "gridcode": 1, "RiskZone": 1, "RiskClass": "Very Low", "Field1": 0}, "geometry": {"type": "Point", "coordinates": [36.73088, -1.23608]}}, {"type": "Feature", "properties": {"Join_Count": 1, "TARGET_FID": 1, "Facility_N": "RADIANT HEALTH NURSING HOME", "County": "NAIROBI", "Division": "CENTRAL", "LOCATION": "KARIOKOR", "Sub_Locati": "PANGANI", "Latitude": -1.267894, "Longitude": 36.839568, "Type": null, "Owner": null, "Id": 38741, "gridcode": 4, "RiskZone": 4, "RiskClass": "High", "Field1": 0}, "geometry": {"type": "Point", "coordinates": [36.839568, -1.267894]}}, {"type": "Feature", "properties": {"Join_Count": 1, "TARGET_FID": 2, "Facility_N": "KARIOBANGI CATHOLIC DISP", "County": "NAIROBI", "Division": "EMBAKASI", "LOCATION": "KARIOBANGI SOUTH", "Sub_Locati": "KARIOBANGI SOUTH", "Latitude": -1.26314, "Longitude": 36.88214, "Type": null, "Owner": null, "Id": 19495, "gridcode": 5, "RiskZone": 5, "RiskClass": "Very High", "Field1": 0}, "geometry": {"type": "Point", "coordinates": [36.88214, -1.26314]}}, {"type": "Feature", "properties": {"Join_Count": 1, "TARGET_FID": 3, "Facility_N": "JAMIA CRESCENT MEDICAL AID DISP", "County": "NAIROBI", "Division": "CENTRAL", "LOCATION": "STAREHE", "Sub_Locati": "CITY CENTRE", "Latitude": -1.27776, "Longitude": 36.8205, "Type": null, "Owner": null, "Id": 38741, "gridcode": 4, "RiskZone": 4, "RiskClass": "High", "Field1": 0}, "geometry": {"type": "Point", "coordinates": [36.8205, -1.27776]}}, {"type": "Feature", "properties": {"Join_Count": 1, "TARGET_FID": 4, "Facility_N": "KABETE JUVENILE REMAND HOME DISP", "County": "NAIROBI", "Division": "WESTLANDS", "LOCATION": "KITISURU", "Sub_Locati": "KITISURU", "Latitude": -1.23679, "Longitude": 36.73658, "Type": null, "Owner": null, "Id": 11011, "gridcode": 1, "RiskZone": 1, "RiskClass": "Very Low", "Field1": 0}, "geometry": {"type": "Point", "coordinates": [36.73658, -1.23679]}}, {"type": "Feature", "properties": {"Join_Count": 1, "TARGET_FID": 5, "Facility_N": "MARIE STOPES NURSING HOME", "County": "NAIROBI", "Division": "CENTRAL", "LOCATION": "KARIOKOR", "Sub_Locati": "PANGANI", "Latitude": -1.263849, "Longitude": 36.835889, "Type": null, "Owner": null, "Id": 38741, "gridcode": 4, "RiskZone": 4, "RiskClass": "High", "Field1": 0}, "geometry": {"type": "Point", "coordinates": [36.835889, -1.263849]}}, {"type": "Feature", "properties": {"Join_Count": 1, "TARGET_FID": 6, "Facility_N": "K P & L CO. DISP", "County": "NAIROBI", "Division": "CENTRAL", "LOCATION": "NGARA", "Sub_Locati": "NGARA WEST", "Latitude": -1.27113, "Longitude": 36.82, "Type": null, "Owner": null, "Id": 38741, "gridcode": 4, "RiskZone": 4, "RiskClass": "High", "Field1": 0}, "geometry": {"type": "Point", "coordinates": [36.82, -1.27113]}}, {"type": "Feature", "properties": {"Join_Count": 1, "TARGET_FID": 7, "Facility_N": "UHURU AP CAMP DISP", "County": "NAIROBI", "Division": "DAGORETTI", "LOCATION": "KENYATTA/GOLF COURSE", "Sub_Locati": "KENYATTA", "Latitude": -1.29582, "Longitude": 36.80617, "Type": null, "Owner": null, "Id": 35724, "gridcode": 3, "RiskZone": 3, "RiskClass": "Moderate", "Field1": 0}, "geometry": {"type": "Point", "coordinates": [36.80617, -1.29582]}}, {"type": "Feature", "properties": {"Join_Count": 1, "TARGET_FID": 8, "Facility_N": "C. B. K. STAFF CLINIC", "County": "NAIROBI", "Division": "MAKADARA", "LOCATION": "VIWANDANI", "Sub_Locati": "LANDI MAWE", "Latitude": -1.29311, "Longitude": 36.82241, "Type": null, "Owner": null, "Id": 38741, "gridcode": 4, "RiskZone": 4, "RiskClass": "High", "Field1": 0}, "geometry": {"type": "Point", "coordinates": [36.82241, -1.29311]}}, {"type": "Feature", "properties": {"Join_Count": 1, "TARGET_FID": 9, "Facility_N": "FPAK CLINIC (PHOENIX)", "County": "NAIROBI", "Division": "PUMWANI", "LOCATION": "EASTLEIGH SOUTH", "Sub_Locati": "EASTLEIGH SOUTH", "Latitude": -1.28112, "Longitude": 36.85001, "Type": null, "Owner": null, "Id": 38741, "gridcode": 4, "RiskZone": 4, "RiskClass": "High", "Field1": 0}, "geometry": {"type": "Point", "coordinates": [36.85001, -1.28112]}}, {"type": "Feature", "properties": {"Join_Count": 1, "TARGET_FID": 10, "Facility_N": "WESTLANDS MAT. UNIT", "County": "NAIROBI", "Division": "WESTLANDS", "LOCATION": "PARKLANDS", "Sub_Locati": "UPPER PARKLANDS", "Latitude": -1.260665, "Longitude": 36.801751, "Type": null, "Owner": null, "Id": 38741, "gridcode": 4, "RiskZone": 4, "RiskClass": "High", "Field1": 0}, "geometry": {"type": "Point", "coordinates": [36.801751, -1.260665]}}, {"type": "Feature", "properties": {"Join_Count": 1, "TARGET_FID": 11, "Facility_N": "PANGANI HC", "County": "NAIROBI", "Division": "CENTRAL", "LOCATION": "KARIOKOR", "Sub_Locati": "PANGANI", "Latitude": -1.26741, "Longitude": 36.83815, "Type": null, "Owner": null, "Id": 18199, "gridcode": 3, "RiskZone": 3, "RiskClass": "Moderate", "Field1": 0}, "geometry": {"type": "Point", "coordinates": [36.83815, -1.26741]}}, {"type": "Feature", "properties": {"Join_Count": 1, "TARGET_FID": 12, "Facility_N": "RAILWAYS TRAINING SCHOOL CLINIC", "County": "NAIROBI", "Division": "MAKADARA", "LOCATION": "MUKURU NYAYO", "Sub_Locati": "HAZINA", "Latitude": -1.31139, "Longitude": 36.84163, "Type": null, "Owner": null, "Id": 35680, "gridcode": 4, "RiskZone": 4, "RiskClass": "High", "Field1": 0}, "geometry": {"type": "Point", "coordinates": [36.84163, -1.31139]}}, {"type": "Feature", "properties": {"Join_Count": 1, "TARGET_FID": 13, "Facility_N": "SHAURI MOYO SDA DISP NAIROBI", "County": "NAIROBI", "Division": "PUMWANI", "LOCATION": "KAMUKUNJI", "Sub_Locati": "SHAURI MOYO", "Latitude": -1.29, "Longitude": 36.85, "Type": null, "Owner": null, "Id": 38741, "gridcode": 4, "RiskZone": 4, "RiskClass": "High", "Field1": 0}, "geometry": {"type": "Point", "coordinates": [36.85, -1.29]}}, {"type": "Feature", "properties": {"Join_Count": 1, "TARGET_FID": 14, "Facility_N": "NAIROBI WEST PRISON HEALTH CENTRE", "County": "NAIROBI", "Division": "KIBERA", "LOCATION": "NAIROBI WEST", "Sub_Locati": "NAIROBI WEST", "Latitude": -1.3112, "Longitude": 36.81505, "Type": null, "Owner": null, "Id": 31188, "gridcode": 5, "RiskZone": 5, "RiskClass": "Very High", "Field1": 0}, "geometry": {"type": "Point", "coordinates": [36.81505, -1.3112]}}, {"type": "Feature", "properties": {"Join_Count": 1, "TARGET_FID": 15, "Facility_N": "EQUATOR NURSING HOME", "County": "NAIROBI", "Division": "KIBERA", "LOCATION": "NAIROBI WEST", "Sub_Locati": "NAIROBI WEST", "Latitude": -1.305783, "Longitude": 36.823983, "Type": null, "Owner": null, "Id": 38741, "gridcode": 4, "RiskZone": 4, "RiskClass": "High", "Field1": 0}, "geometry": {"type": "Point", "coordinates": [36.823983, -1.305783]}}, {"type": "Feature", "properties": {"Join_Count": 1, "TARGET_FID": 16, "Facility_N": "PUMWANI MATERNITY HOSPITAL", "County": "NAIROBI", "Division": "PUMWANI", "LOCATION": "PUMWANI", "Sub_Locati": "MAJENGO(NAIROBI)", "Latitude": -1.278495, "Longitude": 36.844846, "Type": null, "Owner": null, "Id": 22790, "gridcode": 5, "RiskZone": 5, "RiskClass": "Very High", "Field1": 0}, "geometry": {"type": "Point", "coordinates": [36.844846, -1.278495]}}, {"type": "Feature", "properties": {"Join_Count": 1, "TARGET_FID": 17, "Facility_N": "WOODLEY DISP", "County": "NAIROBI", "Division": "DAGORETTI", "LOCATION": "KENYATTA/GOLF COURSE", "Sub_Locati": "WOODLEY", "Latitude": -1.30227, "Longitude": 36.77706, "Type": null, "Owner": null, "Id": 35724, "gridcode": 3, "RiskZone": 3, "RiskClass": "Moderate", "Field1": 0}, "geometry": {"type": "Point", "coordinates": [36.77706, -1.30227]}}, {"type": "Feature", "properties": {"Join_Count": 1, "TARGET_FID": 18, "Facility_N": "CRESENT MEDICAL AID KENYA", "County": "NAIROBI", "Division": "CENTRAL", "LOCATION": "STAREHE", "Sub_Locati": "CITY CENTRE", "Latitude": -1.28141, "Longitude": 36.83111, "Type": null, "Owner": null, "Id": 26755, "gridcode": 5, "RiskZone": 5, "RiskClass": "Very High", "Field1": 0}, "geometry": {"type": "Point", "coordinates": [36.83111, -1.28141]}}, {"type": "Feature", "properties": {"Join_Count": 1, "TARGET_FID": 19, "Facility_N": "CATHOLIC DISP", "County": "NAIROBI", "Division": "CENTRAL", "LOCATION": "KARIOKOR", "Sub_Locati": "PANGANI", "Latitude": -1.26341, "Longitude": 36.84111, "Type": null, "Owner": null, "Id": 38741, "gridcode": 4, "RiskZone": 4, "RiskClass": "High", "Field1": 0}, "geometry": {"type": "Point", "coordinates": [36.84111, -1.26341]}}, {"type": "Feature", "properties": {"Join_Count": 1, "TARGET_FID": 20, "Facility_N": "JERICHO HEALTH CENTRE", "County": "NAIROBI", "Division": "MAKADARA", "LOCATION": "MAKADARA", "Sub_Locati": "LUMUMBA", "Latitude": -1.28896, "Longitude": 36.87117, "Type": null, "Owner": null, "Id": 24665, "gridcode": 3, "RiskZone": 3, "RiskClass": "Moderate", "Field1": 0}, "geometry": {"type": "Point", "coordinates": [36.87117, -1.28896]}}, {"type": "Feature", "properties": {"Join_Count": 1, "TARGET_FID": 21, "Facility_N": "HURUMA MATERNITY & NURSING HOME", "County": "NAIROBI", "Division": "EMBAKASI", "LOCATION": "UMOJA", "Sub_Locati": "SAVANNAH", "Latitude": -1.277166, "Longitude": 36.909975, "Type": null, "Owner": null, "Id": 21186, "gridcode": 3, "RiskZone": 3, "RiskClass": "Moderate", "Field1": 0}, "geometry": {"type": "Point", "coordinates": [36.909975, -1.277166]}}, {"type": "Feature", "properties": {"Join_Count": 1, "TARGET_FID": 22, "Facility_N": "KARIOBANGI HEALTH CENTRE", "County": "NAIROBI", "Division": "KASARANI", "LOCATION": "KARIOBANGI", "Sub_Locati": "KARIOBANGI NORTH", "Latitude": -1.25174, "Longitude": 36.87978, "Type": null, "Owner": null, "Id": 38741, "gridcode": 4, "RiskZone": 4, "RiskClass": "High", "Field1": 0}, "geometry": {"type": "Point", "coordinates": [36.87978, -1.25174]}}, {"type": "Feature", "properties": {"Join_Count": 1, "TARGET_FID": 23, "Facility_N": "VICTORY CENTRAL MEDICAL CLINIC", "County": "NAIROBI", "Division": "EMBAKASI", "LOCATION": "UMOJA", "Sub_Locati": "UMOJA", "Latitude": -1.276054, "Longitude": 36.888094, "Type": null, "Owner": null, "Id": 36723, "gridcode": 5, "RiskZone": 5, "RiskClass": "Very High", "Field1": 0}, "geometry": {"type": "Point", "coordinates": [36.888094, -1.276054]}}, {"type": "Feature", "properties": {"Join_Count": 1, "TARGET_FID": 24, "Facility_N": "NAIROBI SOUTH B HEALTH CENTRE", "County": "NAIROBI", "Division": "MAKADARA", "LOCATION": "MUKURU NYAYO", "Sub_Locati": "NAIROBI SOUTH", "Latitude": -1.309483, "Longitude": 36.836938, "Type": null, "Owner": null, "Id": 35680, "gridcode": 4, "RiskZone": 4, "RiskClass": "High", "Field1": 0}, "geometry": {"type": "Point", "coordinates": [36.836938, -1.309483]}}, {"type": "Feature", "properties": {"Join_Count": 1, "TARGET_FID": 25, "Facility_N": "BURUBURU GIRLS DISP", "County": "NAIROBI", "Division": "MAKADARA", "LOCATION": "MAKADARA", "Sub_Locati": "HAMZA", "Latitude": -1.29222, "Longitude": 36.87214, "Type": null, "Owner": null, "Id": 36723, "gridcode": 5, "RiskZone": 5, "RiskClass": "Very High", "Field1": 0}, "geometry": {"type": "Point", "coordinates": [36.87214, -1.29222]}}, {"type": "Feature", "properties": {"Join_Count": 1, "TARGET_FID": 26, "Facility_N": "KANGEMI GICHAGI DISPENSARY", "County": "NAIROBI", "Division": "WESTLANDS", "LOCATION": "KANGEMI", "Sub_Locati": "GICHAGI", "Latitude": -1.27111, "Longitude": 36.75124, "Type": null, "Owner": null, "Id": 25441, "gridcode": 4, "RiskZone": 4, "RiskClass": "High", "Field1": 0}, "geometry": {"type": "Point", "coordinates": [36.75124, -1.27111]}}, {"type": "Feature", "properties": {"Join_Count": 1, "TARGET_FID": 27, "Facility_N": "ST. VERONICA HEALTH SERVICES & LABORATORY", "County": "NAIROBI", "Division": "PUMWANI", "LOCATION": "BAHATI", "Sub_Locati": "UHURU", "Latitude": -1.269265, "Longitude": 36.879288, "Type": null, "Owner": null, "Id": 38741, "gridcode": 4, "RiskZone": 4, "RiskClass": "High", "Field1": 0}, "geometry": {"type": "Point", "coordinates": [36.879288, -1.269265]}}, {"type": "Feature", "properties": {"Join_Count": 1, "TARGET_FID": 28, "Facility_N": "DAGORETI CHILD CLINIC", "County": "NAIROBI", "Division": "DAGORETTI", "LOCATION": "UTHIRU/RUTHIMITU", "Sub_Locati": "RUTHIMITU", "Latitude": -1.27884, "Longitude": 36.69086, "Type": null, "Owner": null, "Id": 27174, "gridcode": 1, "RiskZone": 1, "RiskClass": "Very Low", "Field1": 0}, "geometry": {"type": "Point", "coordinates": [36.69086, -1.27884]}}, {"type": "Feature", "properties": {"Join_Count": 1, "TARGET_FID": 29, "Facility_N": "KASARANI SHC", "County": "NAIROBI", "Division": "KASARANI", "LOCATION": "KASARANI", "Sub_Locati": "KASARANI", "Latitude": -1.21821, "Longitude": 36.90139, "Type": null, "Owner": null, "Id": 5677, "gridcode": 5, "RiskZone": 5, "RiskClass": "Very High", "Field1": 0}, "geometry": {"type": "Point", "coordinates": [36.90139, -1.21821]}}, {"type": "Feature", "properties": {"Join_Count": 1, "TARGET_FID": 30, "Facility_N": "FORCES MEMORIAL HOSPITAL", "County": "NAIROBI", "Division": "DAGORETTI", "LOCATION": "KENYATTA/GOLF COURSE", "Sub_Locati": "GOLF COURSE", "Latitude": -1.309481, "Longitude": 36.803344, "Type": null, "Owner": null, "Id": 30482, "gridcode": 2, "RiskZone": 2, "RiskClass": "Low", "Field1": 0}, "geometry": {"type": "Point", "coordinates": [36.803344, -1.309481]}}, {"type": "Feature", "properties": {"Join_Count": 1, "TARGET_FID": 31, "Facility_N": "OFAFA JERICHO SHC", "County": "NAIROBI", "Division": "MAKADARA", "LOCATION": "MAKADARA", "Sub_Locati": "LUMUMBA", "Latitude": -1.289024, "Longitude": 36.871071, "Type": null, "Owner": null, "Id": 24665, "gridcode": 3, "RiskZone": 3, "RiskClass": "Moderate", "Field1": 0}, "geometry": {"type": "Point", "coordinates": [36.871071, -1.289024]}}, {"type": "Feature", "properties": {"Join_Count": 1, "TARGET_FID": 32, "Facility_N": "RHODES AVENUE & CHEST & T. HEALTH CENTRE", "County": "NAIROBI", "Division": "CENTRAL", "LOCATION": "STAREHE", "Sub_Locati": "CITY SQUARE", "Latitude": -1.28894, "Longitude": 36.82251, "Type": null, "Owner": null, "Id": 38741, "gridcode": 4, "RiskZone": 4, "RiskClass": "High", "Field1": 0}, "geometry": {"type": "Point", "coordinates": [36.82251, -1.28894]}}, {"type": "Feature", "properties": {"Join_Count": 1, "TARGET_FID": 33, "Facility_N": "EMBAKASI GARRISON MED CENTRE", "County": "NAIROBI", "Division": "EMBAKASI", "LOCATION": "EMBAKASI", "Sub_Locati": "EMBAKASI(NAIROBI)", "Latitude": -1.29115, "Longitude": 36.96213, "Type": null, "Owner": null, "Id": 38741, "gridcode": 4, "RiskZone": 4, "RiskClass": "High", "Field1": 0}, "geometry": {"type": "Point", "coordinates": [36.96213, -1.29115]}}, {"type": "Feature", "properties": {"Join_Count": 1, "TARGET_FID": 34, "Facility_N": "BAHATI DISP", "County": "NAIROBI", "Division": "MAKADARA", "LOCATION": "MARINGO", "Sub_Locati": "OFAFA MARINGO", "Latitude": -1.29221, "Longitude": 36.86215, "Type": null, "Owner": null, "Id": 38741, "gridcode": 4, "RiskZone": 4, "RiskClass": "High", "Field1": 0}, "geometry": {"type": "Point", "coordinates": [36.86215, -1.29221]}}, {"type": "Feature", "properties": {"Join_Count": 1, "TARGET_FID": 35, "Facility_N": "KIBERA FP & MATERNITY HOME", "County": "NAIROBI", "Division": "KIBERA", "LOCATION": "KIBERA", "Sub_Locati": "MAKINA", "Latitude": -1.30566, "Longitude": 36.78454, "Type": null, "Owner": null, "Id": 35724, "gridcode": 3, "RiskZone": 3, "RiskClass": "Moderate", "Field1": 0}, "geometry": {"type": "Point", "coordinates": [36.78454, -1.30566]}}, {"type": "Feature", "properties": {"Join_Count": 1, "TARGET_FID": 36, "Facility_N": "KARIOBANGI CHESIRE HOME DISP", "County": "NAIROBI", "Division": "KASARANI", "LOCATION": "KARIOBANGI", "Sub_Locati": "KARIOBANGI NORTH", "Latitude": -1.25123, "Longitude": 36.88111, "Type": null, "Owner": null, "Id": 38741, "gridcode": 4, "RiskZone": 4, "RiskClass": "High", "Field1": 0}, "geometry": {"type": "Point", "coordinates": [36.88111, -1.25123]}}, {"type": "Feature", "properties": {"Join_Count": 1, "TARGET_FID": 37, "Facility_N": "LADY NORTH HEALTH CENTRE", "County": "NAIROBI", "Division": "WESTLANDS", "LOCATION": "KILIMANI", "Sub_Locati": "KILIMANI(NAIROBI)", "Latitude": -1.28551, "Longitude": 36.81064, "Type": null, "Owner": null, "Id": 35724, "gridcode": 3, "RiskZone": 3, "RiskClass": "Moderate", "Field1": 0}, "geometry": {"type": "Point", "coordinates": [36.81064, -1.28551]}}, {"type": "Feature", "properties": {"Join_Count": 1, "TARGET_FID": 38, "Facility_N": "NGARA HEALTH CENTRE", "County": "NAIROBI", "Division": "CENTRAL", "LOCATION": "NGARA", "Sub_Locati": "NGARA EAST", "Latitude": -1.27077, "Longitude": 36.83046, "Type": null, "Owner": null, "Id": 38741, "gridcode": 4, "RiskZone": 4, "RiskClass": "High", "Field1": 0}, "geometry": {"type": "Point", "coordinates": [36.83046, -1.27077]}}, {"type": "Feature", "properties": {"Join_Count": 1, "TARGET_FID": 39, "Facility_N": "BORAH ROAD DISP", "County": "NAIROBI", "Division": "CENTRAL", "LOCATION": "NGARA", "Sub_Locati": "NGARA EAST", "Latitude": -1.27123, "Longitude": 36.83112, "Type": null, "Owner": null, "Id": 21726, "gridcode": 5, "RiskZone": 5, "RiskClass": "Very High", "Field1": 0}, "geometry": {"type": "Point", "coordinates": [36.83112, -1.27123]}}, {"type": "Feature", "properties": {"Join_Count": 1, "TARGET_FID": 40, "Facility_N": "RIRUTA HEALTH CENTRE", "County": "NAIROBI", "Division": "DAGORETTI", "LOCATION": "KAWANGWARE", "Sub_Locati": "KAWANGWARE", "Latitude": -1.28405, "Longitude": 36.74052, "Type": null, "Owner": null, "Id": 25717, "gridcode": 3, "RiskZone": 3, "RiskClass": "Moderate", "Field1": 0}, "geometry": {"type": "Point", "coordinates": [36.74052, -1.28405]}}, {"type": "Feature", "properties": {"Join_Count": 1, "TARGET_FID": 41, "Facility_N": "NAIROBI WEST NURSING HOME", "County": "NAIROBI", "Division": "KIBERA", "LOCATION": "NAIROBI WEST", "Sub_Locati": "NAIROBI WEST", "Latitude": -1.306259, "Longitude": 36.820049, "Type": null, "Owner": null, "Id": 31188, "gridcode": 5, "RiskZone": 5, "RiskClass": "Very High", "Field1": 0}, "geometry": {"type": "Point", "coordinates": [36.820049, -1.306259]}}, {"type": "Feature", "properties": {"Join_Count": 1, "TARGET_FID": 42, "Facility_N": "MASABA HOSPITAL", "County": "NAIROBI", "Division": "WESTLANDS", "LOCATION": "KILIMANI", "Sub_Locati": "KILIMANI(NAIROBI)", "Latitude": -1.296875, "Longitude": 36.780809, "Type": null, "Owner": null, "Id": 35680, "gridcode": 4, "RiskZone": 4, "RiskClass": "High", "Field1": 0}, "geometry": {"type": "Point", "coordinates": [36.780809, -1.296875]}}, {"type": "Feature", "properties": {"Join_Count": 1, "TARGET_FID": 43, "Facility_N": "MUTHURWA DISP", "County": "NAIROBI", "Division": "CENTRAL", "LOCATION": "STAREHE", "Sub_Locati": "CITY CENTRE", "Latitude": -1.2834, "Longitude": 36.8332, "Type": null, "Owner": null, "Id": 26755, "gridcode": 5, "RiskZone": 5, "RiskClass": "Very High", "Field1": 0}, "geometry": {"type": "Point", "coordinates": [36.8332, -1.2834]}}, {"type": "Feature", "properties": {"Join_Count": 1, "TARGET_FID": 44, "Facility_N": "K P & T C  (NAIROBI) DISP", "County": "NAIROBI", "Division": "CENTRAL", "LOCATION": "STAREHE", "Sub_Locati": "CITY SQUARE", "Latitude": -1.28312, "Longitude": 36.82111, "Type": null, "Owner": null, "Id": 23155, "gridcode": 5, "RiskZone": 5, "RiskClass": "Very High", "Field1": 0}, "geometry": {"type": "Point", "coordinates": [36.82111, -1.28312]}}, {"type": "Feature", "properties": {"Join_Count": 1, "TARGET_FID": 45, "Facility_N": "NYS HEALTH CENTRE", "County": "NAIROBI", "Division": "KASARANI", "LOCATION": "RUARAKA", "Sub_Locati": "UTALII", "Latitude": -1.24995, "Longitude": 36.86425, "Type": null, "Owner": null, "Id": 38741, "gridcode": 4, "RiskZone": 4, "RiskClass": "High", "Field1": 0}, "geometry": {"type": "Point", "coordinates": [36.86425, -1.24995]}}, {"type": "Feature", "properties": {"Join_Count": 1, "TARGET_FID": 46, "Facility_N": "KAMITI HEALTH CENTRE", "County": "NAIROBI", "Division": "KASARANI", "LOCATION": "KAHAWA", "Sub_Locati": "KAHAWA WEST/JUJA K", "Latitude": -1.1761, "Longitude": 36.89342, "Type": null, "Owner": null, "Id": 9281, "gridcode": 3, "RiskZone": 3, "RiskClass": "Moderate", "Field1": 0}, "geometry": {"type": "Point", "coordinates": [36.89342, -1.1761]}}, {"type": "Feature", "properties": {"Join_Count": 1, "TARGET_FID": 47, "Facility_N": "K.C.C.T MBAGATHI HEALTH CENTRE", "County": "NAIROBI", "Division": "KIBERA", "LOCATION": "MUGUMOINI", "Sub_Locati": "BOMAS", "Latitude": -1.37939, "Longitude": 36.76982, "Type": null, "Owner": null, "Id": 49638, "gridcode": 3, "RiskZone": 3, "RiskClass": "Moderate", "Field1": 0}, "geometry": {"type": "Point", "coordinates": [36.76982, -1.37939]}}, {"type": "Feature", "properties": {"Join_Count": 1, "TARGET_FID": 48, "Facility_N": "DAGORETTI APPROVED SCHOOL DISP", "County": "NAIROBI", "Division": "DAGORETTI", "LOCATION": "UTHIRU/RUTHIMITU", "Sub_Locati": "RUTHIMITU", "Latitude": -1.264086, "Longitude": 36.697883, "Type": null, "Owner": null, "Id": 50181, "gridcode": 2, "RiskZone": 2, "RiskClass": "Low", "Field1": 0}, "geometry": {"type": "Point", "coordinates": [36.697883, -1.264086]}}, {"type": "Feature", "properties": {"Join_Count": 1, "TARGET_FID": 49, "Facility_N": "MATHARE NORTH HEALTH CENTRE", "County": "NAIROBI", "Division": "KASARANI", "LOCATION": "RUARAKA", "Sub_Locati": "UTALII", "Latitude": -1.25323, "Longitude": 36.86485, "Type": null, "Owner": null, "Id": 38741, "gridcode": 4, "RiskZone": 4, "RiskClass": "High", "Field1": 0}, "geometry": {"type": "Point", "coordinates": [36.86485, -1.25323]}}, {"type": "Feature", "properties": {"Join_Count": 1, "TARGET_FID": 50, "Facility_N": "KAHAWA HEALTH CENTRE", "County": "NAIROBI", "Division": "KASARANI", "LOCATION": "KAHAWA", "Sub_Locati": "KONGO SOWETO", "Latitude": -1.18716, "Longitude": 36.91278, "Type": null, "Owner": null, "Id": 38741, "gridcode": 4, "RiskZone": 4, "RiskClass": "High", "Field1": 0}, "geometry": {"type": "Point", "coordinates": [36.91278, -1.18716]}}, {"type": "Feature", "properties": {"Join_Count": 1, "TARGET_FID": 51, "Facility_N": "KENYA PIPELINE STAFF CLINIC", "County": "NAIROBI", "Division": "EMBAKASI", "LOCATION": "MUKURU KWA NJENGA", "Sub_Locati": "MUKURU KWA NJENGA", "Latitude": -1.3155, "Longitude": 36.89424, "Type": null, "Owner": null, "Id": 38741, "gridcode": 4, "RiskZone": 4, "RiskClass": "High", "Field1": 0}, "geometry": {"type": "Point", "coordinates": [36.89424, -1.3155]}}, {"type": "Feature", "properties": {"Join_Count": 1, "TARGET_FID": 52, "Facility_N": "MOPW (SUPPLIES BRANCH) CLINIC", "County": "NAIROBI", "Division": "MAKADARA", "LOCATION": "VIWANDANI", "Sub_Locati": "LANDI MAWE", "Latitude": -1.29911, "Longitude": 36.83028, "Type": null, "Owner": null, "Id": 38741, "gridcode": 4, "RiskZone": 4, "RiskClass": "High", "Field1": 0}, "geometry": {"type": "Point", "coordinates": [36.83028, -1.29911]}}, {"type": "Feature", "properties": {"Join_Count": 1, "TARGET_FID": 53, "Facility_N": "WAITHAKA HEALTH CENTRE", "County": "NAIROBI", "Division": "DAGORETTI", "LOCATION": "WAITHAKA", "Sub_Locati": "WAITHAKA", "Latitude": -1.27885, "Longitude": 36.71516, "Type": null, "Owner": null, "Id": 50181, "gridcode": 2, "RiskZone": 2, "RiskClass": "Low", "Field1": 0}, "geometry": {"type": "Point", "coordinates": [36.71516, -1.27885]}}, {"type": "Feature", "properties": {"Join_Count": 1, "TARGET_FID": 54, "Facility_N": "MARIA NURSING HOME", "County": "NAIROBI", "Division": "EMBAKASI", "LOCATION": "KAYOLE", "Sub_Locati": "KAYOLE", "Latitude": -1.272263, "Longitude": 36.918441, "Type": null, "Owner": null, "Id": 38741, "gridcode": 4, "RiskZone": 4, "RiskClass": "High", "Field1": 0}, "geometry": {"type": "Point", "coordinates": [36.918441, -1.272263]}}, {"type": "Feature", "properties": {"Join_Count": 1, "TARGET_FID": 55, "Facility_N": "SOUTH C MOI EDUCATION CENTRE CLINIC", "County": "NAIROBI", "Division": "KIBERA", "LOCATION": "NAIROBI WEST", "Sub_Locati": "SOUTH 'C'", "Latitude": -1.311003, "Longitude": 36.827595, "Type": null, "Owner": null, "Id": 35680, "gridcode": 4, "RiskZone": 4, "RiskClass": "High", "Field1": 0}, "geometry": {"type": "Point", "coordinates": [36.827595, -1.311003]}}, {"type": "Feature", "properties": {"Join_Count": 1, "TARGET_FID": 56, "Facility_N": "EMBAKASI DISP", "County": "NAIROBI", "Division": "EMBAKASI", "LOCATION": "EMBAKASI", "Sub_Locati": "EMBAKASI(NAIROBI)", "Latitude": -1.30795, "Longitude": 36.91262, "Type": null, "Owner": null, "Id": 38741, "gridcode": 4, "RiskZone": 4, "RiskClass": "High", "Field1": 0}, "geometry": {"type": "Point", "coordinates": [36.91262, -1.30795]}}, {"type": "Feature", "properties": {"Join_Count": 1, "TARGET_FID": 57, "Facility_N": "LANGATA WOMENS PRISONS HEALTH CENTRE", "County": "NAIROBI", "Division": "KIBERA", "LOCATION": "MUGUMOINI", "Sub_Locati": "BOMAS", "Latitude": -1.31862, "Longitude": 36.77503, "Type": null, "Owner": null, "Id": 44680, "gridcode": 2, "RiskZone": 2, "RiskClass": "Low", "Field1": 0}, "geometry": {"type": "Point", "coordinates": [36.77503, -1.31862]}}, {"type": "Feature", "properties": {"Join_Count": 1, "TARGET_FID": 58, "Facility_N": "WILSON AIRPORT DISP", "County": "NAIROBI", "Division": "KIBERA", "LOCATION": "NAIROBI WEST", "Sub_Locati": "NAIROBI WEST", "Latitude": -1.30921, "Longitude": 36.80738, "Type": null, "Owner": null, "Id": 35724, "gridcode": 3, "RiskZone": 3, "RiskClass": "Moderate", "Field1": 0}, "geometry": {"type": "Point", "coordinates": [36.80738, -1.30921]}}, {"type": "Feature", "properties": {"Join_Count": 1, "TARGET_FID": 59, "Facility_N": "STATE HOUSE ROAD DISP", "County": "NAIROBI", "Division": "WESTLANDS", "LOCATION": "KILIMANI", "Sub_Locati": "KILIMANI(NAIROBI)", "Latitude": -1.27623, "Longitude": 36.80337, "Type": null, "Owner": null, "Id": 23638, "gridcode": 1, "RiskZone": 1, "RiskClass": "Very Low", "Field1": 0}, "geometry": {"type": "Point", "coordinates": [36.80337, -1.27623]}}, {"type": "Feature", "properties": {"Join_Count": 1, "TARGET_FID": 60, "Facility_N": "UTALII COLLEGE DISP", "County": "NAIROBI", "Division": "KASARANI", "LOCATION": "RUARAKA", "Sub_Locati": "UTALII", "Latitude": -1.25503, "Longitude": 36.85362, "Type": null, "Owner": null, "Id": 38741, "gridcode": 4, "RiskZone": 4, "RiskClass": "High", "Field1": 0}, "geometry": {"type": "Point", "coordinates": [36.85362, -1.25503]}}, {"type": "Feature", "properties": {"Join_Count": 1, "TARGET_FID": 61, "Facility_N": "AVENUE NURSING HOME", "County": "NAIROBI", "Division": "WESTLANDS", "LOCATION": "HIGHRIDGE", "Sub_Locati": "HIGHRIDGE", "Latitude": -1.26245, "Longitude": 36.816607, "Type": null, "Owner": null, "Id": 38741, "gridcode": 4, "RiskZone": 4, "RiskClass": "High", "Field1": 0}, "geometry": {"type": "Point", "coordinates": [36.816607, -1.26245]}}, {"type": "Feature", "properties": {"Join_Count": 1, "TARGET_FID": 62, "Facility_N": "STATE HOUSE DISP", "County": "NAIROBI", "Division": "WESTLANDS", "LOCATION": "KILIMANI", "Sub_Locati": "KILIMANI(NAIROBI)", "Latitude": -1.28435, "Longitude": 36.79915, "Type": null, "Owner": null, "Id": 23638, "gridcode": 1, "RiskZone": 1, "RiskClass": "Very Low", "Field1": 0}, "geometry": {"type": "Point", "coordinates": [36.79915, -1.28435]}}, {"type": "Feature", "properties": {"Join_Count": 1, "TARGET_FID": 63, "Facility_N": "LANGATA HEALTH CENTRE", "County": "NAIROBI", "Division": "KIBERA", "LOCATION": "MUGUMOINI", "Sub_Locati": "BOMAS", "Latitude": -1.31814, "Longitude": 36.7783, "Type": null, "Owner": null, "Id": 35680, "gridcode": 4, "RiskZone": 4, "RiskClass": "High", "Field1": 0}, "geometry": {"type": "Point", "coordinates": [36.7783, -1.31814]}}, {"type": "Feature", "properties": {"Join_Count": 1, "TARGET_FID": 64, "Facility_N": "INDUSTRIAL AREA LUNGA/L DISP", "County": "NAIROBI", "Division": "MAKADARA", "LOCATION": "VIWANDANI", "Sub_Locati": "VIWANDANI", "Latitude": -1.30783, "Longitude": 36.86157, "Type": null, "Owner": null, "Id": 36723, "gridcode": 5, "RiskZone": 5, "RiskClass": "Very High", "Field1": 0}, "geometry": {"type": "Point", "coordinates": [36.86157, -1.30783]}}, {"type": "Feature", "properties": {"Join_Count": 1, "TARGET_FID": 65, "Facility_N": "MAKONGENI HC", "County": "NAIROBI", "Division": "MAKADARA", "LOCATION": "MAKONGENI", "Sub_Locati": "MAKONGENI(NAIROBI)", "Latitude": -1.29394, "Longitude": 36.84754, "Type": null, "Owner": null, "Id": 26123, "gridcode": 3, "RiskZone": 3, "RiskClass": "Moderate", "Field1": 0}, "geometry": {"type": "Point", "coordinates": [36.84754, -1.29394]}}, {"type": "Feature", "properties": {"Join_Count": 1, "TARGET_FID": 66, "Facility_N": "PARK ROAD NURSING HOME", "County": "NAIROBI", "Division": "CENTRAL", "LOCATION": "NGARA", "Sub_Locati": "NGARA EAST", "Latitude": -1.270708, "Longitude": 36.831304, "Type": null, "Owner": null, "Id": 38741, "gridcode": 4, "RiskZone": 4, "RiskClass": "High", "Field1": 0}, "geometry": {"type": "Point", "coordinates": [36.831304, -1.270708]}}, {"type": "Feature", "properties": {"Join_Count": 1, "TARGET_FID": 67, "Facility_N": "RIRUTA CATHOLIC DISP", "County": "NAIROBI", "Division": "DAGORETTI", "LOCATION": "KAWANGWARE", "Sub_Locati": "KAWANGWARE", "Latitude": -1.27883, "Longitude": 36.73649, "Type": null, "Owner": null, "Id": 21580, "gridcode": 4, "RiskZone": 4, "RiskClass": "High", "Field1": 0}, "geometry": {"type": "Point", "coordinates": [36.73649, -1.27883]}}, {"type": "Feature", "properties": {"Join_Count": 1, "TARGET_FID": 68, "Facility_N": "NAIROBI WEST HOSPITAL", "County": "NAIROBI", "Division": "KIBERA", "LOCATION": "NAIROBI WEST", "Sub_Locati": "NAIROBI WEST", "Latitude": -1.304238, "Longitude": 36.825058, "Type": null, "Owner": null, "Id": 38741, "gridcode": 4, "RiskZone": 4, "RiskClass": "High", "Field1": 0}, "geometry": {"type": "Point", "coordinates": [36.825058, -1.304238]}}, {"type": "Feature", "properties": {"Join_Count": 1, "TARGET_FID": 69, "Facility_N": "NAIROBI MTC CLINIC", "County": "NAIROBI", "Division": "KIBERA", "LOCATION": "LANGATA", "Sub_Locati": "LANGATA", "Latitude": -1.312203, "Longitude": 36.767332, "Type": null, "Owner": null, "Id": 31184, "gridcode": 1, "RiskZone": 1, "RiskClass": "Very Low", "Field1": 0}, "geometry": {"type": "Point", "coordinates": [36.767332, -1.312203]}}, {"type": "Feature", "properties": {"Join_Count": 1, "TARGET_FID": 70, "Facility_N": "EASTLEIGH COMMUNITY CLINIC & NURSING HOME", "County": "NAIROBI", "Division": "PUMWANI", "LOCATION": "EASTLEIGH NORTH", "Sub_Locati": "AIRBASE", "Latitude": -1.269494, "Longitude": 36.849835, "Type": null, "Owner": null, "Id": 38741, "gridcode": 4, "RiskZone": 4, "RiskClass": "High", "Field1": 0}, "geometry": {"type": "Point", "coordinates": [36.849835, -1.269494]}}, {"type": "Feature", "properties": {"Join_Count": 1, "TARGET_FID": 71, "Facility_N": "WESTLANDS HEALTH CENTRE", "County": "NAIROBI", "Division": "WESTLANDS", "LOCATION": "PARKLANDS", "Sub_Locati": "UPPER PARKLANDS", "Latitude": -1.260665, "Longitude": 36.801751, "Type": null, "Owner": null, "Id": 38741, "gridcode": 4, "RiskZone": 4, "RiskClass": "High", "Field1": 0}, "geometry": {"type": "Point", "coordinates": [36.801751, -1.260665]}}, {"type": "Feature", "properties": {"Join_Count": 1, "TARGET_FID": 72, "Facility_N": "LOWER KABETE SHC", "County": "NAIROBI", "Division": "WESTLANDS", "LOCATION": "KITISURU", "Sub_Locati": "KITISURU", "Latitude": -1.23768, "Longitude": 36.7447, "Type": null, "Owner": null, "Id": 50181, "gridcode": 2, "RiskZone": 2, "RiskClass": "Low", "Field1": 0}, "geometry": {"type": "Point", "coordinates": [36.7447, -1.23768]}}, {"type": "Feature", "properties": {"Join_Count": 1, "TARGET_FID": 73, "Facility_N": "JERUSALEM HEALTH CENTRE", "County": "NAIROBI", "Division": "PUMWANI", "LOCATION": "BAHATI", "Sub_Locati": "UHURU", "Latitude": -1.28258, "Longitude": 36.86548, "Type": null, "Owner": null, "Id": 38741, "gridcode": 4, "RiskZone": 4, "RiskClass": "High", "Field1": 0}, "geometry": {"type": "Point", "coordinates": [36.86548, -1.28258]}}, {"type": "Feature", "properties": {"Join_Count": 1, "TARGET_FID": 74, "Facility_N": "HURUMA LIONS CLINIC", "County": "NAIROBI", "Division": "CENTRAL", "LOCATION": "MATHARE", "Sub_Locati": "MLANGO KUBWA", "Latitude": -1.26111, "Longitude": 36.85214, "Type": null, "Owner": null, "Id": 16261, "gridcode": 4, "RiskZone": 4, "RiskClass": "High", "Field1": 0}, "geometry": {"type": "Point", "coordinates": [36.85214, -1.26111]}}, {"type": "Feature", "properties": {"Join_Count": 1, "TARGET_FID": 75, "Facility_N": "EMMAUS CLINIC", "County": "NAIROBI", "Division": "EMBAKASI", "LOCATION": "UMOJA", "Sub_Locati": "UMOJA", "Latitude": -1.281106, "Longitude": 36.896184, "Type": null, "Owner": null, "Id": 38741, "gridcode": 4, "RiskZone": 4, "RiskClass": "High", "Field1": 0}, "geometry": {"type": "Point", "coordinates": [36.896184, -1.281106]}}, {"type": "Feature", "properties": {"Join_Count": 1, "TARGET_FID": 76, "Facility_N": "KENYA AIR FORCE EASTLEIGH MEDICAL CENTRE", "County": "NAIROBI", "Division": "CENTRAL", "LOCATION": "MATHARE", "Sub_Locati": "MLANGO KUBWA", "Latitude": -1.2625, "Longitude": 36.85846, "Type": null, "Owner": null, "Id": 19495, "gridcode": 5, "RiskZone": 5, "RiskClass": "Very High", "Field1": 0}, "geometry": {"type": "Point", "coordinates": [36.85846, -1.2625]}}, {"type": "Feature", "properties": {"Join_Count": 1, "TARGET_FID": 77, "Facility_N": "GSU KIBERA HEALTH CENTRE", "County": "NAIROBI", "Division": "DAGORETTI", "LOCATION": "KENYATTA/GOLF COURSE", "Sub_Locati": "GOLF COURSE", "Latitude": -1.30333, "Longitude": 36.78916, "Type": null, "Owner": null, "Id": 30403, "gridcode": 2, "RiskZone": 2, "RiskClass": "Low", "Field1": 0}, "geometry": {"type": "Point", "coordinates": [36.78916, -1.30333]}}, {"type": "Feature", "properties": {"Join_Count": 1, "TARGET_FID": 78, "Facility_N": "WESTLANDS DISP", "County": "NAIROBI", "Division": "WESTLANDS", "LOCATION": "PARKLANDS", "Sub_Locati": "UPPER PARKLANDS", "Latitude": -1.25851, "Longitude": 36.79847, "Type": null, "Owner": null, "Id": 35724, "gridcode": 3, "RiskZone": 3, "RiskClass": "Moderate", "Field1": 0}, "geometry": {"type": "Point", "coordinates": [36.79847, -1.25851]}}, {"type": "Feature", "properties": {"Join_Count": 1, "TARGET_FID": 79, "Facility_N": "KARIOKOR DISP", "County": "NAIROBI", "Division": "CENTRAL", "LOCATION": "KARIOKOR", "Sub_Locati": "ZIWANI/KARIOKOR", "Latitude": -1.2763, "Longitude": 36.83552, "Type": null, "Owner": null, "Id": 21726, "gridcode": 5, "RiskZone": 5, "RiskClass": "Very High", "Field1": 0}, "geometry": {"type": "Point", "coordinates": [36.83552, -1.2763]}}, {"type": "Feature", "properties": {"Join_Count": 1, "TARGET_FID": 80, "Facility_N": "DANDORA 2 HEALTH CENTRE", "County": "NAIROBI", "Division": "EMBAKASI", "LOCATION": "DANDORA", "Sub_Locati": "DANDORA 'B'", "Latitude": -1.24474, "Longitude": 36.90223, "Type": null, "Owner": null, "Id": 38741, "gridcode": 4, "RiskZone": 4, "RiskClass": "High", "Field1": 0}, "geometry": {"type": "Point", "coordinates": [36.90223, -1.24474]}}, {"type": "Feature", "properties": {"Join_Count": 1, "TARGET_FID": 81, "Facility_N": "AYANY ESTATE HEALTH CENTRE", "County": "NAIROBI", "Division": "KIBERA", "LOCATION": "SERA NGOMBE", "Sub_Locati": "OLYMPIC", "Latitude": -1.30508, "Longitude": 36.77192, "Type": null, "Owner": null, "Id": 35680, "gridcode": 4, "RiskZone": 4, "RiskClass": "High", "Field1": 0}, "geometry": {"type": "Point", "coordinates": [36.77192, -1.30508]}}, {"type": "Feature", "properties": {"Join_Count": 1, "TARGET_FID": 82, "Facility_N": "SPECIAL STD DISP", "County": "NAIROBI", "Division": "CENTRAL", "LOCATION": "STAREHE", "Sub_Locati": "CITY CENTRE", "Latitude": -1.27904, "Longitude": 36.82471, "Type": null, "Owner": null, "Id": 38741, "gridcode": 4, "RiskZone": 4, "RiskClass": "High", "Field1": 0}, "geometry": {"type": "Point", "coordinates": [36.82471, -1.27904]}}, {"type": "Feature", "properties": {"Join_Count": 1, "TARGET_FID": 83, "Facility_N": "ST. THOMAS MEDICAL HEALTH SERVICES", "County": "NAIROBI", "Division": "EMBAKASI", "LOCATION": "UMOJA", "Sub_Locati": "UMOJA", "Latitude": -1.285351, "Longitude": 36.890638, "Type": null, "Owner": null, "Id": 24969, "gridcode": 4, "RiskZone": 4, "RiskClass": "High", "Field1": 0}, "geometry": {"type": "Point", "coordinates": [36.890638, -1.285351]}}, {"type": "Feature", "properties": {"Join_Count": 1, "TARGET_FID": 84, "Facility_N": "NAIROBI JUVENILE DISP", "County": "NAIROBI", "Division": "KIBERA", "LOCATION": "LANGATA", "Sub_Locati": "LANGATA", "Latitude": -1.312203, "Longitude": 36.760619, "Type": null, "Owner": null, "Id": 31659, "gridcode": 3, "RiskZone": 3, "RiskClass": "Moderate", "Field1": 0}, "geometry": {"type": "Point", "coordinates": [36.760619, -1.312203]}}, {"type": "Feature", "properties": {"Join_Count": 1, "TARGET_FID": 85, "Facility_N": "AAR HOSPITAL SOUTH B", "County": "NAIROBI", "Division": "MAKADARA", "LOCATION": "MUKURU NYAYO", "Sub_Locati": "NAIROBI SOUTH", "Latitude": -1.308071, "Longitude": 36.83507, "Type": null, "Owner": null, "Id": 30023, "gridcode": 5, "RiskZone": 5, "RiskClass": "Very High", "Field1": 0}, "geometry": {"type": "Point", "coordinates": [36.83507, -1.308071]}}, {"type": "Feature", "properties": {"Join_Count": 1, "TARGET_FID": 86, "Facility_N": "CALIFORNIA HC", "County": "NAIROBI", "Division": "PUMWANI", "LOCATION": "EASTLEIGH SOUTH", "Sub_Locati": "EASTLEIGH SOUTH", "Latitude": -1.28334, "Longitude": 36.85212, "Type": null, "Owner": null, "Id": 22932, "gridcode": 2, "RiskZone": 2, "RiskClass": "Low", "Field1": 0}, "geometry": {"type": "Point", "coordinates": [36.85212, -1.28334]}}, {"type": "Feature", "properties": {"Join_Count": 1, "TARGET_FID": 87, "Facility_N": "APTC  EMBAKASI HEALTH CENTRE", "County": "NAIROBI", "Division": "EMBAKASI", "LOCATION": "EMBAKASI", "Sub_Locati": "MIHANGO", "Latitude": -1.28724, "Longitude": 36.95676, "Type": null, "Owner": null, "Id": 49638, "gridcode": 3, "RiskZone": 3, "RiskClass": "Moderate", "Field1": 0}, "geometry": {"type": "Point", "coordinates": [36.95676, -1.28724]}}, {"type": "Feature", "properties": {"Join_Count": 1, "TARGET_FID": 88, "Facility_N": "PROVIDE INTERNATIONAL DISP", "County": "NAIROBI", "Division": "EMBAKASI", "LOCATION": "KAYOLE", "Sub_Locati": "KAYOLE", "Latitude": -1.268017, "Longitude": 36.911501, "Type": null, "Owner": null, "Id": 24971, "gridcode": 5, "RiskZone": 5, "RiskClass": "Very High", "Field1": 0}, "geometry": {"type": "Point", "coordinates": [36.911501, -1.268017]}}, {"type": "Feature", "properties": {"Join_Count": 1, "TARGET_FID": 89, "Facility_N": "GITATHURU APPROVED SCHOOL DISP", "County": "NAIROBI", "Division": "WESTLANDS", "LOCATION": "KITISURU", "Sub_Locati": "KITISURU", "Latitude": -1.23608, "Longitude": 36.73088, "Type": null, "Owner": null, "Id": 10098, "gridcode": 1, "RiskZone": 1, "RiskClass": "Very Low", "Field1": 0}, "geometry": {"type": "Point", "coordinates": [36.73088, -1.23608]}}, {"type": "Feature", "properties": {"Join_Count": 1, "TARGET_FID": 90, "Facility_N": "METROPOLITAN HOSPITAL", "County": "NAIROBI", "Division": "MAKADARA", "LOCATION": "MAKADARA", "Sub_Locati": "HARAMBEE", "Latitude": -1.285211, "Longitude": 36.874092, "Type": null, "Owner": null, "Id": 38741, "gridcode": 4, "RiskZone": 4, "RiskClass": "High", "Field1": 0}, "geometry": {"type": "Point", "coordinates": [36.874092, -1.285211]}}, {"type": "Feature", "properties": {"Join_Count": 1, "TARGET_FID": 91, "Facility_N": "ULINZI HOUSE MIR DISP", "County": "NAIROBI", "Division": "WESTLANDS", "LOCATION": "KILIMANI", "Sub_Locati": "KILIMANI(NAIROBI)", "Latitude": -1.28994, "Longitude": 36.79868, "Type": null, "Owner": null, "Id": 35724, "gridcode": 3, "RiskZone": 3, "RiskClass": "Moderate", "Field1": 0}, "geometry": {"type": "Point", "coordinates": [36.79868, -1.28994]}}, {"type": "Feature", "properties": {"Join_Count": 1, "TARGET_FID": 92, "Facility_N": "KENYATTA NATIONAL HOSPITAL", "County": "NAIROBI", "Division": "DAGORETTI", "LOCATION": "KENYATTA/GOLF COURSE", "Sub_Locati": "KENYATTA", "Latitude": -1.300876, "Longitude": 36.806388, "Type": null, "Owner": null, "Id": 35724, "gridcode": 3, "RiskZone": 3, "RiskClass": "Moderate", "Field1": 0}, "geometry": {"type": "Point", "coordinates": [36.806388, -1.300876]}}, {"type": "Feature", "properties": {"Join_Count": 1, "TARGET_FID": 93, "Facility_N": "KENYATTA UNIVERSITY CLINIC", "County": "NAIROBI", "Division": "KASARANI", "LOCATION": "KAHAWA", "Sub_Locati": "KIWANJA", "Latitude": -1.17123, "Longitude": 36.93214, "Type": null, "Owner": null, "Id": 38741, "gridcode": 4, "RiskZone": 4, "RiskClass": "High", "Field1": 0}, "geometry": {"type": "Point", "coordinates": [36.93214, -1.17123]}}, {"type": "Feature", "properties": {"Join_Count": 1, "TARGET_FID": 94, "Facility_N": "OFAFA NAIROBI HC", "County": "NAIROBI", "Division": "MAKADARA", "LOCATION": "MAKADARA", "Sub_Locati": "LUMUMBA", "Latitude": -1.288752, "Longitude": 36.870483, "Type": null, "Owner": null, "Id": 38741, "gridcode": 4, "RiskZone": 4, "RiskClass": "High", "Field1": 0}, "geometry": {"type": "Point", "coordinates": [36.870483, -1.288752]}}, {"type": "Feature", "properties": {"Join_Count": 1, "TARGET_FID": 95, "Facility_N": "KAYOLE HOSPITAL", "County": "NAIROBI", "Division": "EMBAKASI", "LOCATION": "KAYOLE", "Sub_Locati": "KAYOLE", "Latitude": -1.267542, "Longitude": 36.91743, "Type": null, "Owner": null, "Id": 18278, "gridcode": 4, "RiskZone": 4, "RiskClass": "High", "Field1": 0}, "geometry": {"type": "Point", "coordinates": [36.91743, -1.267542]}}, {"type": "Feature", "properties": {"Join_Count": 1, "TARGET_FID": 96, "Facility_N": "MATHARI MENTAL HOSPITAL", "County": "NAIROBI", "Division": "CENTRAL", "LOCATION": "MATHARE", "Sub_Locati": "MATHARE", "Latitude": -1.259489, "Longitude": 36.844302, "Type": null, "Owner": null, "Id": 16260, "gridcode": 2, "RiskZone": 2, "RiskClass": "Low", "Field1": 0}, "geometry": {"type": "Point", "coordinates": [36.844302, -1.259489]}}, {"type": "Feature", "properties": {"Join_Count": 1, "TARGET_FID": 97, "Facility_N": "ST. JAMES HOSPITAL", "County": "NAIROBI", "Division": "EMBAKASI", "LOCATION": "MUKURU KWA NJENGA", "Sub_Locati": "IMARA DAIMA", "Latitude": -1.320719, "Longitude": 36.844222, "Type": null, "Owner": null, "Id": 32884, "gridcode": 5, "RiskZone": 5, "RiskClass": "Very High", "Field1": 0}, "geometry": {"type": "Point", "coordinates": [36.844222, -1.320719]}}, {"type": "Feature", "properties": {"Join_Count": 1, "TARGET_FID": 98, "Facility_N": "SOWETO/KAYOLE DISP", "County": "NAIROBI", "Division": "EMBAKASI", "LOCATION": "KAYOLE", "Sub_Locati": "KAYOLE", "Latitude": -1.26916, "Longitude": 36.91808, "Type": null, "Owner": null, "Id": 24971, "gridcode": 5, "RiskZone": 5, "RiskClass": "Very High", "Field1": 0}, "geometry": {"type": "Point", "coordinates": [36.91808, -1.26916]}}, {"type": "Feature", "properties": {"Join_Count": 1, "TARGET_FID": 99, "Facility_N": "INOCULATION CENTRE DISP", "County": "NAIROBI", "Division": "CENTRAL", "LOCATION": "STAREHE", "Sub_Locati": "CITY SQUARE", "Latitude": -1.28358, "Longitude": 36.82171, "Type": null, "Owner": null, "Id": 35724, "gridcode": 3, "RiskZone": 3, "RiskClass": "Moderate", "Field1": 0}, "geometry": {"type": "Point", "coordinates": [36.82171, -1.28358]}}, {"type": "Feature", "properties": {"Join_Count": 1, "TARGET_FID": 100, "Facility_N": "KALOLENI SHC", "County": "NAIROBI", "Division": "MAKADARA", "LOCATION": "MAKONGENI", "Sub_Locati": "KALOLENI(NAIROBI)", "Latitude": -1.29282, "Longitude": 36.84534, "Type": null, "Owner": null, "Id": 38741, "gridcode": 4, "RiskZone": 4, "RiskClass": "High", "Field1": 0}, "geometry": {"type": "Point", "coordinates": [36.84534, -1.29282]}}, {"type": "Feature", "properties": {"Join_Count": 1, "TARGET_FID": 101, "Facility_N": "BURUBURU HIGH SCHOOL CLINIC", "County": "NAIROBI", "Division": "MAKADARA", "LOCATION": "MAKADARA", "Sub_Locati": "HAMZA", "Latitude": -1.29341, "Longitude": 36.88111, "Type": null, "Owner": null, "Id": 36723, "gridcode": 5, "RiskZone": 5, "RiskClass": "Very High", "Field1": 0}, "geometry": {"type": "Point", "coordinates": [36.88111, -1.29341]}}, {"type": "Feature", "properties": {"Join_Count": 1, "TARGET_FID": 102, "Facility_N": "NGAIRA AVENUE DISP", "County": "NAIROBI", "Division": "CENTRAL", "LOCATION": "STAREHE", "Sub_Locati": "CITY SQUARE", "Latitude": -1.28894, "Longitude": 36.82251, "Type": null, "Owner": null, "Id": 38741, "gridcode": 4, "RiskZone": 4, "RiskClass": "High", "Field1": 0}, "geometry": {"type": "Point", "coordinates": [36.82251, -1.28894]}}, {"type": "Feature", "properties": {"Join_Count": 1, "TARGET_FID": 103, "Facility_N": "NAIROBI REMAND & ALLOC. DISP", "County": "NAIROBI", "Division": "KIBERA", "LOCATION": "LANGATA", "Sub_Locati": "LANGATA", "Latitude": -1.31221, "Longitude": 36.75112, "Type": null, "Owner": null, "Id": 31042, "gridcode": 4, "RiskZone": 4, "RiskClass": "High", "Field1": 0}, "geometry": {"type": "Point", "coordinates": [36.75112, -1.31221]}}, {"type": "Feature", "properties": {"Join_Count": 1, "TARGET_FID": 104, "Facility_N": "EASTLEIGH LINES HC", "County": "NAIROBI", "Division": "PUMWANI", "LOCATION": "EASTLEIGH NORTH", "Sub_Locati": "AIRBASE", "Latitude": -1.27223, "Longitude": 36.85121, "Type": null, "Owner": null, "Id": 38741, "gridcode": 4, "RiskZone": 4, "RiskClass": "High", "Field1": 0}, "geometry": {"type": "Point", "coordinates": [36.85121, -1.27223]}}, {"type": "Feature", "properties": {"Join_Count": 1, "TARGET_FID": 105, "Facility_N": "CHEST CLINIC", "County": "NAIROBI", "Division": "CENTRAL", "LOCATION": "STAREHE", "Sub_Locati": "CITY SQUARE", "Latitude": -1.28894, "Longitude": 36.82251, "Type": null, "Owner": null, "Id": 38741, "gridcode": 4, "RiskZone": 4, "RiskClass": "High", "Field1": 0}, "geometry": {"type": "Point", "coordinates": [36.82251, -1.28894]}}, {"type": "Feature", "properties": {"Join_Count": 1, "TARGET_FID": 106, "Facility_N": "LAGOS HC", "County": "NAIROBI", "Division": "CENTRAL", "LOCATION": "STAREHE", "Sub_Locati": "CITY CENTRE", "Latitude": -1.28012, "Longitude": 36.8231, "Type": null, "Owner": null, "Id": 38741, "gridcode": 4, "RiskZone": 4, "RiskClass": "High", "Field1": 0}, "geometry": {"type": "Point", "coordinates": [36.8231, -1.28012]}}, {"type": "Feature", "properties": {"Join_Count": 1, "TARGET_FID": 107, "Facility_N": "SHAURI MOYO DISP", "County": "NAIROBI", "Division": "PUMWANI", "LOCATION": "KAMUKUNJI", "Sub_Locati": "SHAURI MOYO", "Latitude": -1.28729, "Longitude": 36.84511, "Type": null, "Owner": null, "Id": 38741, "gridcode": 4, "RiskZone": 4, "RiskClass": "High", "Field1": 0}, "geometry": {"type": "Point", "coordinates": [36.84511, -1.28729]}}, {"type": "Feature", "properties": {"Join_Count": 1, "TARGET_FID": 108, "Facility_N": "CHARLES NEW ROAD HC", "County": "NAIROBI", "Division": "MAKADARA", "LOCATION": "MAKADARA", "Sub_Locati": "HARAMBEE", "Latitude": -1.28315, "Longitude": 36.87223, "Type": null, "Owner": null, "Id": 36723, "gridcode": 5, "RiskZone": 5, "RiskClass": "Very High", "Field1": 0}, "geometry": {"type": "Point", "coordinates": [36.87223, -1.28315]}}, {"type": "Feature", "properties": {"Join_Count": 1, "TARGET_FID": 109, "Facility_N": "CRESCENT MEDICAL AID MUKURU", "County": "NAIROBI", "Division": "EMBAKASI", "LOCATION": "MUKURU KWA NJENGA", "Sub_Locati": "MUKURU KWA NJENGA", "Latitude": -1.31415, "Longitude": 36.89223, "Type": null, "Owner": null, "Id": 31234, "gridcode": 3, "RiskZone": 3, "RiskClass": "Moderate", "Field1": 0}, "geometry": {"type": "Point", "coordinates": [36.89223, -1.31415]}}, {"type": "Feature", "properties": {"Join_Count": 1, "TARGET_FID": 110, "Facility_N": "NAIROBI WEST SISTERS DISP", "County": "NAIROBI", "Division": "KIBERA", "LOCATION": "NAIROBI WEST", "Sub_Locati": "NAIROBI WEST", "Latitude": -1.3101, "Longitude": 36.81121, "Type": null, "Owner": null, "Id": 35680, "gridcode": 4, "RiskZone": 4, "RiskClass": "High", "Field1": 0}, "geometry": {"type": "Point", "coordinates": [36.81121, -1.3101]}}, {"type": "Feature", "properties": {"Join_Count": 1, "TARGET_FID": 111, "Facility_N": "RAILWAYS HEADQUARTERS CLINIC", "County": "NAIROBI", "Division": "CENTRAL", "LOCATION": "STAREHE", "Sub_Locati": "CITY SQUARE", "Latitude": -1.29009, "Longitude": 36.82658, "Type": null, "Owner": null, "Id": 25290, "gridcode": 5, "RiskZone": 5, "RiskClass": "Very High", "Field1": 0}, "geometry": {"type": "Point", "coordinates": [36.82658, -1.29009]}}, {"type": "Feature", "properties": {"Join_Count": 1, "TARGET_FID": 112, "Facility_N": "PUMWANI DISP", "County": "NAIROBI", "Division": "PUMWANI", "LOCATION": "EASTLEIGH NORTH", "Sub_Locati": "EASTLEIGH NORTH", "Latitude": -1.27777, "Longitude": 36.84565, "Type": null, "Owner": null, "Id": 38741, "gridcode": 4, "RiskZone": 4, "RiskClass": "High", "Field1": 0}, "geometry": {"type": "Point", "coordinates": [36.84565, -1.27777]}}, {"type": "Feature", "properties": {"Join_Count": 1, "TARGET_FID": 113, "Facility_N": "ST. ANNES MATERNITY", "County": "NAIROBI", "Division": "EMBAKASI", "LOCATION": "KAYOLE", "Sub_Locati": "KAYOLE", "Latitude": -1.271791, "Longitude": 36.91678, "Type": null, "Owner": null, "Id": 24971, "gridcode": 5, "RiskZone": 5, "RiskClass": "Very High", "Field1": 0}, "geometry": {"type": "Point", "coordinates": [36.91678, -1.271791]}}, {"type": "Feature", "properties": {"Join_Count": 1, "TARGET_FID": 114, "Facility_N": "COPTIC CHURCH NURSING HOME", "County": "NAIROBI", "Division": "WESTLANDS", "LOCATION": "KILIMANI", "Sub_Locati": "KILIMANI(NAIROBI)", "Latitude": -1.29604, "Longitude": 36.796879, "Type": null, "Owner": null, "Id": 35680, "gridcode": 4, "RiskZone": 4, "RiskClass": "High", "Field1": 0}, "geometry": {"type": "Point", "coordinates": [36.796879, -1.29604]}}, {"type": "Feature", "properties": {"Join_Count": 1, "TARGET_FID": 115, "Facility_N": "THE NAIROBI HOSPICE", "County": "NAIROBI", "Division": "DAGORETTI", "LOCATION": "KENYATTA/GOLF COURSE", "Sub_Locati": "KENYATTA", "Latitude": -1.30121, "Longitude": 36.80512, "Type": null, "Owner": null, "Id": 35724, "gridcode": 3, "RiskZone": 3, "RiskClass": "Moderate", "Field1": 0}, "geometry": {"type": "Point", "coordinates": [36.80512, -1.30121]}}, {"type": "Feature", "properties": {"Join_Count": 1, "TARGET_FID": 116, "Facility_N": "KICC DISP", "County": "NAIROBI", "Division": "CENTRAL", "LOCATION": "STAREHE", "Sub_Locati": "CITY SQUARE", "Latitude": -1.28704, "Longitude": 36.8228, "Type": null, "Owner": null, "Id": 24055, "gridcode": 5, "RiskZone": 5, "RiskClass": "Very High", "Field1": 0}, "geometry": {"type": "Point", "coordinates": [36.8228, -1.28704]}}, {"type": "Feature", "properties": {"Join_Count": 1, "TARGET_FID": 117, "Facility_N": "INDUSTRIAL AREA PRISON HEALTH CENTRE", "County": "NAIROBI", "Division": "MAKADARA", "LOCATION": "VIWANDANI", "Sub_Locati": "LANDI MAWE", "Latitude": -1.29805, "Longitude": 36.83661, "Type": null, "Owner": null, "Id": 36723, "gridcode": 5, "RiskZone": 5, "RiskClass": "Very High", "Field1": 0}, "geometry": {"type": "Point", "coordinates": [36.83661, -1.29805]}}, {"type": "Feature", "properties": {"Join_Count": 1, "TARGET_FID": 118, "Facility_N": "NATIONAL SPINAL INJURY HOSP.", "County": "NAIROBI", "Division": "WESTLANDS", "LOCATION": "KILIMANI", "Sub_Locati": "KILIMANI(NAIROBI)", "Latitude": -1.28872, "Longitude": 36.7833, "Type": null, "Owner": null, "Id": 35680, "gridcode": 4, "RiskZone": 4, "RiskClass": "High", "Field1": 0}, "geometry": {"type": "Point", "coordinates": [36.7833, -1.28872]}}, {"type": "Feature", "properties": {"Join_Count": 1, "TARGET_FID": 119, "Facility_N": "CITY NURSING HOME", "County": "NAIROBI", "Division": "CENTRAL", "LOCATION": "STAREHE", "Sub_Locati": "CITY CENTRE", "Latitude": -1.284809, "Longitude": 36.826936, "Type": null, "Owner": null, "Id": 24217, "gridcode": 5, "RiskZone": 5, "RiskClass": "Very High", "Field1": 0}, "geometry": {"type": "Point", "coordinates": [36.826936, -1.284809]}}, {"type": "Feature", "properties": {"Join_Count": 1, "TARGET_FID": 120, "Facility_N": "LITTLE SISTERS OF ST FRANCIS", "County": "NAIROBI", "Division": "KASARANI", "LOCATION": "KASARANI", "Sub_Locati": "MWIKI", "Latitude": -1.23415, "Longitude": 36.92214, "Type": null, "Owner": null, "Id": 38741, "gridcode": 4, "RiskZone": 4, "RiskClass": "High", "Field1": 0}, "geometry": {"type": "Point", "coordinates": [36.92214, -1.23415]}}, {"type": "Feature", "properties": {"Join_Count": 1, "TARGET_FID": 121, "Facility_N": "WESTLANDS COTTAGE HOSPITAL", "County": "NAIROBI", "Division": "WESTLANDS", "LOCATION": "LAVINGTON", "Sub_Locati": "MUTHANGARI", "Latitude": -1.262842, "Longitude": 36.788914, "Type": null, "Owner": null, "Id": 17050, "gridcode": 2, "RiskZone": 2, "RiskClass": "Low", "Field1": 0}, "geometry": {"type": "Point", "coordinates": [36.788914, -1.262842]}}, {"type": "Feature", "properties": {"Join_Count": 1, "TARGET_FID": 122, "Facility_N": "HIGHRIDGE HC", "County": "NAIROBI", "Division": "WESTLANDS", "LOCATION": "HIGHRIDGE", "Sub_Locati": "HIGHRIDGE", "Latitude": -1.25736, "Longitude": 36.81763, "Type": null, "Owner": null, "Id": 15894, "gridcode": 5, "RiskZone": 5, "RiskClass": "Very High", "Field1": 0}, "geometry": {"type": "Point", "coordinates": [36.81763, -1.25736]}}, {"type": "Feature", "properties": {"Join_Count": 1, "TARGET_FID": 123, "Facility_N": "MAKADARA HC", "County": "NAIROBI", "Division": "MAKADARA", "LOCATION": "MAKADARA", "Sub_Locati": "HAMZA", "Latitude": -1.29431, "Longitude": 36.87226, "Type": null, "Owner": null, "Id": 38741, "gridcode": 4, "RiskZone": 4, "RiskClass": "High", "Field1": 0}, "geometry": {"type": "Point", "coordinates": [36.87226, -1.29431]}}, {"type": "Feature", "properties": {"Join_Count": 1, "TARGET_FID": 124, "Facility_N": "KARIOBANGI MCH / FP DISP", "County": "NAIROBI", "Division": "KASARANI", "LOCATION": "KARIOBANGI", "Sub_Locati": "KARIOBANGI NORTH", "Latitude": -1.25174, "Longitude": 36.87978, "Type": null, "Owner": null, "Id": 38741, "gridcode": 4, "RiskZone": 4, "RiskClass": "High", "Field1": 0}, "geometry": {"type": "Point", "coordinates": [36.87978, -1.25174]}}, {"type": "Feature", "properties": {"Join_Count": 1, "TARGET_FID": 125, "Facility_N": "KANGEMI HEALTH CENTRE", "County": "NAIROBI", "Division": "WESTLANDS", "LOCATION": "KANGEMI", "Sub_Locati": "KANGEMI", "Latitude": -1.26461, "Longitude": 36.74933, "Type": null, "Owner": null, "Id": 35724, "gridcode": 3, "RiskZone": 3, "RiskClass": "Moderate", "Field1": 0}, "geometry": {"type": "Point", "coordinates": [36.74933, -1.26461]}}, {"type": "Feature", "properties": {"Join_Count": 1, "TARGET_FID": 126, "Facility_N": "MARINGO HC", "County": "NAIROBI", "Division": "MAKADARA", "LOCATION": "MARINGO", "Sub_Locati": "OFAFA MARINGO", "Latitude": -1.28894, "Longitude": 36.86451, "Type": null, "Owner": null, "Id": 38741, "gridcode": 4, "RiskZone": 4, "RiskClass": "High", "Field1": 0}, "geometry": {"type": "Point", "coordinates": [36.86451, -1.28894]}}, {"type": "Feature", "properties": {"Join_Count": 1, "TARGET_FID": 127, "Facility_N": "LUNGA LUNGA HEALTH CENTRE", "County": "NAIROBI", "Division": "MAKADARA", "LOCATION": "VIWANDANI", "Sub_Locati": "VIWANDANI", "Latitude": -1.30783, "Longitude": 36.86157, "Type": null, "Owner": null, "Id": 36723, "gridcode": 5, "RiskZone": 5, "RiskClass": "Very High", "Field1": 0}, "geometry": {"type": "Point", "coordinates": [36.86157, -1.30783]}}, {"type": "Feature", "properties": {"Join_Count": 1, "TARGET_FID": 128, "Facility_N": "JAMAA MATERNITY HOSPITAL", "County": "NAIROBI", "Division": "PUMWANI", "LOCATION": "BAHATI", "Sub_Locati": "UHURU", "Latitude": -1.277577, "Longitude": 36.871434, "Type": null, "Owner": null, "Id": 36723, "gridcode": 5, "RiskZone": 5, "RiskClass": "Very High", "Field1": 0}, "geometry": {"type": "Point", "coordinates": [36.871434, -1.277577]}}, {"type": "Feature", "properties": {"Join_Count": 1, "TARGET_FID": 129, "Facility_N": "KAREN HEALTH CENTRE", "County": "NAIROBI", "Division": "KIBERA", "LOCATION": "KAREN", "Sub_Locati": "LENANA", "Latitude": -1.32211, "Longitude": 36.70876, "Type": null, "Owner": null, "Id": 44680, "gridcode": 2, "RiskZone": 2, "RiskClass": "Low", "Field1": 0}, "geometry": {"type": "Point", "coordinates": [36.70876, -1.32211]}}, {"type": "Feature", "properties": {"Join_Count": 1, "TARGET_FID": 130, "Facility_N": "LOCO HEALTH CENTRE", "County": "NAIROBI", "Division": "MAKADARA", "LOCATION": "VIWANDANI", "Sub_Locati": "LANDI MAWE", "Latitude": -1.29131, "Longitude": 36.82667, "Type": null, "Owner": null, "Id": 38741, "gridcode": 4, "RiskZone": 4, "RiskClass": "High", "Field1": 0}, "geometry": {"type": "Point", "coordinates": [36.82667, -1.29131]}}, {"type": "Feature", "properties": {"Join_Count": 1, "TARGET_FID": 131, "Facility_N": "SPECIAL TREATMENT (STAFF CLINIC)", "County": "NAIROBI", "Division": "CENTRAL", "LOCATION": "STAREHE", "Sub_Locati": "CITY CENTRE", "Latitude": -1.28001, "Longitude": 36.82299, "Type": null, "Owner": null, "Id": 38741, "gridcode": 4, "RiskZone": 4, "RiskClass": "High", "Field1": 0}, "geometry": {"type": "Point", "coordinates": [36.82299, -1.28001]}}, {"type": "Feature", "properties": {"Join_Count": 1, "TARGET_FID": 132, "Facility_N": "MATHARE POLICE DEPARTMENT CLINIC", "County": "NAIROBI", "Division": "KASARANI", "LOCATION": "ROYSAMBU", "Sub_Locati": "GARDEN", "Latitude": -1.256133, "Longitude": 36.849069, "Type": null, "Owner": null, "Id": 15230, "gridcode": 2, "RiskZone": 2, "RiskClass": "Low", "Field1": 0}, "geometry": {"type": "Point", "coordinates": [36.849069, -1.256133]}}, {"type": "Feature", "properties": {"Join_Count": 1, "TARGET_FID": 133, "Facility_N": "ST. MARY'S MEDICAL DISP", "County": "NAIROBI", "Division": "EMBAKASI", "LOCATION": "KAYOLE", "Sub_Locati": "KAYOLE", "Latitude": -1.273841, "Longitude": 36.91358, "Type": null, "Owner": null, "Id": 24971, "gridcode": 5, "RiskZone": 5, "RiskClass": "Very High", "Field1": 0}, "geometry": {"type": "Point", "coordinates": [36.91358, -1.273841]}}, {"type": "Feature", "properties": {"Join_Count": 1, "TARGET_FID": 134, "Facility_N": "GETRUDES GARDENS CHILDREN'S HOSPITAL", "County": "NAIROBI", "Division": "WESTLANDS", "LOCATION": "HIGHRIDGE", "Sub_Locati": "MUTHAIGA", "Latitude": -1.253175, "Longitude": 36.830249, "Type": null, "Owner": null, "Id": 35724, "gridcode": 3, "RiskZone": 3, "RiskClass": "Moderate", "Field1": 0}, "geometry": {"type": "Point", "coordinates": [36.830249, -1.253175]}}, {"type": "Feature", "properties": {"Join_Count": 1, "TARGET_FID": 135, "Facility_N": "HONO CRESCENT HC", "County": "NAIROBI", "Division": "PUMWANI", "LOCATION": "BAHATI", "Sub_Locati": "KIMATHI(NAIROBI)", "Latitude": -1.28773, "Longitude": 36.85865, "Type": null, "Owner": null, "Id": 38741, "gridcode": 4, "RiskZone": 4, "RiskClass": "High", "Field1": 0}, "geometry": {"type": "Point", "coordinates": [36.85865, -1.28773]}}, {"type": "Feature", "properties": {"Join_Count": 1, "TARGET_FID": 136, "Facility_N": "GSU HEADQUARTERS HEALTH CENTRE", "County": "NAIROBI", "Division": "KASARANI", "LOCATION": "ROYSAMBU", "Sub_Locati": "GARDEN", "Latitude": -1.24233, "Longitude": 36.86556, "Type": null, "Owner": null, "Id": 35724, "gridcode": 3, "RiskZone": 3, "RiskClass": "Moderate", "Field1": 0}, "geometry": {"type": "Point", "coordinates": [36.86556, -1.24233]}}, {"type": "Feature", "properties": {"Join_Count": 1, "TARGET_FID": 137, "Facility_N": "GURU NANAK HOSPITAL", "County": "NAIROBI", "Division": "CENTRAL", "LOCATION": "NGARA", "Sub_Locati": "NGARA EAST", "Latitude": -1.26748, "Longitude": 36.831229, "Type": null, "Owner": null, "Id": 38741, "gridcode": 4, "RiskZone": 4, "RiskClass": "High", "Field1": 0}, "geometry": {"type": "Point", "coordinates": [36.831229, -1.26748]}}, {"type": "Feature", "properties": {"Join_Count": 1, "TARGET_FID": 138, "Facility_N": "KAMITI G.K. PRISON HOSPITAL", "County": "NAIROBI", "Division": "KASARANI", "LOCATION": "KAHAWA", "Sub_Locati": "KAHAWA WEST/JUJA K", "Latitude": -1.17611, "Longitude": 36.89343, "Type": null, "Owner": null, "Id": 9281, "gridcode": 3, "RiskZone": 3, "RiskClass": "Moderate", "Field1": 0}, "geometry": {"type": "Point", "coordinates": [36.89343, -1.17611]}}, {"type": "Feature", "properties": {"Join_Count": 1, "TARGET_FID": 139, "Facility_N": "NAIROBI HOSPITAL", "County": "NAIROBI", "Division": "WESTLANDS", "LOCATION": "KILIMANI", "Sub_Locati": "KILIMANI(NAIROBI)", "Latitude": -1.294238, "Longitude": 36.803877, "Type": null, "Owner": null, "Id": 35724, "gridcode": 3, "RiskZone": 3, "RiskClass": "Moderate", "Field1": 0}, "geometry": {"type": "Point", "coordinates": [36.803877, -1.294238]}}, {"type": "Feature", "properties": {"Join_Count": 1, "TARGET_FID": 140, "Facility_N": "PRIME CARE NURSING HOME", "County": "NAIROBI", "Division": "EMBAKASI", "LOCATION": "UMOJA", "Sub_Locati": "UMOJA", "Latitude": -1.287231, "Longitude": 36.890124, "Type": null, "Owner": null, "Id": 24192, "gridcode": 5, "RiskZone": 5, "RiskClass": "Very High", "Field1": 0}, "geometry": {"type": "Point", "coordinates": [36.890124, -1.287231]}}, {"type": "Feature", "properties": {"Join_Count": 1, "TARGET_FID": 141, "Facility_N": "PANGANI CRESCENT MEDICAL AID CLINIC", "County": "NAIROBI", "Division": "CENTRAL", "LOCATION": "KARIOKOR", "Sub_Locati": "PANGANI", "Latitude": -1.263462, "Longitude": 36.83721, "Type": null, "Owner": null, "Id": 17055, "gridcode": 5, "RiskZone": 5, "RiskClass": "Very High", "Field1": 0}, "geometry": {"type": "Point", "coordinates": [36.83721, -1.263462]}}, {"type": "Feature", "properties": {"Join_Count": 1, "TARGET_FID": 142, "Facility_N": "NYS PUBLIC HEALTH", "County": "NAIROBI", "Division": "KASARANI", "LOCATION": "RUARAKA", "Sub_Locati": "UTALII", "Latitude": -1.24995, "Longitude": 36.86425, "Type": null, "Owner": null, "Id": 38741, "gridcode": 4, "RiskZone": 4, "RiskClass": "High", "Field1": 0}, "geometry": {"type": "Point", "coordinates": [36.86425, -1.24995]}}, {"type": "Feature", "properties": {"Join_Count": 1, "TARGET_FID": 143, "Facility_N": "KAYOLE HEALTH CENTRE", "County": "NAIROBI", "Division": "EMBAKASI", "LOCATION": "KAYOLE", "Sub_Locati": "KAYOLE", "Latitude": -1.26649, "Longitude": 36.91668, "Type": null, "Owner": null, "Id": 18278, "gridcode": 4, "RiskZone": 4, "RiskClass": "High", "Field1": 0}, "geometry": {"type": "Point", "coordinates": [36.91668, -1.26649]}}, {"type": "Feature", "properties": {"Join_Count": 1, "TARGET_FID": 144, "Facility_N": "KAHAWA MAT. UNIT", "County": "NAIROBI", "Division": "KASARANI", "LOCATION": "KAHAWA", "Sub_Locati": "KONGO SOWETO", "Latitude": -1.18716, "Longitude": 36.91278, "Type": null, "Owner": null, "Id": 38741, "gridcode": 4, "RiskZone": 4, "RiskClass": "High", "Field1": 0}, "geometry": {"type": "Point", "coordinates": [36.91278, -1.18716]}}, {"type": "Feature", "properties": {"Join_Count": 1, "TARGET_FID": 145, "Facility_N": "ISLAMIC REPUBLIC OF IRAN MEDICAL CLINIC", "County": "NAIROBI", "Division": "WESTLANDS", "LOCATION": "KILIMANI", "Sub_Locati": "KILIMANI(NAIROBI)", "Latitude": -1.297148, "Longitude": 36.782066, "Type": null, "Owner": null, "Id": 26913, "gridcode": 5, "RiskZone": 5, "RiskClass": "Very High", "Field1": 0}, "geometry": {"type": "Point", "coordinates": [36.782066, -1.297148]}}, {"type": "Feature", "properties": {"Join_Count": 1, "TARGET_FID": 146, "Facility_N": "UMOJA MEDICAL AND NURSING HOME (CLINIC)", "County": "NAIROBI", "Division": "EMBAKASI", "LOCATION": "UMOJA", "Sub_Locati": "UMOJA", "Latitude": -1.277871, "Longitude": 36.888084, "Type": null, "Owner": null, "Id": 36723, "gridcode": 5, "RiskZone": 5, "RiskClass": "Very High", "Field1": 0}, "geometry": {"type": "Point", "coordinates": [36.888084, -1.277871]}}, {"type": "Feature", "properties": {"Join_Count": 1, "TARGET_FID": 147, "Facility_N": "NGONG ROAD SHC", "County": "NAIROBI", "Division": "DAGORETTI", "LOCATION": "KENYATTA/GOLF COURSE", "Sub_Locati": "WOODLEY", "Latitude": -1.29896, "Longitude": 36.7576, "Type": null, "Owner": null, "Id": 28695, "gridcode": 4, "RiskZone": 4, "RiskClass": "High", "Field1": 0}, "geometry": {"type": "Point", "coordinates": [36.7576, -1.29896]}}, {"type": "Feature", "properties": {"Join_Count": 1, "TARGET_FID": 148, "Facility_N": "MBAGATHI DISTRICT HOSPITAL", "County": "NAIROBI", "Division": "DAGORETTI", "LOCATION": "KENYATTA/GOLF COURSE", "Sub_Locati": "GOLF COURSE", "Latitude": -1.307925, "Longitude": 36.802242, "Type": null, "Owner": null, "Id": 35724, "gridcode": 3, "RiskZone": 3, "RiskClass": "Moderate", "Field1": 0}, "geometry": {"type": "Point", "coordinates": [36.802242, -1.307925]}}, {"type": "Feature", "properties": {"Join_Count": 1, "TARGET_FID": 149, "Facility_N": "KAWANGWARE HEALTH CENTRE", "County": "NAIROBI", "Division": "DAGORETTI", "LOCATION": "KAWANGWARE", "Sub_Locati": "KAWANGWARE", "Latitude": -1.28405, "Longitude": 36.74052, "Type": null, "Owner": null, "Id": 25717, "gridcode": 3, "RiskZone": 3, "RiskClass": "Moderate", "Field1": 0}, "geometry": {"type": "Point", "coordinates": [36.74052, -1.28405]}}, {"type": "Feature", "properties": {"Join_Count": 1, "TARGET_FID": 150, "Facility_N": "NCPD CLINIC", "County": "NAIROBI", "Division": "MAKADARA", "LOCATION": "VIWANDANI", "Sub_Locati": "LANDI MAWE", "Latitude": -1.29457, "Longitude": 36.83461, "Type": null, "Owner": null, "Id": 26755, "gridcode": 5, "RiskZone": 5, "RiskClass": "Very High", "Field1": 0}, "geometry": {"type": "Point", "coordinates": [36.83461, -1.29457]}}, {"type": "Feature", "properties": {"Join_Count": 1, "TARGET_FID": 151, "Facility_N": "KABETE TECHNICAL AND TRADE DISP", "County": "NAIROBI", "Division": "WESTLANDS", "LOCATION": "KITISURU", "Sub_Locati": "LORESHO", "Latitude": -1.26114, "Longitude": 36.72543, "Type": null, "Owner": null, "Id": 50181, "gridcode": 2, "RiskZone": 2, "RiskClass": "Low", "Field1": 0}, "geometry": {"type": "Point", "coordinates": [36.72543, -1.26114]}}, {"type": "Feature", "properties": {"Join_Count": 1, "TARGET_FID": 152, "Facility_N": "MATER MISERICORDIAE HOSPITAL", "County": "NAIROBI", "Division": "MAKADARA", "LOCATION": "MUKURU NYAYO", "Sub_Locati": "NAIROBI SOUTH", "Latitude": -1.305393, "Longitude": 36.833478, "Type": null, "Owner": null, "Id": 36723, "gridcode": 5, "RiskZone": 5, "RiskClass": "Very High", "Field1": 0}, "geometry": {"type": "Point", "coordinates": [36.833478, -1.305393]}}, {"type": "Feature", "properties": {"Join_Count": 1, "TARGET_FID": 153, "Facility_N": "DANDORA HEALTH CENTRE", "County": "NAIROBI", "Division": "EMBAKASI", "LOCATION": "DANDORA", "Sub_Locati": "DANDORA 'A'", "Latitude": -1.25761, "Longitude": 36.88775, "Type": null, "Owner": null, "Id": 38741, "gridcode": 4, "RiskZone": 4, "RiskClass": "High", "Field1": 0}, "geometry": {"type": "Point", "coordinates": [36.88775, -1.25761]}}, {"type": "Feature", "properties": {"Join_Count": 1, "TARGET_FID": 154, "Facility_N": "UMOJA HEALTH CENTRE", "County": "NAIROBI", "Division": "EMBAKASI", "LOCATION": "UMOJA", "Sub_Locati": "UMOJA", "Latitude": -1.27931, "Longitude": 36.88726, "Type": null, "Owner": null, "Id": 36723, "gridcode": 5, "RiskZone": 5, "RiskClass": "Very High", "Field1": 0}, "geometry": {"type": "Point", "coordinates": [36.88726, -1.27931]}}, {"type": "Feature", "properties": {"Join_Count": 1, "TARGET_FID": 155, "Facility_N": "P & T MCH DISP", "County": "NAIROBI", "Division": "KASARANI", "LOCATION": "RUARAKA", "Sub_Locati": "MATHARE NORTH", "Latitude": -1.247265, "Longitude": 36.872106, "Type": null, "Owner": null, "Id": 19495, "gridcode": 5, "RiskZone": 5, "RiskClass": "Very High", "Field1": 0}, "geometry": {"type": "Point", "coordinates": [36.872106, -1.247265]}}, {"type": "Feature", "properties": {"Join_Count": 1, "TARGET_FID": 156, "Facility_N": "M P SHAH HOSPITAL", "County": "NAIROBI", "Division": "WESTLANDS", "LOCATION": "HIGHRIDGE", "Sub_Locati": "HIGHRIDGE", "Latitude": -1.262455, "Longitude": 36.812221, "Type": null, "Owner": null, "Id": 38741, "gridcode": 4, "RiskZone": 4, "RiskClass": "High", "Field1": 0}, "geometry": {"type": "Point", "coordinates": [36.812221, -1.262455]}}, {"type": "Feature", "properties": {"Join_Count": 1, "TARGET_FID": 157, "Facility_N": "HURLINGHAM HOSPITAL", "County": "NAIROBI", "Division": "WESTLANDS", "LOCATION": "KILIMANI", "Sub_Locati": "KILIMANI(NAIROBI)", "Latitude": -1.291617, "Longitude": 36.795248, "Type": null, "Owner": null, "Id": 25720, "gridcode": 4, "RiskZone": 4, "RiskClass": "High", "Field1": 0}, "geometry": {"type": "Point", "coordinates": [36.795248, -1.291617]}}, {"type": "Feature", "properties": {"Join_Count": 1, "TARGET_FID": 158, "Facility_N": "CRESCENT MEDICAL AID EASTLEIGH", "County": "NAIROBI", "Division": "CENTRAL", "LOCATION": "MATHARE", "Sub_Locati": "MLANGO KUBWA", "Latitude": -1.26114, "Longitude": 36.85221, "Type": null, "Owner": null, "Id": 16261, "gridcode": 4, "RiskZone": 4, "RiskClass": "High", "Field1": 0}, "geometry": {"type": "Point", "coordinates": [36.85221, -1.26114]}}, {"type": "Feature", "properties": {"Join_Count": 1, "TARGET_FID": 159, "Facility_N": "NAS DISP", "County": "NAIROBI", "Division": "EMBAKASI", "LOCATION": "EMBAKASI", "Sub_Locati": "EMBAKASI(NAIROBI)", "Latitude": -1.30212, "Longitude": 36.9401, "Type": null, "Owner": null, "Id": 28925, "gridcode": 4, "RiskZone": 4, "RiskClass": "High", "Field1": 0}, "geometry": {"type": "Point", "coordinates": [36.9401, -1.30212]}}, {"type": "Feature", "properties": {"Join_Count": 1, "TARGET_FID": 160, "Facility_N": "GSU HQ MCH / FO CLINIC", "County": "NAIROBI", "Division": "KASARANI", "LOCATION": "ROYSAMBU", "Sub_Locati": "GARDEN", "Latitude": -1.24233, "Longitude": 36.86556, "Type": null, "Owner": null, "Id": 35724, "gridcode": 3, "RiskZone": 3, "RiskClass": "Moderate", "Field1": 0}, "geometry": {"type": "Point", "coordinates": [36.86556, -1.24233]}}, {"type": "Feature", "properties": {"Join_Count": 1, "TARGET_FID": 161, "Facility_N": "UNIVERSITY OF NAIROBI HEALTH SERVICES", "County": "NAIROBI", "Division": "WESTLANDS", "LOCATION": "HIGHRIDGE", "Sub_Locati": "HIGHRIDGE", "Latitude": -1.27, "Longitude": 36.81, "Type": null, "Owner": null, "Id": 19130, "gridcode": 3, "RiskZone": 3, "RiskClass": "Moderate", "Field1": 0}, "geometry": {"type": "Point", "coordinates": [36.81, -1.27]}}, {"type": "Feature", "properties": {"Join_Count": 1, "TARGET_FID": 162, "Facility_N": "New Partners Initiative Scaling Up HIV and AIDS Pr", "County": "Nairobi", "Division": "South B", "LOCATION": "Mukuru Nyayo", "Sub_Locati": "Nairobi Suoth", "Latitude": -1.30434, "Longitude": 36.83446, "Type": "Health Programme", "Owner": "Non-Governmental Organizations", "Id": 38741, "gridcode": 4, "RiskZone": 4, "RiskClass": "High", "Field1": 0}, "geometry": {"type": "Point", "coordinates": [36.83446, -1.30434]}}, {"type": "Feature", "properties": {"Join_Count": 1, "TARGET_FID": 163, "Facility_N": "St Barkita Dispensary Utawala", "County": "Nairobi", "Division": "Embakasi", "LOCATION": "Embakasi", "Sub_Locati": "Utawala", "Latitude": -1.2776, "Longitude": 36.97533, "Type": "Dispensary", "Owner": "Kenya Episcopal Conference-Catholic Secretariat", "Id": 38741, "gridcode": 4, "RiskZone": 4, "RiskClass": "High", "Field1": 0}, "geometry": {"type": "Point", "coordinates": [36.97533, -1.2776]}}, {"type": "Feature", "properties": {"Join_Count": 1, "TARGET_FID": 164, "Facility_N": "Community Health Foundation", "County": "Nairobi", "Division": "Central", "LOCATION": "Central Business District", "Sub_Locati": null, "Latitude": -1.2852, "Longitude": 36.821, "Type": "Dispensary", "Owner": "Community", "Id": 23926, "gridcode": 2, "RiskZone": 2, "RiskClass": "Low", "Field1": 0}, "geometry": {"type": "Point", "coordinates": [36.821, -1.2852]}}, {"type": "Feature", "properties": {"Join_Count": 1, "TARGET_FID": 165, "Facility_N": "Umoja Hospital", "County": "Nairobi", "Division": "Embakasi", "LOCATION": "Umoja", "Sub_Locati": "Umoja", "Latitude": -1.28031, "Longitude": 36.8912, "Type": "Other Hospital", "Owner": "Private Enterprise (Institution)", "Id": 36723, "gridcode": 5, "RiskZone": 5, "RiskClass": "Very High", "Field1": 0}, "geometry": {"type": "Point", "coordinates": [36.8912, -1.28031]}}, {"type": "Feature", "properties": {"Join_Count": 1, "TARGET_FID": 166, "Facility_N": "Destiny Medical Centre (Ruaraka)", "County": "Nairobi", "Division": "Kasarani", "LOCATION": "Kasarani", "Sub_Locati": "Kasarani", "Latitude": -1.23384, "Longitude": 36.88434, "Type": "Dispensary", "Owner": "Private Practice - Unspecified", "Id": 38741, "gridcode": 4, "RiskZone": 4, "RiskClass": "High", "Field1": 0}, "geometry": {"type": "Point", "coordinates": [36.88434, -1.23384]}}, {"type": "Feature", "properties": {"Join_Count": 1, "TARGET_FID": 167, "Facility_N": "Alliance Medical Centre", "County": "Nairobi", "Division": "Eastleigh South", "LOCATION": "Eastleigh South", "Sub_Locati": "Eastleigh South", "Latitude": -1.27943, "Longitude": 36.85035, "Type": "Medical Clinic", "Owner": "Private Enterprise (Institution)", "Id": 38741, "gridcode": 4, "RiskZone": 4, "RiskClass": "High", "Field1": 0}, "geometry": {"type": "Point", "coordinates": [36.85035, -1.27943]}}, {"type": "Feature", "properties": {"Join_Count": 1, "TARGET_FID": 168, "Facility_N": "Mtaani VCT", "County": "Nairobi", "Division": "Kibra", "LOCATION": "Laini saba", "Sub_Locati": "Soweto Highrise", "Latitude": -1.31336, "Longitude": 36.79852, "Type": "VCT Centre (Stand-Alone)", "Owner": "Community", "Id": 31313, "gridcode": 5, "RiskZone": 5, "RiskClass": "Very High", "Field1": 0}, "geometry": {"type": "Point", "coordinates": [36.79852, -1.31336]}}, {"type": "Feature", "properties": {"Join_Count": 1, "TARGET_FID": 169, "Facility_N": "Salama Nursing Home", "County": "Nairobi", "Division": "Eastleigh North", "LOCATION": "Eastleigh Section I", "Sub_Locati": null, "Latitude": -1.27587, "Longitude": 36.85148, "Type": "Nursing Home", "Owner": "Private Practice - General Practitioner", "Id": 38741, "gridcode": 4, "RiskZone": 4, "RiskClass": "High", "Field1": 0}, "geometry": {"type": "Point", "coordinates": [36.85148, -1.27587]}}, {"type": "Feature", "properties": {"Join_Count": 1, "TARGET_FID": 170, "Facility_N": "Dr Florence Murila (Ngong Road)", "County": "Nairobi", "Division": "Kilimani", "LOCATION": "Kilimani", "Sub_Locati": "Kilimani", "Latitude": -1.29822, "Longitude": 36.79929, "Type": "Medical Clinic", "Owner": "Private Practice - Medical Specialist", "Id": 35724, "gridcode": 3, "RiskZone": 3, "RiskClass": "Moderate", "Field1": 0}, "geometry": {"type": "Point", "coordinates": [36.79929, -1.29822]}}, {"type": "Feature", "properties": {"Join_Count": 1, "TARGET_FID": 171, "Facility_N": "Mariakani Cottage Hospital Utawala Clinic", "County": "Nairobi", "Division": "Embakasi", "LOCATION": "Utawala", "Sub_Locati": "Utawala", "Latitude": -1.28861, "Longitude": 36.9716, "Type": "Medical Clinic", "Owner": "Private Practice - Medical Specialist", "Id": 24737, "gridcode": 5, "RiskZone": 5, "RiskClass": "Very High", "Field1": 0}, "geometry": {"type": "Point", "coordinates": [36.9716, -1.28861]}}, {"type": "Feature", "properties": {"Join_Count": 1, "TARGET_FID": 172, "Facility_N": "Dr David Chew Clinic", "County": "Nairobi", "Division": "central", "LOCATION": "Central", "Sub_Locati": "Central", "Latitude": -1.28299, "Longitude": 36.81769, "Type": "Medical Clinic", "Owner": "Private Practice - Medical Specialist", "Id": 35724, "gridcode": 3, "RiskZone": 3, "RiskClass": "Moderate", "Field1": 0}, "geometry": {"type": "Point", "coordinates": [36.81769, -1.28299]}}, {"type": "Feature", "properties": {"Join_Count": 1, "TARGET_FID": 173, "Facility_N": "Santi Meridian Health Care", "County": "Nairobi", "Division": null, "LOCATION": "kayole", "Sub_Locati": null, "Latitude": -1.26398, "Longitude": 36.91451, "Type": "Medical Clinic", "Owner": "Private Practice - General Practitioner", "Id": 24971, "gridcode": 5, "RiskZone": 5, "RiskClass": "Very High", "Field1": 0}, "geometry": {"type": "Point", "coordinates": [36.91451, -1.26398]}}, {"type": "Feature", "properties": {"Join_Count": 1, "TARGET_FID": 174, "Facility_N": "Mathari Hospital", "County": "Nairobi", "Division": "Kariokor", "LOCATION": "Mathare", "Sub_Locati": null, "Latitude": -1.26097, "Longitude": 36.84912, "Type": "District Hospital", "Owner": "Ministry of Health", "Id": 35724, "gridcode": 3, "RiskZone": 3, "RiskClass": "Moderate", "Field1": 0}, "geometry": {"type": "Point", "coordinates": [36.84912, -1.26097]}}, {"type": "Feature", "properties": {"Join_Count": 1, "TARGET_FID": 175, "Facility_N": "National HIV Reference Lab", "County": "Nairobi", "Division": "Kenyatta", "LOCATION": null, "Sub_Locati": null, "Latitude": -1.30445, "Longitude": 36.80643, "Type": "Laboratory (Stand-alone)", "Owner": "Ministry of Health", "Id": 35724, "gridcode": 3, "RiskZone": 3, "RiskClass": "Moderate", "Field1": 0}, "geometry": {"type": "Point", "coordinates": [36.80643, -1.30445]}}, {"type": "Feature", "properties": {"Join_Count": 1, "TARGET_FID": 176, "Facility_N": "Unmet Health Foundation", "County": "Nairobi", "Division": "Ruaraka", "LOCATION": "Ruaraka", "Sub_Locati": "Utalii", "Latitude": -1.25373, "Longitude": 36.86205, "Type": "Medical Clinic", "Owner": "Private Practice - General Practitioner", "Id": 38741, "gridcode": 4, "RiskZone": 4, "RiskClass": "High", "Field1": 0}, "geometry": {"type": "Point", "coordinates": [36.86205, -1.25373]}}, {"type": "Feature", "properties": {"Join_Count": 1, "TARGET_FID": 177, "Facility_N": "Miliki Afya Limited", "County": "Nairobi", "Division": "Riruta", "LOCATION": "Riruta", "Sub_Locati": null, "Latitude": -1.28765, "Longitude": 36.74149, "Type": "Medical Clinic", "Owner": "Private Practice - General Practitioner", "Id": 25441, "gridcode": 4, "RiskZone": 4, "RiskClass": "High", "Field1": 0}, "geometry": {"type": "Point", "coordinates": [36.74149, -1.28765]}}, {"type": "Feature", "properties": {"Join_Count": 1, "TARGET_FID": 178, "Facility_N": "Narzareth Medical Services", "County": "Nairobi", "Division": "Kasarani", "LOCATION": "Githurai", "Sub_Locati": "Githurai", "Latitude": -1.19992, "Longitude": 36.90282, "Type": "Medical Clinic", "Owner": "Private Practice - General Practitioner", "Id": 5009, "gridcode": 5, "RiskZone": 5, "RiskClass": "Very High", "Field1": 0}, "geometry": {"type": "Point", "coordinates": [36.90282, -1.19992]}}, {"type": "Feature", "properties": {"Join_Count": 1, "TARGET_FID": 179, "Facility_N": "Medanta Africare", "County": "Nairobi", "Division": "Parklands", "LOCATION": "Parklands", "Sub_Locati": null, "Latitude": -1.28965, "Longitude": 36.76482, "Type": "Medical Centre", "Owner": "Private Practice - General Practitioner", "Id": 35724, "gridcode": 3, "RiskZone": 3, "RiskClass": "Moderate", "Field1": 0}, "geometry": {"type": "Point", "coordinates": [36.76482, -1.28965]}}, {"type": "Feature", "properties": {"Join_Count": 1, "TARGET_FID": 180, "Facility_N": "Victory Medicare", "County": "Nairobi", "Division": "Kangemi", "LOCATION": "Kangemi", "Sub_Locati": null, "Latitude": -1.26711, "Longitude": 36.75889, "Type": "Medical Clinic", "Owner": "Private Practice - Medical Specialist", "Id": 18711, "gridcode": 4, "RiskZone": 4, "RiskClass": "High", "Field1": 0}, "geometry": {"type": "Point", "coordinates": [36.75889, -1.26711]}}, {"type": "Feature", "properties": {"Join_Count": 1, "TARGET_FID": 181, "Facility_N": "Jerapha Maternity", "County": "Nairobi", "Division": "Kasarani", "LOCATION": "Korogocho", "Sub_Locati": null, "Latitude": -1.20244, "Longitude": 36.9038, "Type": "Maternity Home", "Owner": "Private Enterprise (Institution)", "Id": 5009, "gridcode": 5, "RiskZone": 5, "RiskClass": "Very High", "Field1": 0}, "geometry": {"type": "Point", "coordinates": [36.9038, -1.20244]}}, {"type": "Feature", "properties": {"Join_Count": 1, "TARGET_FID": 182, "Facility_N": "Meridian Medical Centre (Capital Centre)", "County": "Nairobi", "Division": "South B", "LOCATION": "Mukuru Nyayo", "Sub_Locati": "South B", "Latitude": -1.31671, "Longitude": 36.83438, "Type": "Medical Clinic", "Owner": "Private Practice - General Practitioner", "Id": 32598, "gridcode": 3, "RiskZone": 3, "RiskClass": "Moderate", "Field1": 0}, "geometry": {"type": "Point", "coordinates": [36.83438, -1.31671]}}, {"type": "Feature", "properties": {"Join_Count": 1, "TARGET_FID": 183, "Facility_N": "AAR Healthcare Limited (Karen)", "County": "Nairobi", "Division": "Lang'ata", "LOCATION": "Lang'ata", "Sub_Locati": "Lang'ata", "Latitude": -1.3408, "Longitude": 36.75777, "Type": "Medical Clinic", "Owner": "Private Enterprise (Institution)", "Id": 37435, "gridcode": 3, "RiskZone": 3, "RiskClass": "Moderate", "Field1": 0}, "geometry": {"type": "Point", "coordinates": [36.75777, -1.3408]}}, {"type": "Feature", "properties": {"Join_Count": 1, "TARGET_FID": 184, "Facility_N": "Dr Nzuki Hildapaed Clinic", "County": "Nairobi", "Division": "Central", "LOCATION": "Central", "Sub_Locati": "Central", "Latitude": -1.28443, "Longitude": 36.82113, "Type": "Medical Clinic", "Owner": "Private Practice - Medical Specialist", "Id": 23926, "gridcode": 2, "RiskZone": 2, "RiskClass": "Low", "Field1": 0}, "geometry": {"type": "Point", "coordinates": [36.82113, -1.28443]}}, {"type": "Feature", "properties": {"Join_Count": 1, "TARGET_FID": 185, "Facility_N": "Kenwa", "County": "Nairobi", "Division": "Central", "LOCATION": "Central Business District", "Sub_Locati": null, "Latitude": -1.2852, "Longitude": 36.821, "Type": "Dispensary", "Owner": "Non-Governmental Organizations", "Id": 23926, "gridcode": 2, "RiskZone": 2, "RiskClass": "Low", "Field1": 0}, "geometry": {"type": "Point", "coordinates": [36.821, -1.2852]}}, {"type": "Feature", "properties": {"Join_Count": 1, "TARGET_FID": 186, "Facility_N": "Prudent Medical Clinic Kariobangi", "County": "Nairobi", "Division": "Kariobangi", "LOCATION": "Kariobangi South", "Sub_Locati": "Saika", "Latitude": -1.25736, "Longitude": 36.91174, "Type": "Medical Clinic", "Owner": "Private Practice - General Practitioner", "Id": 17228, "gridcode": 4, "RiskZone": 4, "RiskClass": "High", "Field1": 0}, "geometry": {"type": "Point", "coordinates": [36.91174, -1.25736]}}, {"type": "Feature", "properties": {"Join_Count": 1, "TARGET_FID": 187, "Facility_N": "Dandora Health Service", "County": "Nairobi", "Division": "Dandora", "LOCATION": "Dandora", "Sub_Locati": "Dandora Phase V", "Latitude": -1.24563, "Longitude": 36.9098, "Type": "Medical Clinic", "Owner": "Private Practice - General Practitioner", "Id": 15284, "gridcode": 5, "RiskZone": 5, "RiskClass": "Very High", "Field1": 0}, "geometry": {"type": "Point", "coordinates": [36.9098, -1.24563]}}, {"type": "Feature", "properties": {"Join_Count": 1, "TARGET_FID": 188, "Facility_N": "Coni Health Centre", "County": "Nairobi", "Division": "Embakasi", "LOCATION": "Kayole", "Sub_Locati": "Embakasi", "Latitude": -1.27049, "Longitude": 36.91372, "Type": "Health Centre", "Owner": "Private Practice - Nurse / Midwife", "Id": 38741, "gridcode": 4, "RiskZone": 4, "RiskClass": "High", "Field1": 0}, "geometry": {"type": "Point", "coordinates": [36.91372, -1.27049]}}, {"type": "Feature", "properties": {"Join_Count": 1, "TARGET_FID": 189, "Facility_N": "Gedmed Medical Clinic", "County": "Nairobi", "Division": null, "LOCATION": null, "Sub_Locati": null, "Latitude": -1.2685, "Longitude": 36.84963, "Type": "Medical Clinic", "Owner": "Private Enterprise (Institution)", "Id": 19495, "gridcode": 5, "RiskZone": 5, "RiskClass": "Very High", "Field1": 0}, "geometry": {"type": "Point", "coordinates": [36.84963, -1.2685]}}, {"type": "Feature", "properties": {"Join_Count": 1, "TARGET_FID": 190, "Facility_N": "Maringo Clinic", "County": "Nairobi", "Division": "Makadara", "LOCATION": "Maringo", "Sub_Locati": "Maringo", "Latitude": -1.28351, "Longitude": 36.88002, "Type": "Dispensary", "Owner": "Local Authority", "Id": 36723, "gridcode": 5, "RiskZone": 5, "RiskClass": "Very High", "Field1": 0}, "geometry": {"type": "Point", "coordinates": [36.88002, -1.28351]}}, {"type": "Feature", "properties": {"Join_Count": 1, "TARGET_FID": 191, "Facility_N": "Alice Nursing Home", "County": "Nairobi", "Division": "Embakasi", "LOCATION": "Mukuru", "Sub_Locati": "Kwa Njenga", "Latitude": -1.31699, "Longitude": 36.8865, "Type": "Nursing Home", "Owner": "Private Enterprise (Institution)", "Id": 36723, "gridcode": 5, "RiskZone": 5, "RiskClass": "Very High", "Field1": 0}, "geometry": {"type": "Point", "coordinates": [36.8865, -1.31699]}}, {"type": "Feature", "properties": {"Join_Count": 1, "TARGET_FID": 192, "Facility_N": "New Life Home Childrens Home (Kilimani)", "County": "Nairobi", "Division": "Kilimani", "LOCATION": "Kilimani", "Sub_Locati": null, "Latitude": -1.290167, "Longitude": 36.787067, "Type": "Medical Clinic", "Owner": "Non-Governmental Organizations", "Id": 35680, "gridcode": 4, "RiskZone": 4, "RiskClass": "High", "Field1": 0}, "geometry": {"type": "Point", "coordinates": [36.787067, -1.290167]}}, {"type": "Feature", "properties": {"Join_Count": 1, "TARGET_FID": 193, "Facility_N": "Max Family Health Care", "County": "Nairobi", "Division": "KASARANI", "LOCATION": "Githurai", "Sub_Locati": "Githurai", "Latitude": -1.20062, "Longitude": 36.90279, "Type": "Medical Clinic", "Owner": "Private Practice - General Practitioner", "Id": 38741, "gridcode": 4, "RiskZone": 4, "RiskClass": "High", "Field1": 0}, "geometry": {"type": "Point", "coordinates": [36.90279, -1.20062]}}, {"type": "Feature", "properties": {"Join_Count": 1, "TARGET_FID": 194, "Facility_N": "Kivuli Dispensary", "County": "Nairobi", "Division": "Dagoretti", "LOCATION": "Riruta", "Sub_Locati": null, "Latitude": -1.29052, "Longitude": 36.72736, "Type": "Dispensary", "Owner": "Kenya Episcopal Conference-Catholic Secretariat", "Id": 25154, "gridcode": 2, "RiskZone": 2, "RiskClass": "Low", "Field1": 0}, "geometry": {"type": "Point", "coordinates": [36.72736, -1.29052]}}, {"type": "Feature", "properties": {"Join_Count": 1, "TARGET_FID": 195, "Facility_N": "Ngong Road Dispensary", "County": "Nairobi", "Division": "Dagoretti", "LOCATION": "Woodley", "Sub_Locati": null, "Latitude": -1.29896, "Longitude": 36.7587, "Type": "Dispensary", "Owner": "Local Authority", "Id": 28695, "gridcode": 4, "RiskZone": 4, "RiskClass": "High", "Field1": 0}, "geometry": {"type": "Point", "coordinates": [36.7587, -1.29896]}}, {"type": "Feature", "properties": {"Join_Count": 1, "TARGET_FID": 196, "Facility_N": "Tumaini Mwangaza ( Korogocho)", "County": "Nairobi", "Division": "Ruaraka", "LOCATION": "Korogocho", "Sub_Locati": "Korogocho", "Latitude": -1.25113, "Longitude": 36.8918, "Type": "Medical Clinic", "Owner": "Private Practice - General Practitioner", "Id": 38741, "gridcode": 4, "RiskZone": 4, "RiskClass": "High", "Field1": 0}, "geometry": {"type": "Point", "coordinates": [36.8918, -1.25113]}}, {"type": "Feature", "properties": {"Join_Count": 1, "TARGET_FID": 197, "Facility_N": "Gertrudes Chiildren Clinic (Pangani)", "County": "Nairobi", "Division": "Kariokor", "LOCATION": "Kariokor", "Sub_Locati": "Kariokor", "Latitude": -1.26966, "Longitude": 36.83989, "Type": "Medical Clinic", "Owner": "Private Enterprise (Institution)", "Id": 22790, "gridcode": 5, "RiskZone": 5, "RiskClass": "Very High", "Field1": 0}, "geometry": {"type": "Point", "coordinates": [36.83989, -1.26966]}}, {"type": "Feature", "properties": {"Join_Count": 1, "TARGET_FID": 198, "Facility_N": "Johanna Justin-Jinich Community Clinic (Kibera)", "County": "Nairobi", "Division": "Kibra", "LOCATION": "Sarang'ombe", "Sub_Locati": "Gatwekera", "Latitude": -1.3157, "Longitude": 36.78598, "Type": "Medical Clinic", "Owner": "Non-Governmental Organizations", "Id": 35680, "gridcode": 4, "RiskZone": 4, "RiskClass": "High", "Field1": 0}, "geometry": {"type": "Point", "coordinates": [36.78598, -1.3157]}}, {"type": "Feature", "properties": {"Join_Count": 1, "TARGET_FID": 199, "Facility_N": "Babadogo Health Centre", "County": "Nairobi", "Division": "Kasarani", "LOCATION": "Ruaraka", "Sub_Locati": null, "Latitude": -1.2441, "Longitude": 36.88416, "Type": "Dispensary", "Owner": "Local Authority", "Id": 38741, "gridcode": 4, "RiskZone": 4, "RiskClass": "High", "Field1": 0}, "geometry": {"type": "Point", "coordinates": [36.88416, -1.2441]}}, {"type": "Feature", "properties": {"Join_Count": 1, "TARGET_FID": 200, "Facility_N": "Pumwani Maternity Hospital", "County": "Nairobi", "Division": "Pumwani", "LOCATION": "Pumwani", "Sub_Locati": "Pumwani", "Latitude": -1.28028, "Longitude": 36.84552, "Type": "Other Hospital", "Owner": "Local Authority", "Id": 38741, "gridcode": 4, "RiskZone": 4, "RiskClass": "High", "Field1": 0}, "geometry": {"type": "Point", "coordinates": [36.84552, -1.28028]}}, {"type": "Feature", "properties": {"Join_Count": 1, "TARGET_FID": 201, "Facility_N": "Babito Medical Centre", "County": "Nairobi", "Division": "Ruaraka", "LOCATION": "Ruaraka", "Sub_Locati": "Utalii", "Latitude": -1.25313, "Longitude": 36.86708, "Type": "Medical Clinic", "Owner": "Private Practice - General Practitioner", "Id": 19495, "gridcode": 5, "RiskZone": 5, "RiskClass": "Very High", "Field1": 0}, "geometry": {"type": "Point", "coordinates": [36.86708, -1.25313]}}, {"type": "Feature", "properties": {"Join_Count": 1, "TARGET_FID": 202, "Facility_N": "Kenya Utalii Dispensary", "County": "Nairobi", "Division": "Kasarani", "LOCATION": "Kasarani", "Sub_Locati": null, "Latitude": -1.25087, "Longitude": 36.8617, "Type": "Dispensary", "Owner": "Private Enterprise (Institution)", "Id": 35724, "gridcode": 3, "RiskZone": 3, "RiskClass": "Moderate", "Field1": 0}, "geometry": {"type": "Point", "coordinates": [36.8617, -1.25087]}}, {"type": "Feature", "properties": {"Join_Count": 1, "TARGET_FID": 203, "Facility_N": "Dr M S Saroya Medical Clinic (Nairobi)", "County": "Nairobi", "Division": "Central", "LOCATION": "Central", "Sub_Locati": "Central", "Latitude": -1.28086, "Longitude": 36.82318, "Type": "Medical Clinic", "Owner": "Private Practice - General Practitioner", "Id": 38741, "gridcode": 4, "RiskZone": 4, "RiskClass": "High", "Field1": 0}, "geometry": {"type": "Point", "coordinates": [36.82318, -1.28086]}}, {"type": "Feature", "properties": {"Join_Count": 1, "TARGET_FID": 204, "Facility_N": "Mji Wa Huruma Dispensary", "County": "Nairobi", "Division": "Karura", "LOCATION": "Runda", "Sub_Locati": null, "Latitude": -1.22685, "Longitude": 36.82727, "Type": "Dispensary", "Owner": "Local Authority", "Id": 9769, "gridcode": 2, "RiskZone": 2, "RiskClass": "Low", "Field1": 0}, "geometry": {"type": "Point", "coordinates": [36.82727, -1.22685]}}, {"type": "Feature", "properties": {"Join_Count": 1, "TARGET_FID": 205, "Facility_N": "St Peter Dispensary", "County": "Nairobi", "Division": "Kasarani", "LOCATION": "Kasarani", "Sub_Locati": null, "Latitude": -1.23916, "Longitude": 36.8864, "Type": "Dispensary", "Owner": "Private Enterprise (Institution)", "Id": 11230, "gridcode": 3, "RiskZone": 3, "RiskClass": "Moderate", "Field1": 0}, "geometry": {"type": "Point", "coordinates": [36.8864, -1.23916]}}, {"type": "Feature", "properties": {"Join_Count": 1, "TARGET_FID": 206, "Facility_N": "Dr Gachare Medical Clinic", "County": "Nairobi", "Division": "Kilimani", "LOCATION": "Kilimani", "Sub_Locati": null, "Latitude": -1.29483, "Longitude": 36.8064, "Type": "Medical Clinic", "Owner": "Private Enterprise (Institution)", "Id": 35724, "gridcode": 3, "RiskZone": 3, "RiskClass": "Moderate", "Field1": 0}, "geometry": {"type": "Point", "coordinates": [36.8064, -1.29483]}}, {"type": "Feature", "properties": {"Join_Count": 1, "TARGET_FID": 207, "Facility_N": "St Mary's Medical Clinic", "County": "Nairobi", "Division": "Kibra", "LOCATION": "Kibera", "Sub_Locati": "Makina", "Latitude": -1.31197, "Longitude": 36.78365, "Type": "Maternity Home", "Owner": "Private Enterprise (Institution)", "Id": 35724, "gridcode": 3, "RiskZone": 3, "RiskClass": "Moderate", "Field1": 0}, "geometry": {"type": "Point", "coordinates": [36.78365, -1.31197]}}, {"type": "Feature", "properties": {"Join_Count": 1, "TARGET_FID": 208, "Facility_N": "Family Health Options Phoenix", "County": "Nairobi", "Division": "Central", "LOCATION": "Central Business District", "Sub_Locati": null, "Latitude": -1.2852, "Longitude": 36.821, "Type": "Dispensary", "Owner": "Non-Governmental Organizations", "Id": 23926, "gridcode": 2, "RiskZone": 2, "RiskClass": "Low", "Field1": 0}, "geometry": {"type": "Point", "coordinates": [36.821, -1.2852]}}, {"type": "Feature", "properties": {"Join_Count": 1, "TARGET_FID": 209, "Facility_N": "Tabitha Medical Clinic", "County": "Nairobi", "Division": "Kibra", "LOCATION": "Sarang'Ombe", "Sub_Locati": "Gatwekera", "Latitude": -1.31611, "Longitude": 36.7802, "Type": "Medical Clinic", "Owner": "Non-Governmental Organizations", "Id": 35724, "gridcode": 3, "RiskZone": 3, "RiskClass": "Moderate", "Field1": 0}, "geometry": {"type": "Point", "coordinates": [36.7802, -1.31611]}}, {"type": "Feature", "properties": {"Join_Count": 1, "TARGET_FID": 210, "Facility_N": "Kianda 42 Community Clinic", "County": "Nairobi", "Division": "Kibera", "LOCATION": "Sarang'ombe", "Sub_Locati": "Kianda", "Latitude": -1.30764, "Longitude": 36.7719, "Type": "Dispensary", "Owner": "Ministry of Health", "Id": 44680, "gridcode": 2, "RiskZone": 2, "RiskClass": "Low", "Field1": 0}, "geometry": {"type": "Point", "coordinates": [36.7719, -1.30764]}}, {"type": "Feature", "properties": {"Join_Count": 1, "TARGET_FID": 211, "Facility_N": "Dr Henry Abwao", "County": "Nairobi", "Division": "Parklands", "LOCATION": "Parklands", "Sub_Locati": null, "Latitude": -1.26444, "Longitude": 36.81147, "Type": "Medical Clinic", "Owner": "Private Practice - Medical Specialist", "Id": 38741, "gridcode": 4, "RiskZone": 4, "RiskClass": "High", "Field1": 0}, "geometry": {"type": "Point", "coordinates": [36.81147, -1.26444]}}, {"type": "Feature", "properties": {"Join_Count": 1, "TARGET_FID": 212, "Facility_N": "Kie/Kapc", "County": "Nairobi", "Division": "Central", "LOCATION": "Central Business District", "Sub_Locati": null, "Latitude": -1.2852, "Longitude": 36.821, "Type": "VCT Centre (Stand-Alone)", "Owner": "Other Public Institution", "Id": 23926, "gridcode": 2, "RiskZone": 2, "RiskClass": "Low", "Field1": 0}, "geometry": {"type": "Point", "coordinates": [36.821, -1.2852]}}, {"type": "Feature", "properties": {"Join_Count": 1, "TARGET_FID": 213, "Facility_N": "Cotolengo Centre", "County": "Nairobi", "Division": "Lang'ata", "LOCATION": "Karen", "Sub_Locati": "Karen", "Latitude": -1.33712, "Longitude": 36.72622, "Type": "Dispensary", "Owner": "Kenya Episcopal Conference-Catholic Secretariat", "Id": 36435, "gridcode": 3, "RiskZone": 3, "RiskClass": "Moderate", "Field1": 0}, "geometry": {"type": "Point", "coordinates": [36.72622, -1.33712]}}, {"type": "Feature", "properties": {"Join_Count": 1, "TARGET_FID": 214, "Facility_N": "Dr J A Alouch", "County": "Nairobi", "Division": "Kilimani", "LOCATION": null, "Sub_Locati": null, "Latitude": -1.29453, "Longitude": 36.80901, "Type": "Medical Clinic", "Owner": "Private Enterprise (Institution)", "Id": 26180, "gridcode": 4, "RiskZone": 4, "RiskClass": "High", "Field1": 0}, "geometry": {"type": "Point", "coordinates": [36.80901, -1.29453]}}, {"type": "Feature", "properties": {"Join_Count": 1, "TARGET_FID": 215, "Facility_N": "Mp Shah Hospital (Westlands)", "County": "Nairobi", "Division": "Parklands", "LOCATION": "Parklands", "Sub_Locati": null, "Latitude": -1.26343, "Longitude": 36.811814, "Type": "Other Hospital", "Owner": "Private Enterprise (Institution)", "Id": 38741, "gridcode": 4, "RiskZone": 4, "RiskClass": "High", "Field1": 0}, "geometry": {"type": "Point", "coordinates": [36.811814, -1.26343]}}, {"type": "Feature", "properties": {"Join_Count": 1, "TARGET_FID": 216, "Facility_N": "PCEA Clinic (Ngundo)", "County": "Nairobi", "Division": "Ruai", "LOCATION": "Ruai", "Sub_Locati": "Ruai", "Latitude": -1.25247, "Longitude": 37.0582, "Type": "Medical Clinic", "Owner": "Christian Health Association of Kenya", "Id": 38741, "gridcode": 4, "RiskZone": 4, "RiskClass": "High", "Field1": 0}, "geometry": {"type": "Point", "coordinates": [37.0582, -1.25247]}}, {"type": "Feature", "properties": {"Join_Count": 1, "TARGET_FID": 217, "Facility_N": "Muthurwa Clinic", "County": "Nairobi", "Division": "Pumwani", "LOCATION": "muthurwa", "Sub_Locati": "Muthurwa", "Latitude": -1.28975, "Longitude": 36.83877, "Type": "Medical Clinic", "Owner": "Local Authority", "Id": 38741, "gridcode": 4, "RiskZone": 4, "RiskClass": "High", "Field1": 0}, "geometry": {"type": "Point", "coordinates": [36.83877, -1.28975]}}, {"type": "Feature", "properties": {"Join_Count": 1, "TARGET_FID": 218, "Facility_N": "Stars General Medical Clinic", "County": "Nairobi", "Division": "Roysambu", "LOCATION": "Githurai", "Sub_Locati": "zimmerman", "Latitude": -1.20977, "Longitude": 36.89515, "Type": "Medical Clinic", "Owner": "Private Practice - General Practitioner", "Id": 5009, "gridcode": 5, "RiskZone": 5, "RiskClass": "Very High", "Field1": 0}, "geometry": {"type": "Point", "coordinates": [36.89515, -1.20977]}}, {"type": "Feature", "properties": {"Join_Count": 1, "TARGET_FID": 219, "Facility_N": "Dandora Medical Centre", "County": "Nairobi", "Division": "Njiru", "LOCATION": "Dandora", "Sub_Locati": "Dandora", "Latitude": -1.24262, "Longitude": 36.90928, "Type": "Medical Clinic", "Owner": "Private Practice - Unspecified", "Id": 38741, "gridcode": 4, "RiskZone": 4, "RiskClass": "High", "Field1": 0}, "geometry": {"type": "Point", "coordinates": [36.90928, -1.24262]}}, {"type": "Feature", "properties": {"Join_Count": 1, "TARGET_FID": 220, "Facility_N": "Viva Afya Kayole", "County": "Nairobi", "Division": "Kayole", "LOCATION": "Kayole", "Sub_Locati": "Kayole I", "Latitude": -1.26442, "Longitude": 36.91731, "Type": "Medical Clinic", "Owner": "Private Practice - Clinical Officer", "Id": 24971, "gridcode": 5, "RiskZone": 5, "RiskClass": "Very High", "Field1": 0}, "geometry": {"type": "Point", "coordinates": [36.91731, -1.26442]}}, {"type": "Feature", "properties": {"Join_Count": 1, "TARGET_FID": 221, "Facility_N": "Abandoned Child Care", "County": "Nairobi", "Division": "Dagoretti South", "LOCATION": "Uthiru/Ruthimitu", "Sub_Locati": null, "Latitude": -1.27396, "Longitude": 36.69119, "Type": "Dispensary", "Owner": "Non-Governmental Organizations", "Id": 27174, "gridcode": 1, "RiskZone": 1, "RiskClass": "Very Low", "Field1": 0}, "geometry": {"type": "Point", "coordinates": [36.69119, -1.27396]}}, {"type": "Feature", "properties": {"Join_Count": 1, "TARGET_FID": 222, "Facility_N": "Lea Toto Kibera", "County": "Nairobi", "Division": "Kibra", "LOCATION": "Sarang'Ombe", "Sub_Locati": null, "Latitude": -1.31434, "Longitude": 36.77979, "Type": "Medical Clinic", "Owner": "Non-Governmental Organizations", "Id": 35680, "gridcode": 4, "RiskZone": 4, "RiskClass": "High", "Field1": 0}, "geometry": {"type": "Point", "coordinates": [36.77979, -1.31434]}}, {"type": "Feature", "properties": {"Join_Count": 1, "TARGET_FID": 223, "Facility_N": "AAR Gwh Health Care Ltd", "County": "Nairobi", "Division": "Kilimani", "LOCATION": null, "Sub_Locati": null, "Latitude": -1.29467, "Longitude": 36.80897, "Type": "Health Centre", "Owner": "Private Enterprise (Institution)", "Id": 26180, "gridcode": 4, "RiskZone": 4, "RiskClass": "High", "Field1": 0}, "geometry": {"type": "Point", "coordinates": [36.80897, -1.29467]}}, {"type": "Feature", "properties": {"Join_Count": 1, "TARGET_FID": 224, "Facility_N": "PSTC Health Centre", "County": "Nairobi", "Division": "Kasarani", "LOCATION": "Ruaraka", "Sub_Locati": null, "Latitude": -1.2812, "Longitude": 36.82605, "Type": "Health Centre", "Owner": "Ministry of Health", "Id": 22288, "gridcode": 3, "RiskZone": 3, "RiskClass": "Moderate", "Field1": 0}, "geometry": {"type": "Point", "coordinates": [36.82605, -1.2812]}}, {"type": "Feature", "properties": {"Join_Count": 1, "TARGET_FID": 225, "Facility_N": "Edna Maternity", "County": "Nairobi", "Division": "Eastleign South", "LOCATION": "Eastleigh Section Iii", "Sub_Locati": null, "Latitude": -1.28053, "Longitude": 36.8595, "Type": "Maternity Home", "Owner": "Private Enterprise (Institution)", "Id": 22042, "gridcode": 3, "RiskZone": 3, "RiskClass": "Moderate", "Field1": 0}, "geometry": {"type": "Point", "coordinates": [36.8595, -1.28053]}}, {"type": "Feature", "properties": {"Join_Count": 1, "TARGET_FID": 226, "Facility_N": "Afya House Dispensary", "County": "Nairobi", "Division": "KNH Golf Course", "LOCATION": "Community", "Sub_Locati": "Community", "Latitude": -1.29107, "Longitude": 36.81502, "Type": "Dispensary", "Owner": "Ministry of Health", "Id": 27327, "gridcode": 2, "RiskZone": 2, "RiskClass": "Low", "Field1": 0}, "geometry": {"type": "Point", "coordinates": [36.81502, -1.29107]}}, {"type": "Feature", "properties": {"Join_Count": 1, "TARGET_FID": 227, "Facility_N": "Sasa Centre (Makadara)", "County": "Nairobi", "Division": null, "LOCATION": null, "Sub_Locati": null, "Latitude": -1.30434, "Longitude": 36.83446, "Type": "Medical Clinic", "Owner": "Non-Governmental Organizations", "Id": 38741, "gridcode": 4, "RiskZone": 4, "RiskClass": "High", "Field1": 0}, "geometry": {"type": "Point", "coordinates": [36.83446, -1.30434]}}, {"type": "Feature", "properties": {"Join_Count": 1, "TARGET_FID": 228, "Facility_N": "Dr Montet Medical Clinic", "County": "Nairobi", "Division": "Kilimani", "LOCATION": "Kilimani", "Sub_Locati": null, "Latitude": -1.29483, "Longitude": 36.8064, "Type": "Medical Clinic", "Owner": "Private Practice - Unspecified", "Id": 35724, "gridcode": 3, "RiskZone": 3, "RiskClass": "Moderate", "Field1": 0}, "geometry": {"type": "Point", "coordinates": [36.8064, -1.29483]}}, {"type": "Feature", "properties": {"Join_Count": 1, "TARGET_FID": 229, "Facility_N": "Mercillin Afya Centre", "County": "Nairobi", "Division": "Kibra", "LOCATION": "Kibra", "Sub_Locati": "Lindi", "Latitude": -1.31299, "Longitude": 36.7844, "Type": "Maternity Home", "Owner": "Community", "Id": 35680, "gridcode": 4, "RiskZone": 4, "RiskClass": "High", "Field1": 0}, "geometry": {"type": "Point", "coordinates": [36.7844, -1.31299]}}, {"type": "Feature", "properties": {"Join_Count": 1, "TARGET_FID": 230, "Facility_N": "Lower Kabete Dispensary (Kabete)", "County": "Nairobi", "Division": "Kitisuru", "LOCATION": "L/Kabete", "Sub_Locati": "L/Kabete", "Latitude": -1.24003, "Longitude": 36.74591, "Type": "Dispensary", "Owner": "Local Authority", "Id": 10857, "gridcode": 1, "RiskZone": 1, "RiskClass": "Very Low", "Field1": 0}, "geometry": {"type": "Point", "coordinates": [36.74591, -1.24003]}}, {"type": "Feature", "properties": {"Join_Count": 1, "TARGET_FID": 231, "Facility_N": "AAR City Centre Clinic", "County": "Nairobi", "Division": "Starehe", "LOCATION": "Central Business District", "Sub_Locati": null, "Latitude": -1.28443, "Longitude": 36.82135, "Type": "Medical Clinic", "Owner": "Private Enterprise (Institution)", "Id": 23304, "gridcode": 1, "RiskZone": 1, "RiskClass": "Very Low", "Field1": 0}, "geometry": {"type": "Point", "coordinates": [36.82135, -1.28443]}}, {"type": "Feature", "properties": {"Join_Count": 1, "TARGET_FID": 232, "Facility_N": "Bristal Park Hospital", "County": "Nairobi", "Division": "Embakasi", "LOCATION": "Embakasi", "Sub_Locati": "Tassia", "Latitude": -1.31319, "Longitude": 36.89455, "Type": "Other Hospital", "Owner": "Private Practice - General Practitioner", "Id": 31235, "gridcode": 3, "RiskZone": 3, "RiskClass": "Moderate", "Field1": 0}, "geometry": {"type": "Point", "coordinates": [36.89455, -1.31319]}}, {"type": "Feature", "properties": {"Join_Count": 1, "TARGET_FID": 233, "Facility_N": "Smiles Medical Centre", "County": "Nairobi", "Division": null, "LOCATION": null, "Sub_Locati": null, "Latitude": -1.27038, "Longitude": 36.74537, "Type": "Medical Clinic", "Owner": "Private Enterprise (Institution)", "Id": 35724, "gridcode": 3, "RiskZone": 3, "RiskClass": "Moderate", "Field1": 0}, "geometry": {"type": "Point", "coordinates": [36.74537, -1.27038]}}, {"type": "Feature", "properties": {"Join_Count": 1, "TARGET_FID": 234, "Facility_N": "St Veronica EDARP Clinic", "County": "Nairobi", "Division": "Eastleigh South", "LOCATION": "Eastleigh South", "Sub_Locati": null, "Latitude": -1.28387, "Longitude": 36.8552, "Type": "Medical Clinic", "Owner": "Other Faith Based", "Id": 38741, "gridcode": 4, "RiskZone": 4, "RiskClass": "High", "Field1": 0}, "geometry": {"type": "Point", "coordinates": [36.8552, -1.28387]}}, {"type": "Feature", "properties": {"Join_Count": 1, "TARGET_FID": 235, "Facility_N": "Josnik Clinic", "County": "Nairobi", "Division": "Roysambu", "LOCATION": "Githurai", "Sub_Locati": "Githurai", "Latitude": -1.19933, "Longitude": 36.90276, "Type": "Medical Clinic", "Owner": "Private Practice - General Practitioner", "Id": 5009, "gridcode": 5, "RiskZone": 5, "RiskClass": "Very High", "Field1": 0}, "geometry": {"type": "Point", "coordinates": [36.90276, -1.19933]}}, {"type": "Feature", "properties": {"Join_Count": 1, "TARGET_FID": 236, "Facility_N": "Good Samaritan Dispensary", "County": "Nairobi", "Division": "Kasarani", "LOCATION": "Kasarani", "Sub_Locati": null, "Latitude": -1.2148, "Longitude": 36.8665, "Type": "Dispensary", "Owner": "Private Enterprise (Institution)", "Id": 38741, "gridcode": 4, "RiskZone": 4, "RiskClass": "High", "Field1": 0}, "geometry": {"type": "Point", "coordinates": [36.8665, -1.2148]}}, {"type": "Feature", "properties": {"Join_Count": 1, "TARGET_FID": 237, "Facility_N": "Microbiology Reference Lab", "County": "Nairobi", "Division": "Kenyatta", "LOCATION": null, "Sub_Locati": null, "Latitude": -1.30433, "Longitude": 36.80769, "Type": "Laboratory (Stand-alone)", "Owner": "Ministry of Health", "Id": 35724, "gridcode": 3, "RiskZone": 3, "RiskClass": "Moderate", "Field1": 0}, "geometry": {"type": "Point", "coordinates": [36.80769, -1.30433]}}, {"type": "Feature", "properties": {"Join_Count": 1, "TARGET_FID": 238, "Facility_N": "Philis Medical Laboratory", "County": "Nairobi", "Division": "central", "LOCATION": "Central", "Sub_Locati": "Central", "Latitude": -1.28853, "Longitude": 36.82619, "Type": "Laboratory (Stand-alone)", "Owner": "Private Practice - Unspecified", "Id": 24659, "gridcode": 2, "RiskZone": 2, "RiskClass": "Low", "Field1": 0}, "geometry": {"type": "Point", "coordinates": [36.82619, -1.28853]}}, {"type": "Feature", "properties": {"Join_Count": 1, "TARGET_FID": 239, "Facility_N": "Dr Musili Clinic (Afya Centre-Nairobi)", "County": "Nairobi", "Division": "Central", "LOCATION": "Central", "Sub_Locati": "Central", "Latitude": -1.28799, "Longitude": 36.82763, "Type": "Medical Clinic", "Owner": "Private Practice - Medical Specialist", "Id": 38741, "gridcode": 4, "RiskZone": 4, "RiskClass": "High", "Field1": 0}, "geometry": {"type": "Point", "coordinates": [36.82763, -1.28799]}}, {"type": "Feature", "properties": {"Join_Count": 1, "TARGET_FID": 240, "Facility_N": "Sokoni Arcade VCT", "County": "Nairobi", "Division": "Dagoretti", "LOCATION": "Kawangware", "Sub_Locati": null, "Latitude": -1.27974, "Longitude": 36.7414, "Type": "VCT Centre (Stand-Alone)", "Owner": "Non-Governmental Organizations", "Id": 25441, "gridcode": 4, "RiskZone": 4, "RiskClass": "High", "Field1": 0}, "geometry": {"type": "Point", "coordinates": [36.7414, -1.27974]}}, {"type": "Feature", "properties": {"Join_Count": 1, "TARGET_FID": 241, "Facility_N": "Bomas of Kenya Dispensary", "County": "Nairobi", "Division": "Lang'ata", "LOCATION": "Lang'ata", "Sub_Locati": "Bomas", "Latitude": -1.3368, "Longitude": 36.76819, "Type": "Dispensary", "Owner": "Parastatal", "Id": 44680, "gridcode": 2, "RiskZone": 2, "RiskClass": "Low", "Field1": 0}, "geometry": {"type": "Point", "coordinates": [36.76819, -1.3368]}}, {"type": "Feature", "properties": {"Join_Count": 1, "TARGET_FID": 242, "Facility_N": "Sasa Centre (Westlands)", "County": "Nairobi", "Division": "Kangemi", "LOCATION": "Kangemi", "Sub_Locati": "Kangemi", "Latitude": -1.26343, "Longitude": 36.803995, "Type": "Medical Clinic", "Owner": "Non-Governmental Organizations", "Id": 18625, "gridcode": 3, "RiskZone": 3, "RiskClass": "Moderate", "Field1": 0}, "geometry": {"type": "Point", "coordinates": [36.803995, -1.26343]}}, {"type": "Feature", "properties": {"Join_Count": 1, "TARGET_FID": 243, "Facility_N": "Avenue Health Care (Makadara)", "County": "Nairobi", "Division": "Viwandani", "LOCATION": "Viwandani", "Sub_Locati": "Viwandani", "Latitude": -1.30337, "Longitude": 36.86518, "Type": "Medical Clinic", "Owner": "Private Practice - General Practitioner", "Id": 36723, "gridcode": 5, "RiskZone": 5, "RiskClass": "Very High", "Field1": 0}, "geometry": {"type": "Point", "coordinates": [36.86518, -1.30337]}}, {"type": "Feature", "properties": {"Join_Count": 1, "TARGET_FID": 244, "Facility_N": "Nairobi West Men's Prison Dispensary", "County": "Nairobi", "Division": "Lang'ata", "LOCATION": "Mugumoini", "Sub_Locati": "Mugumoini", "Latitude": -1.31869, "Longitude": 36.8101, "Type": "Dispensary", "Owner": "Ministry of Health", "Id": 33736, "gridcode": 4, "RiskZone": 4, "RiskClass": "High", "Field1": 0}, "geometry": {"type": "Point", "coordinates": [36.8101, -1.31869]}}, {"type": "Feature", "properties": {"Join_Count": 1, "TARGET_FID": 245, "Facility_N": "Maria Medical Clinic And Diadetic centre(Saika)", "County": "Nairobi", "Division": "Njiru", "LOCATION": "Njiru", "Sub_Locati": "Saika", "Latitude": -1.26319, "Longitude": 36.92525, "Type": "Medical Clinic", "Owner": "Private Practice - General Practitioner", "Id": 17768, "gridcode": 3, "RiskZone": 3, "RiskClass": "Moderate", "Field1": 0}, "geometry": {"type": "Point", "coordinates": [36.92525, -1.26319]}}, {"type": "Feature", "properties": {"Join_Count": 1, "TARGET_FID": 246, "Facility_N": "National Youth Service Hq Dispensary (Ruaraka)", "County": "Nairobi", "Division": "Kasarani", "LOCATION": "Ruaraka", "Sub_Locati": "Utalii", "Latitude": -1.25128, "Longitude": 36.86927, "Type": "Dispensary", "Owner": "State Coorporation", "Id": 38741, "gridcode": 4, "RiskZone": 4, "RiskClass": "High", "Field1": 0}, "geometry": {"type": "Point", "coordinates": [36.86927, -1.25128]}}, {"type": "Feature", "properties": {"Join_Count": 1, "TARGET_FID": 247, "Facility_N": "Mow Dispensary", "County": "Nairobi", "Division": "Makadara", "LOCATION": "Viwandani", "Sub_Locati": "Landi Mawe", "Latitude": -1.29362, "Longitude": 36.82742, "Type": "Dispensary", "Owner": "Other Public Institution", "Id": 38741, "gridcode": 4, "RiskZone": 4, "RiskClass": "High", "Field1": 0}, "geometry": {"type": "Point", "coordinates": [36.82742, -1.29362]}}, {"type": "Feature", "properties": {"Join_Count": 1, "TARGET_FID": 248, "Facility_N": "Langata Hospital", "County": "Nairobi", "Division": "Lang'ata", "LOCATION": "Mugumoini", "Sub_Locati": "Mugumoini", "Latitude": -1.32785, "Longitude": 36.78919, "Type": "Other Hospital", "Owner": "Private Enterprise (Institution)", "Id": 49638, "gridcode": 3, "RiskZone": 3, "RiskClass": "Moderate", "Field1": 0}, "geometry": {"type": "Point", "coordinates": [36.78919, -1.32785]}}, {"type": "Feature", "properties": {"Join_Count": 1, "TARGET_FID": 249, "Facility_N": "Jellin Medical Clinic", "County": "Nairobi", "Division": "Kawagware", "LOCATION": "Kawagware", "Sub_Locati": null, "Latitude": -1.28721, "Longitude": 36.74285, "Type": "Dispensary", "Owner": "Private Practice - Nurse / Midwife", "Id": 25441, "gridcode": 4, "RiskZone": 4, "RiskClass": "High", "Field1": 0}, "geometry": {"type": "Point", "coordinates": [36.74285, -1.28721]}}, {"type": "Feature", "properties": {"Join_Count": 1, "TARGET_FID": 250, "Facility_N": "Getrude Donholm Clinic", "County": "Nairobi", "Division": "Embakasi", "LOCATION": "Umoja", "Sub_Locati": "Savannah", "Latitude": -1.29524, "Longitude": 36.88777, "Type": "Medical Clinic", "Owner": "Private Enterprise (Institution)", "Id": 26334, "gridcode": 3, "RiskZone": 3, "RiskClass": "Moderate", "Field1": 0}, "geometry": {"type": "Point", "coordinates": [36.88777, -1.29524]}}, {"type": "Feature", "properties": {"Join_Count": 1, "TARGET_FID": 251, "Facility_N": "Clinix Health Care (Kibra)", "County": "Nairobi", "Division": "Kibra", "LOCATION": "Sarang'ombe", "Sub_Locati": "Kianda", "Latitude": -1.31037, "Longitude": 36.77395, "Type": "Medical Clinic", "Owner": "Private Enterprise (Institution)", "Id": 35680, "gridcode": 4, "RiskZone": 4, "RiskClass": "High", "Field1": 0}, "geometry": {"type": "Point", "coordinates": [36.77395, -1.31037]}}, {"type": "Feature", "properties": {"Join_Count": 1, "TARGET_FID": 252, "Facility_N": "Olympic Community Clinic", "County": "Nairobi", "Division": "Kibra", "LOCATION": "Sarang'ombe", "Sub_Locati": "Olympic/Kianda", "Latitude": -1.3141, "Longitude": 36.77853, "Type": "Dispensary", "Owner": "Ministry of Health", "Id": 31215, "gridcode": 4, "RiskZone": 4, "RiskClass": "High", "Field1": 0}, "geometry": {"type": "Point", "coordinates": [36.77853, -1.3141]}}, {"type": "Feature", "properties": {"Join_Count": 1, "TARGET_FID": 253, "Facility_N": "Eagle Wings Medical Centre", "County": "Nairobi", "Division": "Lang'ata", "LOCATION": "Mugumoini", "Sub_Locati": "Mugumoini", "Latitude": -1.32689, "Longitude": 36.7896, "Type": "Medical Clinic", "Owner": "Private Practice - Medical Specialist", "Id": 34231, "gridcode": 4, "RiskZone": 4, "RiskClass": "High", "Field1": 0}, "geometry": {"type": "Point", "coordinates": [36.7896, -1.32689]}}, {"type": "Feature", "properties": {"Join_Count": 1, "TARGET_FID": 254, "Facility_N": "Kasarani Health Centre", "County": "Nairobi", "Division": "Kasarani", "LOCATION": "Kariobangi", "Sub_Locati": "Kasarani", "Latitude": -1.21821, "Longitude": 36.90139, "Type": "Dispensary", "Owner": "Local Authority", "Id": 5677, "gridcode": 5, "RiskZone": 5, "RiskClass": "Very High", "Field1": 0}, "geometry": {"type": "Point", "coordinates": [36.90139, -1.21821]}}, {"type": "Feature", "properties": {"Join_Count": 1, "TARGET_FID": 255, "Facility_N": "Exodus Community Health Care", "County": "Nairobi", "Division": null, "LOCATION": null, "Sub_Locati": "kayole", "Latitude": -1.27926, "Longitude": 36.91687, "Type": "Medical Clinic", "Owner": "Private Practice - Unspecified", "Id": 38741, "gridcode": 4, "RiskZone": 4, "RiskClass": "High", "Field1": 0}, "geometry": {"type": "Point", "coordinates": [36.91687, -1.27926]}}, {"type": "Feature", "properties": {"Join_Count": 1, "TARGET_FID": 256, "Facility_N": "Sunbeam Medical Centre", "County": "Nairobi", "Division": "kangemi", "LOCATION": "kangemi", "Sub_Locati": null, "Latitude": -1.265889, "Longitude": 36.75034, "Type": "Dispensary", "Owner": "Private Enterprise (Institution)", "Id": 35724, "gridcode": 3, "RiskZone": 3, "RiskClass": "Moderate", "Field1": 0}, "geometry": {"type": "Point", "coordinates": [36.75034, -1.265889]}}, {"type": "Feature", "properties": {"Join_Count": 1, "TARGET_FID": 257, "Facility_N": "Kabete Approved School Dispensary", "County": "Nairobi", "Division": "Kitisuru", "LOCATION": "Lower Kabete", "Sub_Locati": null, "Latitude": -1.239953, "Longitude": 36.730672, "Type": "Dispensary", "Owner": "Ministry of Health", "Id": 10919, "gridcode": 1, "RiskZone": 1, "RiskClass": "Very Low", "Field1": 0}, "geometry": {"type": "Point", "coordinates": [36.730672, -1.239953]}}, {"type": "Feature", "properties": {"Join_Count": 1, "TARGET_FID": 258, "Facility_N": "Acacia Clinic (Kilimani)", "County": "Nairobi", "Division": "Kilimani", "LOCATION": null, "Sub_Locati": null, "Latitude": -1.26418, "Longitude": 36.79893, "Type": "Medical Clinic", "Owner": "Private Practice - General Practitioner", "Id": 38741, "gridcode": 4, "RiskZone": 4, "RiskClass": "High", "Field1": 0}, "geometry": {"type": "Point", "coordinates": [36.79893, -1.26418]}}, {"type": "Feature", "properties": {"Join_Count": 1, "TARGET_FID": 259, "Facility_N": "Mercy Medical Services", "County": "Nairobi", "Division": "Central", "LOCATION": "Central", "Sub_Locati": "Central", "Latitude": -1.28562, "Longitude": 36.82198, "Type": "Medical Clinic", "Owner": "Private Practice - General Practitioner", "Id": 35724, "gridcode": 3, "RiskZone": 3, "RiskClass": "Moderate", "Field1": 0}, "geometry": {"type": "Point", "coordinates": [36.82198, -1.28562]}}, {"type": "Feature", "properties": {"Join_Count": 1, "TARGET_FID": 260, "Facility_N": "Maisha Poa Dispensary", "County": "Nairobi", "Division": "Riruta", "LOCATION": "Riruta", "Sub_Locati": "Riruta", "Latitude": -1.28864, "Longitude": 36.73869, "Type": "Medical Clinic", "Owner": "Private Practice - General Practitioner", "Id": 28695, "gridcode": 4, "RiskZone": 4, "RiskClass": "High", "Field1": 0}, "geometry": {"type": "Point", "coordinates": [36.73869, -1.28864]}}, {"type": "Feature", "properties": {"Join_Count": 1, "TARGET_FID": 261, "Facility_N": "Romieva Medical Centre", "County": "Nairobi", "Division": "Embakasi", "LOCATION": "Mihan'go", "Sub_Locati": "Utawala", "Latitude": -1.28843, "Longitude": 36.97227, "Type": "Medical Clinic", "Owner": "Non-Governmental Organizations", "Id": 38741, "gridcode": 4, "RiskZone": 4, "RiskClass": "High", "Field1": 0}, "geometry": {"type": "Point", "coordinates": [36.97227, -1.28843]}}, {"type": "Feature", "properties": {"Join_Count": 1, "TARGET_FID": 262, "Facility_N": "St Joseph W Dispensary (Westlands)", "County": "Nairobi", "Division": "Mountain View", "LOCATION": "Uthiru", "Sub_Locati": null, "Latitude": -1.27104, "Longitude": 36.7391, "Type": "Dispensary", "Owner": "Kenya Episcopal Conference-Catholic Secretariat", "Id": 50181, "gridcode": 2, "RiskZone": 2, "RiskClass": "Low", "Field1": 0}, "geometry": {"type": "Point", "coordinates": [36.7391, -1.27104]}}, {"type": "Feature", "properties": {"Join_Count": 1, "TARGET_FID": 263, "Facility_N": "Future Age Medical Services", "County": "Nairobi", "Division": "Lang'ata", "LOCATION": "Karen", "Sub_Locati": "Karen", "Latitude": -1.32305, "Longitude": 36.707, "Type": "Medical Clinic", "Owner": "Private Enterprise (Institution)", "Id": 33334, "gridcode": 3, "RiskZone": 3, "RiskClass": "Moderate", "Field1": 0}, "geometry": {"type": "Point", "coordinates": [36.707, -1.32305]}}, {"type": "Feature", "properties": {"Join_Count": 1, "TARGET_FID": 264, "Facility_N": "Kilimanjaro Nursing Home", "County": "Nairobi", "Division": "Eastleigh North", "LOCATION": "Eastleigh Section I", "Sub_Locati": null, "Latitude": -1.27085, "Longitude": 36.847, "Type": "Nursing Home", "Owner": "Private Enterprise (Institution)", "Id": 38741, "gridcode": 4, "RiskZone": 4, "RiskClass": "High", "Field1": 0}, "geometry": {"type": "Point", "coordinates": [36.847, -1.27085]}}, {"type": "Feature", "properties": {"Join_Count": 1, "TARGET_FID": 265, "Facility_N": "Soweto West Community Clinic", "County": "Nairobi", "Division": "Kibra", "LOCATION": "Sarang'ombe", "Sub_Locati": "Gatwekera", "Latitude": -1.31633, "Longitude": 36.77604, "Type": "Dispensary", "Owner": "Ministry of Health", "Id": 35680, "gridcode": 4, "RiskZone": 4, "RiskClass": "High", "Field1": 0}, "geometry": {"type": "Point", "coordinates": [36.77604, -1.31633]}}, {"type": "Feature", "properties": {"Join_Count": 1, "TARGET_FID": 266, "Facility_N": "Ministry of Education (Moest) VCT Centre", "County": "Nairobi", "Division": "Central", "LOCATION": "Central Business District", "Sub_Locati": null, "Latitude": -1.2852, "Longitude": 36.821, "Type": "VCT Centre (Stand-Alone)", "Owner": "Other Public Institution", "Id": 23926, "gridcode": 2, "RiskZone": 2, "RiskClass": "Low", "Field1": 0}, "geometry": {"type": "Point", "coordinates": [36.821, -1.2852]}}, {"type": "Feature", "properties": {"Join_Count": 1, "TARGET_FID": 267, "Facility_N": "Lakeside Medical", "County": "Nairobi", "Division": "Lang'ata", "LOCATION": "Sarang'ombe", "Sub_Locati": "Gatwekera", "Latitude": -1.31441, "Longitude": 36.78265, "Type": "Medical Clinic", "Owner": "Private Practice - Clinical Officer", "Id": 35680, "gridcode": 4, "RiskZone": 4, "RiskClass": "High", "Field1": 0}, "geometry": {"type": "Point", "coordinates": [36.78265, -1.31441]}}, {"type": "Feature", "properties": {"Join_Count": 1, "TARGET_FID": 268, "Facility_N": "Saola Maternity and Nursing Home", "County": "Nairobi", "Division": "Kibra", "LOCATION": "Laini Saba", "Sub_Locati": "Laini saba", "Latitude": -1.31178, "Longitude": 36.79913, "Type": "Maternity Home", "Owner": "Private Enterprise (Institution)", "Id": 31313, "gridcode": 5, "RiskZone": 5, "RiskClass": "Very High", "Field1": 0}, "geometry": {"type": "Point", "coordinates": [36.79913, -1.31178]}}, {"type": "Feature", "properties": {"Join_Count": 1, "TARGET_FID": 269, "Facility_N": "Flack Clinic", "County": "Nairobi", "Division": "South B", "LOCATION": "Nairobi South", "Sub_Locati": "Nairobi South", "Latitude": -1.2956, "Longitude": 36.8499, "Type": "Medical Clinic", "Owner": "Private Practice - Nurse / Midwife", "Id": 26664, "gridcode": 5, "RiskZone": 5, "RiskClass": "Very High", "Field1": 0}, "geometry": {"type": "Point", "coordinates": [36.8499, -1.2956]}}, {"type": "Feature", "properties": {"Join_Count": 1, "TARGET_FID": 270, "Facility_N": "Alphine Dental Centre (Kencom Hse)", "County": "Nairobi", "Division": "Central", "LOCATION": "Central", "Sub_Locati": "Central", "Latitude": -1.28579, "Longitude": 36.82471, "Type": "Dental Clinic", "Owner": "Private Practice - Unspecified", "Id": 25195, "gridcode": 2, "RiskZone": 2, "RiskClass": "Low", "Field1": 0}, "geometry": {"type": "Point", "coordinates": [36.82471, -1.28579]}}, {"type": "Feature", "properties": {"Join_Count": 1, "TARGET_FID": 271, "Facility_N": "Nairobi Hospital", "County": "Nairobi", "Division": "Dagoretti", "LOCATION": "Kilimani", "Sub_Locati": null, "Latitude": -1.296139, "Longitude": 36.803995, "Type": "Other Hospital", "Owner": "Private Enterprise (Institution)", "Id": 26569, "gridcode": 5, "RiskZone": 5, "RiskClass": "Very High", "Field1": 0}, "geometry": {"type": "Point", "coordinates": [36.803995, -1.296139]}}, {"type": "Feature", "properties": {"Join_Count": 1, "TARGET_FID": 272, "Facility_N": "Sasa Centre-Ngara", "County": "Nairobi", "Division": "Ngara", "LOCATION": "Ngara", "Sub_Locati": "Ngara East", "Latitude": -1.27692, "Longitude": 36.82817, "Type": "Medical Clinic", "Owner": "Non-Governmental Organizations", "Id": 38741, "gridcode": 4, "RiskZone": 4, "RiskClass": "High", "Field1": 0}, "geometry": {"type": "Point", "coordinates": [36.82817, -1.27692]}}, {"type": "Feature", "properties": {"Join_Count": 1, "TARGET_FID": 273, "Facility_N": "Suba Medical Centre", "County": "Nairobi", "Division": "Kayole", "LOCATION": "Kayole North", "Sub_Locati": "Kayole corner", "Latitude": -1.267, "Longitude": 36.92214, "Type": "Medical Clinic", "Owner": "Private Practice - Unspecified", "Id": 24971, "gridcode": 5, "RiskZone": 5, "RiskClass": "Very High", "Field1": 0}, "geometry": {"type": "Point", "coordinates": [36.92214, -1.267]}}, {"type": "Feature", "properties": {"Join_Count": 1, "TARGET_FID": 274, "Facility_N": "Aski Medical Clinic", "County": "Nairobi", "Division": "Embakasi", "LOCATION": "Kayole", "Sub_Locati": "Embakasi", "Latitude": -1.26552, "Longitude": 36.92215, "Type": "Medical Clinic", "Owner": "Private Enterprise (Institution)", "Id": 24971, "gridcode": 5, "RiskZone": 5, "RiskClass": "Very High", "Field1": 0}, "geometry": {"type": "Point", "coordinates": [36.92215, -1.26552]}}, {"type": "Feature", "properties": {"Join_Count": 1, "TARGET_FID": 275, "Facility_N": "Corner Stone", "County": "Nairobi", "Division": "Kasarani", "LOCATION": "Kasarani", "Sub_Locati": null, "Latitude": -1.20244, "Longitude": 36.9038, "Type": "VCT Centre (Stand-Alone)", "Owner": "Private Enterprise (Institution)", "Id": 5009, "gridcode": 5, "RiskZone": 5, "RiskClass": "Very High", "Field1": 0}, "geometry": {"type": "Point", "coordinates": [36.9038, -1.20244]}}, {"type": "Feature", "properties": {"Join_Count": 1, "TARGET_FID": 276, "Facility_N": "St Annes Medical Health Centre", "County": "Nairobi", "Division": "Roysambu", "LOCATION": "Kahawa", "Sub_Locati": null, "Latitude": -1.20244, "Longitude": 36.9038, "Type": "Health Centre", "Owner": "Private Enterprise (Institution)", "Id": 5009, "gridcode": 5, "RiskZone": 5, "RiskClass": "Very High", "Field1": 0}, "geometry": {"type": "Point", "coordinates": [36.9038, -1.20244]}}, {"type": "Feature", "properties": {"Join_Count": 1, "TARGET_FID": 277, "Facility_N": "Gatina United Clinic", "County": "Nairobi", "Division": "Dagoretti", "LOCATION": "Kawangware", "Sub_Locati": "Kawangware", "Latitude": -1.30659, "Longitude": 36.73728, "Type": "Medical Clinic", "Owner": "Non-Governmental Organizations", "Id": 29812, "gridcode": 4, "RiskZone": 4, "RiskClass": "High", "Field1": 0}, "geometry": {"type": "Point", "coordinates": [36.73728, -1.30659]}}, {"type": "Feature", "properties": {"Join_Count": 1, "TARGET_FID": 278, "Facility_N": "Upendo Dispensary", "County": "Nairobi", "Division": "Central", "LOCATION": "Mathare", "Sub_Locati": null, "Latitude": -1.26038, "Longitude": 36.8476, "Type": "Dispensary", "Owner": "Ministry of Health", "Id": 16020, "gridcode": 1, "RiskZone": 1, "RiskClass": "Very Low", "Field1": 0}, "geometry": {"type": "Point", "coordinates": [36.8476, -1.26038]}}, {"type": "Feature", "properties": {"Join_Count": 1, "TARGET_FID": 279, "Facility_N": "Medecins Du Monde/France (Kangemi Kang'ora)", "County": "Nairobi", "Division": "Kangemi", "LOCATION": "Kang'ora", "Sub_Locati": "Kang'ora", "Latitude": -1.23307, "Longitude": 36.80531, "Type": "Health Programme", "Owner": "Humanitarian Agencies", "Id": 11479, "gridcode": 4, "RiskZone": 4, "RiskClass": "High", "Field1": 0}, "geometry": {"type": "Point", "coordinates": [36.80531, -1.23307]}}, {"type": "Feature", "properties": {"Join_Count": 1, "TARGET_FID": 280, "Facility_N": "Gsu Hq Dispensary (Ruaraka)", "County": "Nairobi", "Division": "Kasarani", "LOCATION": "Roysambu", "Sub_Locati": null, "Latitude": -1.24461, "Longitude": 36.86636, "Type": "Dispensary", "Owner": "Other Public Institution", "Id": 38741, "gridcode": 4, "RiskZone": 4, "RiskClass": "High", "Field1": 0}, "geometry": {"type": "Point", "coordinates": [36.86636, -1.24461]}}, {"type": "Feature", "properties": {"Join_Count": 1, "TARGET_FID": 281, "Facility_N": "Comboni Missionary Sisters Health Programm", "County": "Nairobi", "Division": "kasarani", "LOCATION": "Korogocho", "Sub_Locati": "Nyayo", "Latitude": -1.25854, "Longitude": 36.87917, "Type": "Health Programme", "Owner": "Kenya Episcopal Conference-Catholic Secretariat", "Id": 19495, "gridcode": 5, "RiskZone": 5, "RiskClass": "Very High", "Field1": 0}, "geometry": {"type": "Point", "coordinates": [36.87917, -1.25854]}}, {"type": "Feature", "properties": {"Join_Count": 1, "TARGET_FID": 282, "Facility_N": "Afwan Medical Centre", "County": "Nairobi", "Division": "Pumwani", "LOCATION": "Pumwani", "Sub_Locati": "Pumwani", "Latitude": -1.28321, "Longitude": 36.8405, "Type": "Nursing Home", "Owner": "Private Enterprise (Institution)", "Id": 26755, "gridcode": 5, "RiskZone": 5, "RiskClass": "Very High", "Field1": 0}, "geometry": {"type": "Point", "coordinates": [36.8405, -1.28321]}}, {"type": "Feature", "properties": {"Join_Count": 1, "TARGET_FID": 283, "Facility_N": "Rosade Medical Clinic", "County": "Nairobi", "Division": "Kibra", "LOCATION": "Sarang'ombe", "Sub_Locati": "Kianda", "Latitude": -1.3111, "Longitude": 36.77533, "Type": "Medical Clinic", "Owner": "Private Practice - General Practitioner", "Id": 35680, "gridcode": 4, "RiskZone": 4, "RiskClass": "High", "Field1": 0}, "geometry": {"type": "Point", "coordinates": [36.77533, -1.3111]}}, {"type": "Feature", "properties": {"Join_Count": 1, "TARGET_FID": 284, "Facility_N": "Kariobangi Health Centre", "County": "Nairobi", "Division": "Kasarani", "LOCATION": "Kariobangi", "Sub_Locati": null, "Latitude": -1.25174, "Longitude": 36.87978, "Type": "Dispensary", "Owner": "Local Authority", "Id": 38741, "gridcode": 4, "RiskZone": 4, "RiskClass": "High", "Field1": 0}, "geometry": {"type": "Point", "coordinates": [36.87978, -1.25174]}}, {"type": "Feature", "properties": {"Join_Count": 1, "TARGET_FID": 285, "Facility_N": "Madaktari Health Clinic (Njiru)", "County": "Nairobi", "Division": "Njiru", "LOCATION": "Njiru", "Sub_Locati": "Njiru", "Latitude": -1.25708, "Longitude": 36.99259, "Type": "Medical Clinic", "Owner": "Private Practice - Unspecified", "Id": 15767, "gridcode": 3, "RiskZone": 3, "RiskClass": "Moderate", "Field1": 0}, "geometry": {"type": "Point", "coordinates": [36.99259, -1.25708]}}, {"type": "Feature", "properties": {"Join_Count": 1, "TARGET_FID": 286, "Facility_N": "Ronil Medical Clinic (Githurai)", "County": "Nairobi", "Division": "Kasarani", "LOCATION": "Githurai", "Sub_Locati": "Githurai", "Latitude": -1.20244, "Longitude": 36.9038, "Type": "Dispensary", "Owner": "Private Enterprise (Institution)", "Id": 5009, "gridcode": 5, "RiskZone": 5, "RiskClass": "Very High", "Field1": 0}, "geometry": {"type": "Point", "coordinates": [36.9038, -1.20244]}}, {"type": "Feature", "properties": {"Join_Count": 1, "TARGET_FID": 287, "Facility_N": "African Divine Church-Org", "County": "Nairobi", "Division": "Mathare", "LOCATION": "Mathare", "Sub_Locati": "Mabati-ni", "Latitude": -1.24541, "Longitude": 36.80472, "Type": "VCT Centre (Stand-Alone)", "Owner": "Other Faith Based", "Id": 35724, "gridcode": 3, "RiskZone": 3, "RiskClass": "Moderate", "Field1": 0}, "geometry": {"type": "Point", "coordinates": [36.80472, -1.24541]}}, {"type": "Feature", "properties": {"Join_Count": 1, "TARGET_FID": 288, "Facility_N": "P & T Clinic", "County": "Nairobi", "Division": "Makadara", "LOCATION": "Viwandani", "Sub_Locati": "Viwandani", "Latitude": -1.2531, "Longitude": 36.8669, "Type": "Dispensary", "Owner": "Parastatal", "Id": 19495, "gridcode": 5, "RiskZone": 5, "RiskClass": "Very High", "Field1": 0}, "geometry": {"type": "Point", "coordinates": [36.8669, -1.2531]}}, {"type": "Feature", "properties": {"Join_Count": 1, "TARGET_FID": 289, "Facility_N": "PCEA Kayole Parish Health Centre", "County": "Nairobi", "Division": "Kayole", "LOCATION": "Kayole", "Sub_Locati": "Donholm", "Latitude": -1.27084, "Longitude": 36.91029, "Type": "Medical Clinic", "Owner": "Christian Health Association of Kenya", "Id": 19944, "gridcode": 5, "RiskZone": 5, "RiskClass": "Very High", "Field1": 0}, "geometry": {"type": "Point", "coordinates": [36.91029, -1.27084]}}, {"type": "Feature", "properties": {"Join_Count": 1, "TARGET_FID": 290, "Facility_N": "Lea Toto Community Mukuru Reuben", "County": "Nairobi", "Division": "Embakasi", "LOCATION": "Mukuru", "Sub_Locati": "Imara Daima", "Latitude": -1.31595, "Longitude": 36.86917, "Type": "Dispensary", "Owner": "Other Faith Based", "Id": 36723, "gridcode": 5, "RiskZone": 5, "RiskClass": "Very High", "Field1": 0}, "geometry": {"type": "Point", "coordinates": [36.86917, -1.31595]}}, {"type": "Feature", "properties": {"Join_Count": 1, "TARGET_FID": 291, "Facility_N": "Jozi Medical Centre", "County": "Nairobi", "Division": "Roysambu", "LOCATION": "Githurai", "Sub_Locati": "zimmerman", "Latitude": -1.2039, "Longitude": 36.89423, "Type": "Medical Clinic", "Owner": "Private Practice - General Practitioner", "Id": 5009, "gridcode": 5, "RiskZone": 5, "RiskClass": "Very High", "Field1": 0}, "geometry": {"type": "Point", "coordinates": [36.89423, -1.2039]}}, {"type": "Feature", "properties": {"Join_Count": 1, "TARGET_FID": 292, "Facility_N": "Aga Khan University Hospital (Capital Centre)", "County": "Nairobi", "Division": "Nairobi South", "LOCATION": "Nairobi South", "Sub_Locati": "Nairobi South", "Latitude": -1.31661, "Longitude": 36.83386, "Type": "Medical Clinic", "Owner": "Private Practice - General Practitioner", "Id": 32598, "gridcode": 3, "RiskZone": 3, "RiskClass": "Moderate", "Field1": 0}, "geometry": {"type": "Point", "coordinates": [36.83386, -1.31661]}}, {"type": "Feature", "properties": {"Join_Count": 1, "TARGET_FID": 293, "Facility_N": "Jalaram Medical Services", "County": "Nairobi", "Division": "Parklands/Highridge", "LOCATION": null, "Sub_Locati": null, "Latitude": -1.25854, "Longitude": 36.80643, "Type": "Medical Clinic", "Owner": "Other Faith Based", "Id": 16404, "gridcode": 5, "RiskZone": 5, "RiskClass": "Very High", "Field1": 0}, "geometry": {"type": "Point", "coordinates": [36.80643, -1.25854]}}, {"type": "Feature", "properties": {"Join_Count": 1, "TARGET_FID": 294, "Facility_N": "Dr Ngathia Dental Clinic", "County": "Nairobi", "Division": "central", "LOCATION": "Central", "Sub_Locati": "Central", "Latitude": -1.28799, "Longitude": 36.82763, "Type": "Dental Clinic", "Owner": "Private Practice - Unspecified", "Id": 38741, "gridcode": 4, "RiskZone": 4, "RiskClass": "High", "Field1": 0}, "geometry": {"type": "Point", "coordinates": [36.82763, -1.28799]}}, {"type": "Feature", "properties": {"Join_Count": 1, "TARGET_FID": 295, "Facility_N": "Ushirika Medical Clinic", "County": "Nairobi", "Division": "Kibra", "LOCATION": "Sarang'Ombe", "Sub_Locati": "Kianda", "Latitude": -1.30777, "Longitude": 36.77276, "Type": "Health Centre", "Owner": "Community", "Id": 35680, "gridcode": 4, "RiskZone": 4, "RiskClass": "High", "Field1": 0}, "geometry": {"type": "Point", "coordinates": [36.77276, -1.30777]}}, {"type": "Feature", "properties": {"Join_Count": 1, "TARGET_FID": 296, "Facility_N": "Diani Dispensary", "County": "Nairobi", "Division": "Eastleign South", "LOCATION": "Eastleigh Section Iii", "Sub_Locati": null, "Latitude": -1.28053, "Longitude": 36.8595, "Type": "Dispensary", "Owner": "Private Enterprise (Institution)", "Id": 22042, "gridcode": 3, "RiskZone": 3, "RiskClass": "Moderate", "Field1": 0}, "geometry": {"type": "Point", "coordinates": [36.8595, -1.28053]}}, {"type": "Feature", "properties": {"Join_Count": 1, "TARGET_FID": 297, "Facility_N": "Medimark Health Care", "County": "Nairobi", "Division": "Parklands", "LOCATION": "Parklands", "Sub_Locati": null, "Latitude": -1.26529, "Longitude": 36.808031, "Type": "Medical Clinic", "Owner": "Private Practice - General Practitioner", "Id": 18625, "gridcode": 3, "RiskZone": 3, "RiskClass": "Moderate", "Field1": 0}, "geometry": {"type": "Point", "coordinates": [36.808031, -1.26529]}}, {"type": "Feature", "properties": {"Join_Count": 1, "TARGET_FID": 298, "Facility_N": "Positive Partner Network VCT", "County": "Nairobi", "Division": "Central", "LOCATION": "Central", "Sub_Locati": "Central", "Latitude": -1.27651, "Longitude": 36.82402, "Type": "VCT Centre (Stand-Alone)", "Owner": "Non-Governmental Organizations", "Id": 21181, "gridcode": 3, "RiskZone": 3, "RiskClass": "Moderate", "Field1": 0}, "geometry": {"type": "Point", "coordinates": [36.82402, -1.27651]}}, {"type": "Feature", "properties": {"Join_Count": 1, "TARGET_FID": 299, "Facility_N": "Lea Toto Clinic Kariobangi South", "County": "Nairobi", "Division": "Kariobangi South", "LOCATION": "Kariobangi South", "Sub_Locati": "Servant Quarter", "Latitude": -1.26266, "Longitude": 36.8859, "Type": "Medical Clinic", "Owner": "Non-Governmental Organizations", "Id": 16759, "gridcode": 5, "RiskZone": 5, "RiskClass": "Very High", "Field1": 0}, "geometry": {"type": "Point", "coordinates": [36.8859, -1.26266]}}, {"type": "Feature", "properties": {"Join_Count": 1, "TARGET_FID": 300, "Facility_N": "Med-Point Dispensary", "County": "Nairobi", "Division": "Kasarani", "LOCATION": "Kahawa", "Sub_Locati": null, "Latitude": -1.23264, "Longitude": 36.9633, "Type": "Dispensary", "Owner": "Private Enterprise (Institution)", "Id": 38741, "gridcode": 4, "RiskZone": 4, "RiskClass": "High", "Field1": 0}, "geometry": {"type": "Point", "coordinates": [36.9633, -1.23264]}}, {"type": "Feature", "properties": {"Join_Count": 1, "TARGET_FID": 301, "Facility_N": "St. Andrews Health Care services", "County": "Kiambu", "Division": "Kikuyu", "LOCATION": "Kikuyu", "Sub_Locati": "Karinde", "Latitude": -1.29919, "Longitude": 36.68137, "Type": "Medical Clinic", "Owner": "Private Practice - Nurse / Midwife", "Id": 50181, "gridcode": 2, "RiskZone": 2, "RiskClass": "Low", "Field1": 0}, "geometry": {"type": "Point", "coordinates": [36.68137, -1.29919]}}, {"type": "Feature", "properties": {"Join_Count": 1, "TARGET_FID": 302, "Facility_N": "Huruma (NCCK) Dispensary", "County": "Nairobi", "Division": "Huruma", "LOCATION": "Huruma", "Sub_Locati": null, "Latitude": -1.25988, "Longitude": 36.87488, "Type": "Dispensary", "Owner": "Christian Health Association of Kenya", "Id": 19495, "gridcode": 5, "RiskZone": 5, "RiskClass": "Very High", "Field1": 0}, "geometry": {"type": "Point", "coordinates": [36.87488, -1.25988]}}, {"type": "Feature", "properties": {"Join_Count": 1, "TARGET_FID": 303, "Facility_N": "Dr Maina Skin Clinic (Ngara)", "County": "Nairobi", "Division": "Ngara", "LOCATION": "Ngara", "Sub_Locati": "Ngara East", "Latitude": -1.27692, "Longitude": 36.82817, "Type": "Medical Clinic", "Owner": "Private Practice - Unspecified", "Id": 38741, "gridcode": 4, "RiskZone": 4, "RiskClass": "High", "Field1": 0}, "geometry": {"type": "Point", "coordinates": [36.82817, -1.27692]}}, {"type": "Feature", "properties": {"Join_Count": 1, "TARGET_FID": 304, "Facility_N": "Artisan Dental Laboratory (Nairobi)", "County": "Nairobi", "Division": "Central", "LOCATION": "Central", "Sub_Locati": "Central", "Latitude": -1.2887, "Longitude": 36.82838, "Type": "Laboratory (Stand-alone)", "Owner": "Private Practice - Unspecified", "Id": 24520, "gridcode": 3, "RiskZone": 3, "RiskClass": "Moderate", "Field1": 0}, "geometry": {"type": "Point", "coordinates": [36.82838, -1.2887]}}, {"type": "Feature", "properties": {"Join_Count": 1, "TARGET_FID": 305, "Facility_N": "Evesben Foundation Medical Clinic", "County": "Nairobi", "Division": "Kibra", "LOCATION": "Laini Saba", "Sub_Locati": "Laini Saba", "Latitude": -1.31705, "Longitude": 36.79461, "Type": "Medical Clinic", "Owner": "Private Practice - Clinical Officer", "Id": 35680, "gridcode": 4, "RiskZone": 4, "RiskClass": "High", "Field1": 0}, "geometry": {"type": "Point", "coordinates": [36.79461, -1.31705]}}, {"type": "Feature", "properties": {"Join_Count": 1, "TARGET_FID": 306, "Facility_N": "Credible Health Centre", "County": "Nairobi", "Division": null, "LOCATION": null, "Sub_Locati": null, "Latitude": -1.29626, "Longitude": 36.8766, "Type": "Medical Clinic", "Owner": "Private Practice - General Practitioner", "Id": 38741, "gridcode": 4, "RiskZone": 4, "RiskClass": "High", "Field1": 0}, "geometry": {"type": "Point", "coordinates": [36.8766, -1.29626]}}, {"type": "Feature", "properties": {"Join_Count": 1, "TARGET_FID": 307, "Facility_N": "Imani Medical Centre", "County": "Nairobi", "Division": "Kasarani", "LOCATION": "Githurai", "Sub_Locati": "Githurai", "Latitude": -1.19761, "Longitude": 36.90285, "Type": "Medical Clinic", "Owner": "Private Practice - General Practitioner", "Id": 38741, "gridcode": 4, "RiskZone": 4, "RiskClass": "High", "Field1": 0}, "geometry": {"type": "Point", "coordinates": [36.90285, -1.19761]}}, {"type": "Feature", "properties": {"Join_Count": 1, "TARGET_FID": 308, "Facility_N": "AAR Adams Health Centre", "County": "Nairobi", "Division": "Woodly", "LOCATION": "Woodly", "Sub_Locati": "Woodly", "Latitude": -1.30047, "Longitude": 36.73162, "Type": "Medical Clinic", "Owner": "Private Practice - General Practitioner", "Id": 30573, "gridcode": 2, "RiskZone": 2, "RiskClass": "Low", "Field1": 0}, "geometry": {"type": "Point", "coordinates": [36.73162, -1.30047]}}, {"type": "Feature", "properties": {"Join_Count": 1, "TARGET_FID": 309, "Facility_N": "Nuffield Nursing Home", "County": "Nairobi", "Division": "Kasarani", "LOCATION": "Githurai", "Sub_Locati": null, "Latitude": -1.25756, "Longitude": 36.858, "Type": "Nursing Home", "Owner": "Private Enterprise (Institution)", "Id": 16091, "gridcode": 3, "RiskZone": 3, "RiskClass": "Moderate", "Field1": 0}, "geometry": {"type": "Point", "coordinates": [36.858, -1.25756]}}, {"type": "Feature", "properties": {"Join_Count": 1, "TARGET_FID": 310, "Facility_N": "Mother & Child Hospital", "County": "Nairobi", "Division": "Eastleign South", "LOCATION": "Eastleigh Section 111", "Sub_Locati": null, "Latitude": -1.28175, "Longitude": 36.85072, "Type": "Dispensary", "Owner": "Private Enterprise (Institution)", "Id": 38741, "gridcode": 4, "RiskZone": 4, "RiskClass": "High", "Field1": 0}, "geometry": {"type": "Point", "coordinates": [36.85072, -1.28175]}}, {"type": "Feature", "properties": {"Join_Count": 1, "TARGET_FID": 311, "Facility_N": "Catholic University Dispensary", "County": "Nairobi", "Division": "Langata", "LOCATION": "Langata", "Sub_Locati": null, "Latitude": -1.34977, "Longitude": 36.75649, "Type": "Dispensary", "Owner": "Kenya Episcopal Conference-Catholic Secretariat", "Id": 49638, "gridcode": 3, "RiskZone": 3, "RiskClass": "Moderate", "Field1": 0}, "geometry": {"type": "Point", "coordinates": [36.75649, -1.34977]}}, {"type": "Feature", "properties": {"Join_Count": 1, "TARGET_FID": 312, "Facility_N": "Afya Bora Medical Clinic (Westlands)", "County": "Nairobi", "Division": "Kangemi", "LOCATION": "Kangemi", "Sub_Locati": null, "Latitude": -1.2644, "Longitude": 36.75237, "Type": "Medical Clinic", "Owner": "Private Enterprise (Institution)", "Id": 35724, "gridcode": 3, "RiskZone": 3, "RiskClass": "Moderate", "Field1": 0}, "geometry": {"type": "Point", "coordinates": [36.75237, -1.2644]}}, {"type": "Feature", "properties": {"Join_Count": 1, "TARGET_FID": 313, "Facility_N": "Mafra Clinic", "County": "Nairobi", "Division": null, "LOCATION": null, "Sub_Locati": null, "Latitude": -1.26551, "Longitude": 36.75009, "Type": "Medical Clinic", "Owner": "Non-Governmental Organizations", "Id": 35724, "gridcode": 3, "RiskZone": 3, "RiskClass": "Moderate", "Field1": 0}, "geometry": {"type": "Point", "coordinates": [36.75009, -1.26551]}}, {"type": "Feature", "properties": {"Join_Count": 1, "TARGET_FID": 314, "Facility_N": "Genus Medical Services & Diagnostic Lab", "County": "Nairobi", "Division": "Roysambu", "LOCATION": "Roysambu", "Sub_Locati": "Roysambu", "Latitude": -1.21577, "Longitude": 36.88729, "Type": "Medical Clinic", "Owner": "Private Practice - General Practitioner", "Id": 6115, "gridcode": 5, "RiskZone": 5, "RiskClass": "Very High", "Field1": 0}, "geometry": {"type": "Point", "coordinates": [36.88729, -1.21577]}}, {"type": "Feature", "properties": {"Join_Count": 1, "TARGET_FID": 315, "Facility_N": "Drugnet Medical centre", "County": "Nairobi", "Division": "Ruaraka", "LOCATION": "Ruaraka", "Sub_Locati": "mathare", "Latitude": -1.25286, "Longitude": 36.87185, "Type": "Medical Clinic", "Owner": "Private Practice - Unspecified", "Id": 19495, "gridcode": 5, "RiskZone": 5, "RiskClass": "Very High", "Field1": 0}, "geometry": {"type": "Point", "coordinates": [36.87185, -1.25286]}}, {"type": "Feature", "properties": {"Join_Count": 1, "TARGET_FID": 316, "Facility_N": "Iran Medical Clinic (Ngara)", "County": "Nairobi", "Division": "Ngara", "LOCATION": "Ngara", "Sub_Locati": "Ngara West", "Latitude": -1.27378, "Longitude": 36.8322, "Type": "Medical Clinic", "Owner": "Private Practice - Unspecified", "Id": 21726, "gridcode": 5, "RiskZone": 5, "RiskClass": "Very High", "Field1": 0}, "geometry": {"type": "Point", "coordinates": [36.8322, -1.27378]}}, {"type": "Feature", "properties": {"Join_Count": 1, "TARGET_FID": 317, "Facility_N": "Radiant Pangani Hospital", "County": "Nairobi", "Division": "Central", "LOCATION": "Kariokor", "Sub_Locati": null, "Latitude": -1.26979, "Longitude": 36.8393, "Type": "Other Hospital", "Owner": "Private Enterprise (Institution)", "Id": 38741, "gridcode": 4, "RiskZone": 4, "RiskClass": "High", "Field1": 0}, "geometry": {"type": "Point", "coordinates": [36.8393, -1.26979]}}, {"type": "Feature", "properties": {"Join_Count": 1, "TARGET_FID": 318, "Facility_N": "Juja Road Hospital (Nairobi)", "County": "Nairobi", "Division": "Kariokor", "LOCATION": "Kariokor", "Sub_Locati": "Pangani", "Latitude": -1.27205, "Longitude": 36.84026, "Type": "Other Hospital", "Owner": "Private Enterprise (Institution)", "Id": 38741, "gridcode": 4, "RiskZone": 4, "RiskClass": "High", "Field1": 0}, "geometry": {"type": "Point", "coordinates": [36.84026, -1.27205]}}, {"type": "Feature", "properties": {"Join_Count": 1, "TARGET_FID": 319, "Facility_N": "Doulos Youth Friendly And VCT (KCC)", "County": "Nairobi", "Division": "Kariobangi South", "LOCATION": "Kariobangi South", "Sub_Locati": "KCC", "Latitude": -1.2625, "Longitude": 36.88625, "Type": "VCT Centre (Stand-Alone)", "Owner": "Other Faith Based", "Id": 16759, "gridcode": 5, "RiskZone": 5, "RiskClass": "Very High", "Field1": 0}, "geometry": {"type": "Point", "coordinates": [36.88625, -1.2625]}}, {"type": "Feature", "properties": {"Join_Count": 1, "TARGET_FID": 320, "Facility_N": "Andulus Medical Clinic", "County": "Nairobi", "Division": "Eastleigh North", "LOCATION": "Eastleigh North", "Sub_Locati": "Eastleigh North", "Latitude": -1.27393, "Longitude": 36.84563, "Type": "Health Centre", "Owner": "Private Enterprise (Institution)", "Id": 22790, "gridcode": 5, "RiskZone": 5, "RiskClass": "Very High", "Field1": 0}, "geometry": {"type": "Point", "coordinates": [36.84563, -1.27393]}}, {"type": "Feature", "properties": {"Join_Count": 1, "TARGET_FID": 321, "Facility_N": "Riruta Health Centre", "County": "Nairobi", "Division": "Dagoretti", "LOCATION": "Kawangware", "Sub_Locati": "Kawangware", "Latitude": -1.28405, "Longitude": 36.74052, "Type": "Dispensary", "Owner": "Local Authority", "Id": 25717, "gridcode": 3, "RiskZone": 3, "RiskClass": "Moderate", "Field1": 0}, "geometry": {"type": "Point", "coordinates": [36.74052, -1.28405]}}, {"type": "Feature", "properties": {"Join_Count": 1, "TARGET_FID": 322, "Facility_N": "GSUTraining School", "County": "Nairobi", "Division": "Embakasi", "LOCATION": "Embakasi", "Sub_Locati": "Embakasi", "Latitude": -1.29032, "Longitude": 36.95309, "Type": "Health Centre", "Owner": "Ministry of Health", "Id": 49638, "gridcode": 3, "RiskZone": 3, "RiskClass": "Moderate", "Field1": 0}, "geometry": {"type": "Point", "coordinates": [36.95309, -1.29032]}}, {"type": "Feature", "properties": {"Join_Count": 1, "TARGET_FID": 323, "Facility_N": "St.Catherine Catholic Church VCT", "County": "Nairobi", "Division": "Langata", "LOCATION": "Nairobi West", "Sub_Locati": "South C", "Latitude": -1.32385, "Longitude": 36.82198, "Type": "VCT Centre (Stand-Alone)", "Owner": "Kenya Episcopal Conference-Catholic Secretariat", "Id": 33410, "gridcode": 5, "RiskZone": 5, "RiskClass": "Very High", "Field1": 0}, "geometry": {"type": "Point", "coordinates": [36.82198, -1.32385]}}, {"type": "Feature", "properties": {"Join_Count": 1, "TARGET_FID": 324, "Facility_N": "Maisha House VCT (Noset)", "County": "Nairobi", "Division": "Ngara", "LOCATION": "Ramesh Gautama Road", "Sub_Locati": "Ngara", "Latitude": -1.2764, "Longitude": 36.82405, "Type": "VCT Centre (Stand-Alone)", "Owner": "Non-Governmental Organizations", "Id": 38741, "gridcode": 4, "RiskZone": 4, "RiskClass": "High", "Field1": 0}, "geometry": {"type": "Point", "coordinates": [36.82405, -1.2764]}}, {"type": "Feature", "properties": {"Join_Count": 1, "TARGET_FID": 325, "Facility_N": "St Jude's Medical Centre", "County": "Nairobi", "Division": "Embakasi", "LOCATION": "Kayole", "Sub_Locati": "Komarock", "Latitude": -1.26595, "Longitude": 36.91027, "Type": "Medical Clinic", "Owner": "Private Enterprise (Institution)", "Id": 24971, "gridcode": 5, "RiskZone": 5, "RiskClass": "Very High", "Field1": 0}, "geometry": {"type": "Point", "coordinates": [36.91027, -1.26595]}}, {"type": "Feature", "properties": {"Join_Count": 1, "TARGET_FID": 326, "Facility_N": "Dorkcare Nursing Home", "County": "Nairobi", "Division": "Eastleigh North", "LOCATION": "Eastleigh North", "Sub_Locati": null, "Latitude": -1.27146, "Longitude": 36.84933, "Type": "Nursing Home", "Owner": "Private Enterprise (Institution)", "Id": 38741, "gridcode": 4, "RiskZone": 4, "RiskClass": "High", "Field1": 0}, "geometry": {"type": "Point", "coordinates": [36.84933, -1.27146]}}, {"type": "Feature", "properties": {"Join_Count": 1, "TARGET_FID": 327, "Facility_N": "Dap Health Clinic", "County": "Nairobi", "Division": "Kayole", "LOCATION": "Komarock", "Sub_Locati": "Komarock", "Latitude": -1.26229, "Longitude": 36.91284, "Type": "Medical Clinic", "Owner": "Private Practice - Medical Specialist", "Id": 17228, "gridcode": 4, "RiskZone": 4, "RiskClass": "High", "Field1": 0}, "geometry": {"type": "Point", "coordinates": [36.91284, -1.26229]}}, {"type": "Feature", "properties": {"Join_Count": 1, "TARGET_FID": 328, "Facility_N": "Kaka Medical Centre (Race Course Rd)", "County": "Nairobi", "Division": "Central", "LOCATION": "Central", "Sub_Locati": "Central", "Latitude": -1.28613, "Longitude": 36.83064, "Type": "Medical Clinic", "Owner": "Private Practice - General Practitioner", "Id": 24217, "gridcode": 5, "RiskZone": 5, "RiskClass": "Very High", "Field1": 0}, "geometry": {"type": "Point", "coordinates": [36.83064, -1.28613]}}, {"type": "Feature", "properties": {"Join_Count": 1, "TARGET_FID": 329, "Facility_N": "Revival Home Based Care Clinic", "County": "Nairobi", "Division": "Kibra", "LOCATION": "Sarang'ombe", "Sub_Locati": "Soweto East", "Latitude": -1.31562, "Longitude": 36.7754, "Type": "Health Centre", "Owner": "Other Faith Based", "Id": 35724, "gridcode": 3, "RiskZone": 3, "RiskClass": "Moderate", "Field1": 0}, "geometry": {"type": "Point", "coordinates": [36.7754, -1.31562]}}, {"type": "Feature", "properties": {"Join_Count": 1, "TARGET_FID": 330, "Facility_N": "Kamiti Prison Hospital", "County": "Nairobi", "Division": "Kasarani", "LOCATION": "Ruaraka", "Sub_Locati": null, "Latitude": -1.17611, "Longitude": 36.89343, "Type": "Other Hospital", "Owner": "Ministry of Health", "Id": 9281, "gridcode": 3, "RiskZone": 3, "RiskClass": "Moderate", "Field1": 0}, "geometry": {"type": "Point", "coordinates": [36.89343, -1.17611]}}, {"type": "Feature", "properties": {"Join_Count": 1, "TARGET_FID": 331, "Facility_N": "Juhudi Clinic", "County": "Nairobi", "Division": "Makadara", "LOCATION": "Makogeni", "Sub_Locati": "Makogeni", "Latitude": -1.2956, "Longitude": 36.8499, "Type": "Medical Clinic", "Owner": "Private Enterprise (Institution)", "Id": 26664, "gridcode": 5, "RiskZone": 5, "RiskClass": "Very High", "Field1": 0}, "geometry": {"type": "Point", "coordinates": [36.8499, -1.2956]}}, {"type": "Feature", "properties": {"Join_Count": 1, "TARGET_FID": 332, "Facility_N": "Shaam Nursing Home", "County": "Nairobi", "Division": "Eastleigh North", "LOCATION": "Eastleigh Section I", "Sub_Locati": null, "Latitude": -1.27085, "Longitude": 36.847, "Type": "Nursing Home", "Owner": "Private Enterprise (Institution)", "Id": 38741, "gridcode": 4, "RiskZone": 4, "RiskClass": "High", "Field1": 0}, "geometry": {"type": "Point", "coordinates": [36.847, -1.27085]}}, {"type": "Feature", "properties": {"Join_Count": 1, "TARGET_FID": 333, "Facility_N": "Hakati Medical Clinic", "County": "Nairobi", "Division": "Embakasi", "LOCATION": "Kayole", "Sub_Locati": "Embakasi", "Latitude": -1.32065, "Longitude": 36.9336, "Type": "Medical Clinic", "Owner": "Private Enterprise (Institution)", "Id": 33420, "gridcode": 4, "RiskZone": 4, "RiskClass": "High", "Field1": 0}, "geometry": {"type": "Point", "coordinates": [36.9336, -1.32065]}}, {"type": "Feature", "properties": {"Join_Count": 1, "TARGET_FID": 334, "Facility_N": "Dr Chaundry Dental Services (Nairobi)", "County": "Nairobi", "Division": "Central", "LOCATION": "Central", "Sub_Locati": "Central", "Latitude": -1.28091, "Longitude": 36.82241, "Type": "Medical Clinic", "Owner": "Private Practice - Unspecified", "Id": 35724, "gridcode": 3, "RiskZone": 3, "RiskClass": "Moderate", "Field1": 0}, "geometry": {"type": "Point", "coordinates": [36.82241, -1.28091]}}, {"type": "Feature", "properties": {"Join_Count": 1, "TARGET_FID": 335, "Facility_N": "AAR Thika Road Clinic", "County": "Nairobi", "Division": "Kasarani", "LOCATION": "Kasarani", "Sub_Locati": null, "Latitude": -1.2148, "Longitude": 36.8665, "Type": "Medical Clinic", "Owner": "Private Enterprise (Institution)", "Id": 38741, "gridcode": 4, "RiskZone": 4, "RiskClass": "High", "Field1": 0}, "geometry": {"type": "Point", "coordinates": [36.8665, -1.2148]}}, {"type": "Feature", "properties": {"Join_Count": 1, "TARGET_FID": 336, "Facility_N": "Flomed Med Clinic", "County": "Nairobi", "Division": "Kasarani", "LOCATION": "Kasarani", "Sub_Locati": "Kasarani", "Latitude": -1.22057, "Longitude": 36.89462, "Type": "Medical Clinic", "Owner": "Private Practice - Nurse / Midwife", "Id": 38741, "gridcode": 4, "RiskZone": 4, "RiskClass": "High", "Field1": 0}, "geometry": {"type": "Point", "coordinates": [36.89462, -1.22057]}}, {"type": "Feature", "properties": {"Join_Count": 1, "TARGET_FID": 337, "Facility_N": "Goldmed Chemists & Clinic", "County": "Nairobi", "Division": "Central", "LOCATION": "Central", "Sub_Locati": "Central", "Latitude": -1.28281, "Longitude": 36.82137, "Type": "Medical Clinic", "Owner": "Private Practice - Unspecified", "Id": 23155, "gridcode": 5, "RiskZone": 5, "RiskClass": "Very High", "Field1": 0}, "geometry": {"type": "Point", "coordinates": [36.82137, -1.28281]}}, {"type": "Feature", "properties": {"Join_Count": 1, "TARGET_FID": 338, "Facility_N": "Nairobi East Hospital Ltd", "County": "Nairobi", "Division": "Eastleigh South", "LOCATION": "Pumwani", "Sub_Locati": "Pumwani", "Latitude": -1.27978, "Longitude": 36.8478, "Type": "Nursing Home", "Owner": "Private Practice - Medical Specialist", "Id": 22790, "gridcode": 5, "RiskZone": 5, "RiskClass": "Very High", "Field1": 0}, "geometry": {"type": "Point", "coordinates": [36.8478, -1.27978]}}, {"type": "Feature", "properties": {"Join_Count": 1, "TARGET_FID": 339, "Facility_N": "Marie Stopes Clinic (Kencom)", "County": "Nairobi", "Division": "Central", "LOCATION": "Central Business District", "Sub_Locati": null, "Latitude": -1.2852, "Longitude": 36.821, "Type": "Dispensary", "Owner": "Non-Governmental Organizations", "Id": 23926, "gridcode": 2, "RiskZone": 2, "RiskClass": "Low", "Field1": 0}, "geometry": {"type": "Point", "coordinates": [36.821, -1.2852]}}, {"type": "Feature", "properties": {"Join_Count": 1, "TARGET_FID": 340, "Facility_N": "Round About Medical Dispensary", "County": "Nairobi", "Division": "Kasarani", "LOCATION": "Ruaraka", "Sub_Locati": null, "Latitude": -1.20244, "Longitude": 36.9038, "Type": "Dispensary", "Owner": "Private Enterprise (Institution)", "Id": 5009, "gridcode": 5, "RiskZone": 5, "RiskClass": "Very High", "Field1": 0}, "geometry": {"type": "Point", "coordinates": [36.9038, -1.20244]}}, {"type": "Feature", "properties": {"Join_Count": 1, "TARGET_FID": 341, "Facility_N": "Central Medical Clinic (Nairobi)", "County": "Nairobi", "Division": "Central", "LOCATION": "Central", "Sub_Locati": "Central", "Latitude": -1.24615, "Longitude": 36.90296, "Type": "Medical Clinic", "Owner": "Private Practice - General Practitioner", "Id": 12946, "gridcode": 5, "RiskZone": 5, "RiskClass": "Very High", "Field1": 0}, "geometry": {"type": "Point", "coordinates": [36.90296, -1.24615]}}, {"type": "Feature", "properties": {"Join_Count": 1, "TARGET_FID": 342, "Facility_N": "St Begson Clinic", "County": "Nairobi", "Division": "Embakasi", "LOCATION": "Kayole", "Sub_Locati": "Embakasi", "Latitude": -1.26124, "Longitude": 36.91716, "Type": "Medical Clinic", "Owner": "Private Enterprise (Institution)", "Id": 24971, "gridcode": 5, "RiskZone": 5, "RiskClass": "Very High", "Field1": 0}, "geometry": {"type": "Point", "coordinates": [36.91716, -1.26124]}}, {"type": "Feature", "properties": {"Join_Count": 1, "TARGET_FID": 343, "Facility_N": "Lifters Community Medical Clinic", "County": "Kiambu", "Division": "Githurai", "LOCATION": "Githurai", "Sub_Locati": "Mt Kenya", "Latitude": -1.23114, "Longitude": 36.92568, "Type": "Medical Clinic", "Owner": "Private Practice - Clinical Officer", "Id": 10701, "gridcode": 5, "RiskZone": 5, "RiskClass": "Very High", "Field1": 0}, "geometry": {"type": "Point", "coordinates": [36.92568, -1.23114]}}, {"type": "Feature", "properties": {"Join_Count": 1, "TARGET_FID": 344, "Facility_N": "Family Acces Medical Centre", "County": "Nairobi", "Division": "Ruaraka", "LOCATION": "Githurai", "Sub_Locati": "zimmerman", "Latitude": -1.21457, "Longitude": 36.89566, "Type": "Medical Clinic", "Owner": "Private Practice - General Practitioner", "Id": 38741, "gridcode": 4, "RiskZone": 4, "RiskClass": "High", "Field1": 0}, "geometry": {"type": "Point", "coordinates": [36.89566, -1.21457]}}, {"type": "Feature", "properties": {"Join_Count": 1, "TARGET_FID": 345, "Facility_N": "Gertrude Komarock Clinic", "County": "Nairobi", "Division": "Embakasi", "LOCATION": "Keyole", "Sub_Locati": "Komarock", "Latitude": -1.26715, "Longitude": 36.91082, "Type": "Health Centre", "Owner": "Private Practice - General Practitioner", "Id": 38741, "gridcode": 4, "RiskZone": 4, "RiskClass": "High", "Field1": 0}, "geometry": {"type": "Point", "coordinates": [36.91082, -1.26715]}}, {"type": "Feature", "properties": {"Join_Count": 1, "TARGET_FID": 346, "Facility_N": "Rosadett Medical Clinic", "County": "Nairobi", "Division": "Kariobangi", "LOCATION": "Kariobangi", "Sub_Locati": "kariobangi", "Latitude": -1.26169, "Longitude": 36.8794, "Type": "Medical Clinic", "Owner": "Private Practice - General Practitioner", "Id": 38741, "gridcode": 4, "RiskZone": 4, "RiskClass": "High", "Field1": 0}, "geometry": {"type": "Point", "coordinates": [36.8794, -1.26169]}}, {"type": "Feature", "properties": {"Join_Count": 1, "TARGET_FID": 347, "Facility_N": "Gitanga Medical Centre", "County": "Nairobi", "Division": "Kawagware", "LOCATION": "Kawagware", "Sub_Locati": "kawagware", "Latitude": -1.28105, "Longitude": 36.69471, "Type": "Dispensary", "Owner": "Private Enterprise (Institution)", "Id": 50181, "gridcode": 2, "RiskZone": 2, "RiskClass": "Low", "Field1": 0}, "geometry": {"type": "Point", "coordinates": [36.69471, -1.28105]}}, {"type": "Feature", "properties": {"Join_Count": 1, "TARGET_FID": 348, "Facility_N": "Nairobi Outpatient Centre", "County": "Nairobi", "Division": "Central", "LOCATION": "Central Business District", "Sub_Locati": null, "Latitude": -1.28052, "Longitude": 36.8185, "Type": "Medical Clinic", "Owner": "Private Enterprise (Institution)", "Id": 22401, "gridcode": 3, "RiskZone": 3, "RiskClass": "Moderate", "Field1": 0}, "geometry": {"type": "Point", "coordinates": [36.8185, -1.28052]}}, {"type": "Feature", "properties": {"Join_Count": 1, "TARGET_FID": 349, "Facility_N": "Association of Physically Disabled of Kenya", "County": "Nairobi", "Division": "Parklands", "LOCATION": "Parklands", "Sub_Locati": "Parklands", "Latitude": -1.258096, "Longitude": 36.7786, "Type": "Health Project", "Owner": "Non-Governmental Organizations", "Id": 50181, "gridcode": 2, "RiskZone": 2, "RiskClass": "Low", "Field1": 0}, "geometry": {"type": "Point", "coordinates": [36.7786, -1.258096]}}, {"type": "Feature", "properties": {"Join_Count": 1, "TARGET_FID": 350, "Facility_N": "Millenium Dental Clinic", "County": "Nairobi", "Division": "Makadara", "LOCATION": "Makadara", "Sub_Locati": "Harambee", "Latitude": -1.2978, "Longitude": 36.8815, "Type": "Medical Clinic", "Owner": "Private Practice - General Practitioner", "Id": 36723, "gridcode": 5, "RiskZone": 5, "RiskClass": "Very High", "Field1": 0}, "geometry": {"type": "Point", "coordinates": [36.8815, -1.2978]}}, {"type": "Feature", "properties": {"Join_Count": 1, "TARGET_FID": 351, "Facility_N": "Rapha Medical Clinic", "County": "Nairobi", "Division": "Riruta", "LOCATION": "Riruta", "Sub_Locati": "Satelite", "Latitude": -1.29237, "Longitude": 36.73484, "Type": "Medical Clinic", "Owner": "Private Practice - General Practitioner", "Id": 28938, "gridcode": 3, "RiskZone": 3, "RiskClass": "Moderate", "Field1": 0}, "geometry": {"type": "Point", "coordinates": [36.73484, -1.29237]}}, {"type": "Feature", "properties": {"Join_Count": 1, "TARGET_FID": 352, "Facility_N": "Aga Khan University Hospital (Buruburu)", "County": "Nairobi", "Division": "Makadara", "LOCATION": "Makadara", "Sub_Locati": "Harambee", "Latitude": -1.28254, "Longitude": 36.8796, "Type": "Dispensary", "Owner": "Private Enterprise (Institution)", "Id": 36723, "gridcode": 5, "RiskZone": 5, "RiskClass": "Very High", "Field1": 0}, "geometry": {"type": "Point", "coordinates": [36.8796, -1.28254]}}, {"type": "Feature", "properties": {"Join_Count": 1, "TARGET_FID": 353, "Facility_N": "Mother & Child Meridian & Lab Services", "County": "Nairobi", "Division": "Kasarani", "LOCATION": "Githurai", "Sub_Locati": "Githurai", "Latitude": -1.19919, "Longitude": 36.90277, "Type": "Medical Clinic", "Owner": "Private Practice - General Practitioner", "Id": 5009, "gridcode": 5, "RiskZone": 5, "RiskClass": "Very High", "Field1": 0}, "geometry": {"type": "Point", "coordinates": [36.90277, -1.19919]}}, {"type": "Feature", "properties": {"Join_Count": 1, "TARGET_FID": 354, "Facility_N": "Uzima VCT Centre", "County": "Nairobi", "Division": "Golf Course", "LOCATION": "Woodley", "Sub_Locati": null, "Latitude": -1.30361, "Longitude": 36.80143, "Type": "VCT Centre (Stand-Alone)", "Owner": "Non-Governmental Organizations", "Id": 35724, "gridcode": 3, "RiskZone": 3, "RiskClass": "Moderate", "Field1": 0}, "geometry": {"type": "Point", "coordinates": [36.80143, -1.30361]}}, {"type": "Feature", "properties": {"Join_Count": 1, "TARGET_FID": 355, "Facility_N": "Sunton CFW Clinic", "County": "Nairobi", "Division": "kasarani", "LOCATION": "kasarani", "Sub_Locati": "kasarani", "Latitude": -1.23047, "Longitude": 36.92249, "Type": "Medical Clinic", "Owner": "Private Practice - Nurse / Midwife", "Id": 38741, "gridcode": 4, "RiskZone": 4, "RiskClass": "High", "Field1": 0}, "geometry": {"type": "Point", "coordinates": [36.92249, -1.23047]}}, {"type": "Feature", "properties": {"Join_Count": 1, "TARGET_FID": 356, "Facility_N": "Peace Medical Clinic", "County": "Nairobi", "Division": "Roysambu", "LOCATION": "Ruaraka", "Sub_Locati": "babadogo", "Latitude": -1.24148, "Longitude": 36.8839, "Type": "Medical Clinic", "Owner": "Private Practice - General Practitioner", "Id": 11615, "gridcode": 5, "RiskZone": 5, "RiskClass": "Very High", "Field1": 0}, "geometry": {"type": "Point", "coordinates": [36.8839, -1.24148]}}, {"type": "Feature", "properties": {"Join_Count": 1, "TARGET_FID": 357, "Facility_N": "Rapha Mission Clinic", "County": "Nairobi", "Division": "Bahati", "LOCATION": "Bahati", "Sub_Locati": "bahati", "Latitude": -1.2875, "Longitude": 36.86501, "Type": "Medical Clinic", "Owner": "Christian Health Association of Kenya", "Id": 36723, "gridcode": 5, "RiskZone": 5, "RiskClass": "Very High", "Field1": 0}, "geometry": {"type": "Point", "coordinates": [36.86501, -1.2875]}}, {"type": "Feature", "properties": {"Join_Count": 1, "TARGET_FID": 358, "Facility_N": "Southern Health Care", "County": "Nairobi", "Division": "Lang'ata", "LOCATION": "Nairobi West", "Sub_Locati": "South C", "Latitude": -1.31398, "Longitude": 36.82765, "Type": "Medical Clinic", "Owner": "Private Practice - General Practitioner", "Id": 32239, "gridcode": 5, "RiskZone": 5, "RiskClass": "Very High", "Field1": 0}, "geometry": {"type": "Point", "coordinates": [36.82765, -1.31398]}}, {"type": "Feature", "properties": {"Join_Count": 1, "TARGET_FID": 359, "Facility_N": "Just Meno Limited", "County": "Nairobi", "Division": "Makadara", "LOCATION": "Harambee", "Sub_Locati": "Buruburu", "Latitude": -1.28338, "Longitude": 36.88006, "Type": "Medical Clinic", "Owner": "Private Practice - General Practitioner", "Id": 36723, "gridcode": 5, "RiskZone": 5, "RiskClass": "Very High", "Field1": 0}, "geometry": {"type": "Point", "coordinates": [36.88006, -1.28338]}}, {"type": "Feature", "properties": {"Join_Count": 1, "TARGET_FID": 360, "Facility_N": "EDARP Soweto Health Centre", "County": "Nairobi", "Division": "Embakasi", "LOCATION": "Kayole", "Sub_Locati": "Kayole", "Latitude": -1.27951, "Longitude": 36.9097, "Type": "Health Centre", "Owner": "Kenya Episcopal Conference-Catholic Secretariat", "Id": 38741, "gridcode": 4, "RiskZone": 4, "RiskClass": "High", "Field1": 0}, "geometry": {"type": "Point", "coordinates": [36.9097, -1.27951]}}, {"type": "Feature", "properties": {"Join_Count": 1, "TARGET_FID": 361, "Facility_N": "Dr Ashwin Clinic", "County": "Nairobi", "Division": "central", "LOCATION": "Central", "Sub_Locati": "Central", "Latitude": -1.28186, "Longitude": 36.81616, "Type": "Medical Clinic", "Owner": "Private Practice - General Practitioner", "Id": 35724, "gridcode": 3, "RiskZone": 3, "RiskClass": "Moderate", "Field1": 0}, "geometry": {"type": "Point", "coordinates": [36.81616, -1.28186]}}, {"type": "Feature", "properties": {"Join_Count": 1, "TARGET_FID": 362, "Facility_N": "NASCOP VCT", "County": "Nairobi", "Division": "Dagoretti", "LOCATION": "Golfcourse", "Sub_Locati": null, "Latitude": -1.30366, "Longitude": 36.7977, "Type": "VCT Centre (Stand-Alone)", "Owner": "Ministry of Health", "Id": 29040, "gridcode": 1, "RiskZone": 1, "RiskClass": "Very Low", "Field1": 0}, "geometry": {"type": "Point", "coordinates": [36.7977, -1.30366]}}, {"type": "Feature", "properties": {"Join_Count": 1, "TARGET_FID": 363, "Facility_N": "Kasarani Maternity", "County": "Nairobi", "Division": "Kasarani", "LOCATION": "Kasarani", "Sub_Locati": null, "Latitude": -1.22429, "Longitude": 36.9046, "Type": "Maternity Home", "Owner": "Private Practice - Nurse / Midwife", "Id": 38741, "gridcode": 4, "RiskZone": 4, "RiskClass": "High", "Field1": 0}, "geometry": {"type": "Point", "coordinates": [36.9046, -1.22429]}}, {"type": "Feature", "properties": {"Join_Count": 1, "TARGET_FID": 364, "Facility_N": "AIDS Health Care Foundation Parklands Clinic", "County": "Nairobi", "Division": "Parklands", "LOCATION": "Parklands", "Sub_Locati": "Highridge", "Latitude": -1.25811, "Longitude": 36.81368, "Type": "Medical Clinic", "Owner": "Private Enterprise (Institution)", "Id": 38741, "gridcode": 4, "RiskZone": 4, "RiskClass": "High", "Field1": 0}, "geometry": {"type": "Point", "coordinates": [36.81368, -1.25811]}}, {"type": "Feature", "properties": {"Join_Count": 1, "TARGET_FID": 365, "Facility_N": "Pipeline Medical Health Services", "County": "Nairobi", "Division": "Embakasi", "LOCATION": "Mukuru Kwanjega", "Sub_Locati": "Mukuru Kwa Njega", "Latitude": -1.31699, "Longitude": 36.8865, "Type": "Medical Clinic", "Owner": "Private Practice - Clinical Officer", "Id": 36723, "gridcode": 5, "RiskZone": 5, "RiskClass": "Very High", "Field1": 0}, "geometry": {"type": "Point", "coordinates": [36.8865, -1.31699]}}, {"type": "Feature", "properties": {"Join_Count": 1, "TARGET_FID": 366, "Facility_N": "Orthodox Dispensary", "County": "Nairobi", "Division": "Dagoretti", "LOCATION": "Kawangware", "Sub_Locati": null, "Latitude": -1.28418, "Longitude": 36.73778, "Type": "Dispensary", "Owner": "Christian Health Association of Kenya", "Id": 25717, "gridcode": 3, "RiskZone": 3, "RiskClass": "Moderate", "Field1": 0}, "geometry": {"type": "Point", "coordinates": [36.73778, -1.28418]}}, {"type": "Feature", "properties": {"Join_Count": 1, "TARGET_FID": 367, "Facility_N": "Msf Olympic Centre", "County": "Nairobi", "Division": "Kibra", "LOCATION": "Sarang'ombe", "Sub_Locati": null, "Latitude": -1.31276, "Longitude": 36.77859, "Type": "Medical Clinic", "Owner": "Non-Governmental Organizations", "Id": 30915, "gridcode": 5, "RiskZone": 5, "RiskClass": "Very High", "Field1": 0}, "geometry": {"type": "Point", "coordinates": [36.77859, -1.31276]}}, {"type": "Feature", "properties": {"Join_Count": 1, "TARGET_FID": 368, "Facility_N": "Afyamax Medical & Centre Dental", "County": "Nairobi", "Division": "Kasarani", "LOCATION": "Githurai", "Sub_Locati": "zimmerman", "Latitude": -1.20694, "Longitude": 36.89414, "Type": "Medical Clinic", "Owner": "Private Practice - General Practitioner", "Id": 5009, "gridcode": 5, "RiskZone": 5, "RiskClass": "Very High", "Field1": 0}, "geometry": {"type": "Point", "coordinates": [36.89414, -1.20694]}}, {"type": "Feature", "properties": {"Join_Count": 1, "TARGET_FID": 369, "Facility_N": "Kawangware Health Centre", "County": "Nairobi", "Division": "Kawagware", "LOCATION": "Kawagware", "Sub_Locati": "kawagware", "Latitude": -1.28774, "Longitude": 36.75099, "Type": "Dispensary", "Owner": "Private Enterprise (Institution)", "Id": 25441, "gridcode": 4, "RiskZone": 4, "RiskClass": "High", "Field1": 0}, "geometry": {"type": "Point", "coordinates": [36.75099, -1.28774]}}, {"type": "Feature", "properties": {"Join_Count": 1, "TARGET_FID": 370, "Facility_N": "Kibera D O Dispensary", "County": "Nairobi", "Division": "Kibra", "LOCATION": "Kibera", "Sub_Locati": "Makina", "Latitude": -1.30593, "Longitude": 36.78788, "Type": "Dispensary", "Owner": "Ministry of Health", "Id": 35724, "gridcode": 3, "RiskZone": 3, "RiskClass": "Moderate", "Field1": 0}, "geometry": {"type": "Point", "coordinates": [36.78788, -1.30593]}}, {"type": "Feature", "properties": {"Join_Count": 1, "TARGET_FID": 371, "Facility_N": "Lithi Clinic", "County": "Nairobi", "Division": "Eastleigh South", "LOCATION": "Kiambiu", "Sub_Locati": "Kiambiu", "Latitude": -1.27433, "Longitude": 36.87081, "Type": "Medical Clinic", "Owner": "Private Practice - Unspecified", "Id": 38741, "gridcode": 4, "RiskZone": 4, "RiskClass": "High", "Field1": 0}, "geometry": {"type": "Point", "coordinates": [36.87081, -1.27433]}}, {"type": "Feature", "properties": {"Join_Count": 1, "TARGET_FID": 372, "Facility_N": "Msf- Green House Clinic", "County": "Nairobi", "Division": "Eastleigh North", "LOCATION": "Eastleigh", "Sub_Locati": null, "Latitude": -1.26686, "Longitude": 36.85145, "Type": "Medical Clinic", "Owner": "Non-Governmental Organizations", "Id": 19495, "gridcode": 5, "RiskZone": 5, "RiskClass": "Very High", "Field1": 0}, "geometry": {"type": "Point", "coordinates": [36.85145, -1.26686]}}, {"type": "Feature", "properties": {"Join_Count": 1, "TARGET_FID": 373, "Facility_N": "Supkem (Liverpool)", "County": "Nairobi", "Division": "Central", "LOCATION": "Central Business District", "Sub_Locati": null, "Latitude": -1.2852, "Longitude": 36.821, "Type": "VCT Centre (Stand-Alone)", "Owner": "Non-Governmental Organizations", "Id": 23926, "gridcode": 2, "RiskZone": 2, "RiskClass": "Low", "Field1": 0}, "geometry": {"type": "Point", "coordinates": [36.821, -1.2852]}}, {"type": "Feature", "properties": {"Join_Count": 1, "TARGET_FID": 374, "Facility_N": "Silanga (MSF Belgium) Dispensary", "County": "Nairobi", "Division": "Kibra", "LOCATION": "Laini Saba", "Sub_Locati": "Silanga", "Latitude": -1.31738, "Longitude": 36.79603, "Type": "Dispensary", "Owner": "Non-Governmental Organizations", "Id": 32349, "gridcode": 3, "RiskZone": 3, "RiskClass": "Moderate", "Field1": 0}, "geometry": {"type": "Point", "coordinates": [36.79603, -1.31738]}}, {"type": "Feature", "properties": {"Join_Count": 1, "TARGET_FID": 375, "Facility_N": "Hekima Medical Centre", "County": "Nairobi", "Division": "Roysambu", "LOCATION": "Githurai", "Sub_Locati": "Githurai 44", "Latitude": -1.19956, "Longitude": 36.90386, "Type": "Medical Clinic", "Owner": "Private Practice - Clinical Officer", "Id": 5009, "gridcode": 5, "RiskZone": 5, "RiskClass": "Very High", "Field1": 0}, "geometry": {"type": "Point", "coordinates": [36.90386, -1.19956]}}, {"type": "Feature", "properties": {"Join_Count": 1, "TARGET_FID": 376, "Facility_N": "Green Croos Medical and Dental Clinic", "County": "Nairobi", "Division": "Kangemi", "LOCATION": "Kangemi", "Sub_Locati": null, "Latitude": -1.26613, "Longitude": 36.80388, "Type": "Medical Clinic", "Owner": "Private Enterprise (Institution)", "Id": 38741, "gridcode": 4, "RiskZone": 4, "RiskClass": "High", "Field1": 0}, "geometry": {"type": "Point", "coordinates": [36.80388, -1.26613]}}, {"type": "Feature", "properties": {"Join_Count": 1, "TARGET_FID": 377, "Facility_N": "Dog Unit Dispensary (O P Kenya Police)", "County": "Nairobi", "Division": "Lang'ata", "LOCATION": "Mugumoini", "Sub_Locati": "Mugumoini", "Latitude": -1.32213, "Longitude": 36.77173, "Type": "Dispensary", "Owner": "Other Public Institution", "Id": 44680, "gridcode": 2, "RiskZone": 2, "RiskClass": "Low", "Field1": 0}, "geometry": {"type": "Point", "coordinates": [36.77173, -1.32213]}}, {"type": "Feature", "properties": {"Join_Count": 1, "TARGET_FID": 378, "Facility_N": "Dr Aziz Mohamed Medical Clinic", "County": "Nairobi", "Division": "kilimani", "LOCATION": "Kilimani", "Sub_Locati": null, "Latitude": -1.2546, "Longitude": 36.801, "Type": "Medical Clinic", "Owner": "Private Practice - Unspecified", "Id": 35724, "gridcode": 3, "RiskZone": 3, "RiskClass": "Moderate", "Field1": 0}, "geometry": {"type": "Point", "coordinates": [36.801, -1.2546]}}, {"type": "Feature", "properties": {"Join_Count": 1, "TARGET_FID": 379, "Facility_N": "Landmawe Medical Services", "County": "Nairobi", "Division": "Makadara", "LOCATION": "Makogeni", "Sub_Locati": "Makogeni", "Latitude": -1.30366, "Longitude": 36.83733, "Type": "Medical Clinic", "Owner": "Private Enterprise (Institution)", "Id": 38741, "gridcode": 4, "RiskZone": 4, "RiskClass": "High", "Field1": 0}, "geometry": {"type": "Point", "coordinates": [36.83733, -1.30366]}}, {"type": "Feature", "properties": {"Join_Count": 1, "TARGET_FID": 380, "Facility_N": "Family Health Option of Kenya", "County": "Nairobi", "Division": "Eastleigh North", "LOCATION": "Eastleigh North", "Sub_Locati": null, "Latitude": -1.26772, "Longitude": 36.84897, "Type": "Medical Clinic", "Owner": "Non-Governmental Organizations", "Id": 19495, "gridcode": 5, "RiskZone": 5, "RiskClass": "Very High", "Field1": 0}, "geometry": {"type": "Point", "coordinates": [36.84897, -1.26772]}}, {"type": "Feature", "properties": {"Join_Count": 1, "TARGET_FID": 381, "Facility_N": "Kenya Airways Medical Centre", "County": "Nairobi", "Division": "Starehe", "LOCATION": "City Square", "Sub_Locati": null, "Latitude": -1.28611, "Longitude": 36.82378, "Type": "Medical Clinic", "Owner": "Private Practice - Unspecified", "Id": 35724, "gridcode": 3, "RiskZone": 3, "RiskClass": "Moderate", "Field1": 0}, "geometry": {"type": "Point", "coordinates": [36.82378, -1.28611]}}, {"type": "Feature", "properties": {"Join_Count": 1, "TARGET_FID": 382, "Facility_N": "Corner Hse Med Laboratory", "County": "Nairobi", "Division": "central", "LOCATION": "Central", "Sub_Locati": "Central", "Latitude": -1.28503, "Longitude": 36.82424, "Type": "Laboratory (Stand-alone)", "Owner": "Private Practice - Unspecified", "Id": 23583, "gridcode": 1, "RiskZone": 1, "RiskClass": "Very Low", "Field1": 0}, "geometry": {"type": "Point", "coordinates": [36.82424, -1.28503]}}, {"type": "Feature", "properties": {"Join_Count": 1, "TARGET_FID": 383, "Facility_N": "Angaza VCT", "County": "Nairobi", "Division": "Embakasi", "LOCATION": "Kayole", "Sub_Locati": "Koyole  Two", "Latitude": -1.27541, "Longitude": 36.91075, "Type": "VCT Centre (Stand-Alone)", "Owner": "Non-Governmental Organizations", "Id": 38741, "gridcode": 4, "RiskZone": 4, "RiskClass": "High", "Field1": 0}, "geometry": {"type": "Point", "coordinates": [36.91075, -1.27541]}}, {"type": "Feature", "properties": {"Join_Count": 1, "TARGET_FID": 384, "Facility_N": "Jonalifa Clinic", "County": "Nairobi", "Division": "Dagoretti", "LOCATION": "Kawangware", "Sub_Locati": "Kawangware", "Latitude": -1.28606, "Longitude": 36.73978, "Type": "Medical Clinic", "Owner": "Non-Governmental Organizations", "Id": 23848, "gridcode": 2, "RiskZone": 2, "RiskClass": "Low", "Field1": 0}, "geometry": {"type": "Point", "coordinates": [36.73978, -1.28606]}}, {"type": "Feature", "properties": {"Join_Count": 1, "TARGET_FID": 385, "Facility_N": "IDEWES", "County": "Nairobi", "Division": "Kibra", "LOCATION": "Kibera", "Sub_Locati": "Makina", "Latitude": -1.30814, "Longitude": 36.78952, "Type": "VCT Centre (Stand-Alone)", "Owner": "Non-Governmental Organizations", "Id": 35680, "gridcode": 4, "RiskZone": 4, "RiskClass": "High", "Field1": 0}, "geometry": {"type": "Point", "coordinates": [36.78952, -1.30814]}}, {"type": "Feature", "properties": {"Join_Count": 1, "TARGET_FID": 386, "Facility_N": "Blissgvs Health Care Pipeline", "County": "Nairobi", "Division": "Embakasi", "LOCATION": "Pipeline", "Sub_Locati": "Pipeline", "Latitude": -1.32008, "Longitude": 36.90012, "Type": "Medical Clinic", "Owner": "Private Practice - Clinical Officer", "Id": 33271, "gridcode": 5, "RiskZone": 5, "RiskClass": "Very High", "Field1": 0}, "geometry": {"type": "Point", "coordinates": [36.90012, -1.32008]}}, {"type": "Feature", "properties": {"Join_Count": 1, "TARGET_FID": 387, "Facility_N": "Gynapaed Dispensary (Kilimani-)", "County": "Nairobi", "Division": "Kilimani", "LOCATION": "Kilimani", "Sub_Locati": null, "Latitude": -1.29483, "Longitude": 36.8064, "Type": "Dispensary", "Owner": "Private Enterprise (Institution)", "Id": 35724, "gridcode": 3, "RiskZone": 3, "RiskClass": "Moderate", "Field1": 0}, "geometry": {"type": "Point", "coordinates": [36.8064, -1.29483]}}, {"type": "Feature", "properties": {"Join_Count": 1, "TARGET_FID": 388, "Facility_N": "Josmed Clinic", "County": "Kiambu", "Division": "Kikuyu", "LOCATION": "Ndumbuini", "Sub_Locati": "Ndumbuini", "Latitude": -1.25553, "Longitude": 36.73277, "Type": "Medical Clinic", "Owner": "Private Practice - Clinical Officer", "Id": 50181, "gridcode": 2, "RiskZone": 2, "RiskClass": "Low", "Field1": 0}, "geometry": {"type": "Point", "coordinates": [36.73277, -1.25553]}}, {"type": "Feature", "properties": {"Join_Count": 1, "TARGET_FID": 389, "Facility_N": "Provide International Hospital Mukuru", "County": "Nairobi", "Division": null, "LOCATION": "mukuru", "Sub_Locati": null, "Latitude": -1.32516, "Longitude": 36.89719, "Type": "Health Centre", "Owner": "Non-Governmental Organizations", "Id": 34240, "gridcode": 3, "RiskZone": 3, "RiskClass": "Moderate", "Field1": 0}, "geometry": {"type": "Point", "coordinates": [36.89719, -1.32516]}}, {"type": "Feature", "properties": {"Join_Count": 1, "TARGET_FID": 390, "Facility_N": "Taiba Medical Centre", "County": "Nairobi", "Division": "Ngara", "LOCATION": "Ngara East", "Sub_Locati": null, "Latitude": -1.27455, "Longitude": 36.83135, "Type": "Health Centre", "Owner": "Private Enterprise (Institution)", "Id": 38741, "gridcode": 4, "RiskZone": 4, "RiskClass": "High", "Field1": 0}, "geometry": {"type": "Point", "coordinates": [36.83135, -1.27455]}}, {"type": "Feature", "properties": {"Join_Count": 1, "TARGET_FID": 391, "Facility_N": "City Point Medical Clinic", "County": "Nairobi", "Division": null, "LOCATION": null, "Sub_Locati": null, "Latitude": -1.27908, "Longitude": 36.85034, "Type": "Medical Clinic", "Owner": "Private Enterprise (Institution)", "Id": 22790, "gridcode": 5, "RiskZone": 5, "RiskClass": "Very High", "Field1": 0}, "geometry": {"type": "Point", "coordinates": [36.85034, -1.27908]}}, {"type": "Feature", "properties": {"Join_Count": 1, "TARGET_FID": 392, "Facility_N": "Dr.P.W.Kamau&Associates(Upper Hill Medical Centre)", "County": "Nairobi", "Division": "Kilimani", "LOCATION": "Kilimani", "Sub_Locati": "Kilimani", "Latitude": -1.29472, "Longitude": 36.80651, "Type": "Medical Clinic", "Owner": "Private Practice - General Practitioner", "Id": 35724, "gridcode": 3, "RiskZone": 3, "RiskClass": "Moderate", "Field1": 0}, "geometry": {"type": "Point", "coordinates": [36.80651, -1.29472]}}, {"type": "Feature", "properties": {"Join_Count": 1, "TARGET_FID": 393, "Facility_N": "St Anselmo Medical Clinic", "County": "Nairobi", "Division": "Umoja", "LOCATION": "Umoja", "Sub_Locati": "Umoja Inner Core", "Latitude": -1.28131, "Longitude": 36.89648, "Type": "Medical Clinic", "Owner": "Private Practice - General Practitioner", "Id": 38741, "gridcode": 4, "RiskZone": 4, "RiskClass": "High", "Field1": 0}, "geometry": {"type": "Point", "coordinates": [36.89648, -1.28131]}}, {"type": "Feature", "properties": {"Join_Count": 1, "TARGET_FID": 394, "Facility_N": "Buruburu Medical Clinic", "County": "Nairobi", "Division": "Makadara", "LOCATION": "Makadara", "Sub_Locati": "Makadara", "Latitude": -1.27948, "Longitude": 36.87783, "Type": "Medical Clinic", "Owner": "Private Enterprise (Institution)", "Id": 23645, "gridcode": 4, "RiskZone": 4, "RiskClass": "High", "Field1": 0}, "geometry": {"type": "Point", "coordinates": [36.87783, -1.27948]}}, {"type": "Feature", "properties": {"Join_Count": 1, "TARGET_FID": 395, "Facility_N": "Dandora I Health Centre", "County": "Nairobi", "Division": "Embakasi", "LOCATION": "Dandora", "Sub_Locati": "Dandora", "Latitude": -1.26013, "Longitude": 36.88843, "Type": "Health Centre", "Owner": "Local Authority", "Id": 38741, "gridcode": 4, "RiskZone": 4, "RiskClass": "High", "Field1": 0}, "geometry": {"type": "Point", "coordinates": [36.88843, -1.26013]}}, {"type": "Feature", "properties": {"Join_Count": 1, "TARGET_FID": 396, "Facility_N": "Railway Training Institute Dispensary South B", "County": "Nairobi", "Division": "South B", "LOCATION": "Mukuru Nyayo", "Sub_Locati": "Nairobi South", "Latitude": -1.31514, "Longitude": 36.83443, "Type": "Dispensary", "Owner": "Academic (if registered)", "Id": 35680, "gridcode": 4, "RiskZone": 4, "RiskClass": "High", "Field1": 0}, "geometry": {"type": "Point", "coordinates": [36.83443, -1.31514]}}, {"type": "Feature", "properties": {"Join_Count": 1, "TARGET_FID": 397, "Facility_N": "Premium Health Services", "County": "Nairobi", "Division": "kasarani", "LOCATION": "Kariobangi", "Sub_Locati": "Kariobangi", "Latitude": -1.25852, "Longitude": 36.87917, "Type": "Dispensary", "Owner": "Private Practice - Medical Specialist", "Id": 19495, "gridcode": 5, "RiskZone": 5, "RiskClass": "Very High", "Field1": 0}, "geometry": {"type": "Point", "coordinates": [36.87917, -1.25852]}}, {"type": "Feature", "properties": {"Join_Count": 1, "TARGET_FID": 398, "Facility_N": "Proact services", "County": "Nairobi", "Division": "Rotysambu", "LOCATION": "Kahawa West", "Sub_Locati": "Kahawa West", "Latitude": -1.18536, "Longitude": 36.90234, "Type": "Medical Clinic", "Owner": "Private Practice - Nurse / Midwife", "Id": 2244, "gridcode": 5, "RiskZone": 5, "RiskClass": "Very High", "Field1": 0}, "geometry": {"type": "Point", "coordinates": [36.90234, -1.18536]}}, {"type": "Feature", "properties": {"Join_Count": 1, "TARGET_FID": 399, "Facility_N": "Pine Medical Clinic", "County": "Nairobi", "Division": "Embakasi", "LOCATION": "Kayole", "Sub_Locati": "Kayole Corner", "Latitude": -1.32065, "Longitude": 36.9336, "Type": "Medical Clinic", "Owner": "Private Enterprise (Institution)", "Id": 33420, "gridcode": 4, "RiskZone": 4, "RiskClass": "High", "Field1": 0}, "geometry": {"type": "Point", "coordinates": [36.9336, -1.32065]}}, {"type": "Feature", "properties": {"Join_Count": 1, "TARGET_FID": 400, "Facility_N": "Makina Community Clinic", "County": "Nairobi", "Division": "Kibra", "LOCATION": "Kibera", "Sub_Locati": "Makina", "Latitude": -1.30706, "Longitude": 36.78255, "Type": "Dispensary", "Owner": "Ministry of Health", "Id": 29628, "gridcode": 5, "RiskZone": 5, "RiskClass": "Very High", "Field1": 0}, "geometry": {"type": "Point", "coordinates": [36.78255, -1.30706]}}, {"type": "Feature", "properties": {"Join_Count": 1, "TARGET_FID": 401, "Facility_N": "Prestige Health Centre (Zimerman)", "County": "Nairobi", "Division": "Kasarani", "LOCATION": "Githurai", "Sub_Locati": "zimmerman", "Latitude": -1.20921, "Longitude": 36.89635, "Type": "Medical Clinic", "Owner": "Private Practice - General Practitioner", "Id": 4052, "gridcode": 4, "RiskZone": 4, "RiskClass": "High", "Field1": 0}, "geometry": {"type": "Point", "coordinates": [36.89635, -1.20921]}}, {"type": "Feature", "properties": {"Join_Count": 1, "TARGET_FID": 402, "Facility_N": "Sex Workers Outreach Program (Lang'ata)", "County": "Nairobi", "Division": "Lang'ata", "LOCATION": "Mugumoini", "Sub_Locati": "Southlands Estate", "Latitude": -1.32436, "Longitude": 36.78293, "Type": "Medical Clinic", "Owner": "Non-Governmental Organizations", "Id": 35680, "gridcode": 4, "RiskZone": 4, "RiskClass": "High", "Field1": 0}, "geometry": {"type": "Point", "coordinates": [36.78293, -1.32436]}}, {"type": "Feature", "properties": {"Join_Count": 1, "TARGET_FID": 403, "Facility_N": "Emmanuel Medical Centre", "County": "Nairobi", "Division": "Umoja", "LOCATION": "Savannah", "Sub_Locati": "Savannah", "Latitude": -1.27412, "Longitude": 36.89846, "Type": "Medical Clinic", "Owner": "Private Practice - General Practitioner", "Id": 36723, "gridcode": 5, "RiskZone": 5, "RiskClass": "Very High", "Field1": 0}, "geometry": {"type": "Point", "coordinates": [36.89846, -1.27412]}}, {"type": "Feature", "properties": {"Join_Count": 1, "TARGET_FID": 404, "Facility_N": "Medical Reception Dispensary", "County": "Nairobi", "Division": "Kasarani", "LOCATION": "Roysambu", "Sub_Locati": null, "Latitude": -1.24875, "Longitude": 36.871, "Type": "Dispensary", "Owner": "Private Enterprise (Institution)", "Id": 38741, "gridcode": 4, "RiskZone": 4, "RiskClass": "High", "Field1": 0}, "geometry": {"type": "Point", "coordinates": [36.871, -1.24875]}}, {"type": "Feature", "properties": {"Join_Count": 1, "TARGET_FID": 405, "Facility_N": "Roma Medical Clinic", "County": "Nairobi", "Division": "Eastleigh North", "LOCATION": "Eastleigh North", "Sub_Locati": "Eastleigh North", "Latitude": -1.27465, "Longitude": 36.85048, "Type": "Medical Clinic", "Owner": "Private Enterprise (Institution)", "Id": 20481, "gridcode": 5, "RiskZone": 5, "RiskClass": "Very High", "Field1": 0}, "geometry": {"type": "Point", "coordinates": [36.85048, -1.27465]}}, {"type": "Feature", "properties": {"Join_Count": 1, "TARGET_FID": 406, "Facility_N": "Marie Stopes Clinic (Pangani)", "County": "Nairobi", "Division": "Kariokor", "LOCATION": "Pangani", "Sub_Locati": "Pangani", "Latitude": -1.26971, "Longitude": 36.83903, "Type": "Medical Clinic", "Owner": "Non-Governmental Organizations", "Id": 38741, "gridcode": 4, "RiskZone": 4, "RiskClass": "High", "Field1": 0}, "geometry": {"type": "Point", "coordinates": [36.83903, -1.26971]}}, {"type": "Feature", "properties": {"Join_Count": 1, "TARGET_FID": 407, "Facility_N": "EDARP Ruai Clinic", "County": "Nairobi", "Division": "Ruai", "LOCATION": "Ruai", "Sub_Locati": "Ruai", "Latitude": -1.26068, "Longitude": 36.9999, "Type": "Dispensary", "Owner": "Kenya Episcopal Conference-Catholic Secretariat", "Id": 38741, "gridcode": 4, "RiskZone": 4, "RiskClass": "High", "Field1": 0}, "geometry": {"type": "Point", "coordinates": [36.9999, -1.26068]}}, {"type": "Feature", "properties": {"Join_Count": 1, "TARGET_FID": 408, "Facility_N": "Focus Outreach Medical Mission", "County": "Nairobi", "Division": "parklands", "LOCATION": "parklands", "Sub_Locati": null, "Latitude": -1.26372, "Longitude": 36.75078, "Type": "Medical Clinic", "Owner": "Private Practice - Clinical Officer", "Id": 17381, "gridcode": 2, "RiskZone": 2, "RiskClass": "Low", "Field1": 0}, "geometry": {"type": "Point", "coordinates": [36.75078, -1.26372]}}, {"type": "Feature", "properties": {"Join_Count": 1, "TARGET_FID": 409, "Facility_N": "Delta Medical Clinic Dandora", "County": "Nairobi", "Division": "Dandora", "LOCATION": "Dandora", "Sub_Locati": "Dandora", "Latitude": -1.24064, "Longitude": 36.9098, "Type": "Medical Clinic", "Owner": "Private Enterprise (Institution)", "Id": 38741, "gridcode": 4, "RiskZone": 4, "RiskClass": "High", "Field1": 0}, "geometry": {"type": "Point", "coordinates": [36.9098, -1.24064]}}, {"type": "Feature", "properties": {"Join_Count": 1, "TARGET_FID": 410, "Facility_N": "St Aloysius Gonzaga School Dispensary", "County": "Nairobi", "Division": "Lang'ata", "LOCATION": "Mugumoini", "Sub_Locati": "Ngei 1 Estate", "Latitude": -1.32118, "Longitude": 36.78362, "Type": "Dispensary", "Owner": "Kenya Episcopal Conference-Catholic Secretariat", "Id": 35680, "gridcode": 4, "RiskZone": 4, "RiskClass": "High", "Field1": 0}, "geometry": {"type": "Point", "coordinates": [36.78362, -1.32118]}}, {"type": "Feature", "properties": {"Join_Count": 1, "TARGET_FID": 411, "Facility_N": "Shauri Moyo Clinic", "County": "Nairobi", "Division": "Pumwani", "LOCATION": "Kamukunji", "Sub_Locati": "Shauri Moyo", "Latitude": -1.29047, "Longitude": 36.84841, "Type": "Medical Clinic", "Owner": "Local Authority", "Id": 38741, "gridcode": 4, "RiskZone": 4, "RiskClass": "High", "Field1": 0}, "geometry": {"type": "Point", "coordinates": [36.84841, -1.29047]}}, {"type": "Feature", "properties": {"Join_Count": 1, "TARGET_FID": 412, "Facility_N": "Aga Khan Hospital", "County": "Nairobi", "Division": "Parklands", "LOCATION": "Parklands", "Sub_Locati": null, "Latitude": -1.262231, "Longitude": 36.817897, "Type": "Other Hospital", "Owner": "Private Enterprise (Institution)", "Id": 38741, "gridcode": 4, "RiskZone": 4, "RiskClass": "High", "Field1": 0}, "geometry": {"type": "Point", "coordinates": [36.817897, -1.262231]}}, {"type": "Feature", "properties": {"Join_Count": 1, "TARGET_FID": 413, "Facility_N": "Sunshine Medical & Diagnostic Centre (Nairobi)", "County": "Nairobi", "Division": "Kariokor", "LOCATION": "Kariokor", "Sub_Locati": "Kariokor", "Latitude": -1.26728, "Longitude": 36.83439, "Type": "Medical Clinic", "Owner": "Private Practice - General Practitioner", "Id": 38741, "gridcode": 4, "RiskZone": 4, "RiskClass": "High", "Field1": 0}, "geometry": {"type": "Point", "coordinates": [36.83439, -1.26728]}}, {"type": "Feature", "properties": {"Join_Count": 1, "TARGET_FID": 414, "Facility_N": "Mkunga Clinic", "County": "Nairobi", "Division": "Dandora", "LOCATION": "Dandora", "Sub_Locati": "Dandora", "Latitude": -1.22089, "Longitude": 36.89408, "Type": "Medical Clinic", "Owner": "Private Enterprise (Institution)", "Id": 5966, "gridcode": 5, "RiskZone": 5, "RiskClass": "Very High", "Field1": 0}, "geometry": {"type": "Point", "coordinates": [36.89408, -1.22089]}}, {"type": "Feature", "properties": {"Join_Count": 1, "TARGET_FID": 415, "Facility_N": "Congo medical services", "County": "Nairobi", "Division": "Roysambu", "LOCATION": "Kahawa west", "Sub_Locati": "kongo", "Latitude": -1.18613, "Longitude": 36.90665, "Type": "Medical Clinic", "Owner": "Private Enterprise (Institution)", "Id": 1600, "gridcode": 4, "RiskZone": 4, "RiskClass": "High", "Field1": 0}, "geometry": {"type": "Point", "coordinates": [36.90665, -1.18613]}}, {"type": "Feature", "properties": {"Join_Count": 1, "TARGET_FID": 416, "Facility_N": "Darushif Medical Clinic", "County": "Nairobi", "Division": "Embakasi", "LOCATION": "Umoja", "Sub_Locati": "Innercore", "Latitude": -1.27798, "Longitude": 36.89202, "Type": "Medical Clinic", "Owner": "Private Practice - Clinical Officer", "Id": 36723, "gridcode": 5, "RiskZone": 5, "RiskClass": "Very High", "Field1": 0}, "geometry": {"type": "Point", "coordinates": [36.89202, -1.27798]}}, {"type": "Feature", "properties": {"Join_Count": 1, "TARGET_FID": 417, "Facility_N": "Dr Muhindi Clinic (Kilimani)", "County": "Nairobi", "Division": "Kilimani", "LOCATION": null, "Sub_Locati": null, "Latitude": -1.2957, "Longitude": 36.8034, "Type": "Medical Clinic", "Owner": "Private Practice - General Practitioner", "Id": 26569, "gridcode": 5, "RiskZone": 5, "RiskClass": "Very High", "Field1": 0}, "geometry": {"type": "Point", "coordinates": [36.8034, -1.2957]}}, {"type": "Feature", "properties": {"Join_Count": 1, "TARGET_FID": 418, "Facility_N": "All Care Medical Centre", "County": "Nairobi", "Division": "Langata", "LOCATION": "Karen", "Sub_Locati": "Karen", "Latitude": -1.3234, "Longitude": 36.70736, "Type": "Medical Clinic", "Owner": "Private Practice - Unspecified", "Id": 44680, "gridcode": 2, "RiskZone": 2, "RiskClass": "Low", "Field1": 0}, "geometry": {"type": "Point", "coordinates": [36.70736, -1.3234]}}, {"type": "Feature", "properties": {"Join_Count": 1, "TARGET_FID": 419, "Facility_N": "Ruai (SDA) Clinic", "County": "Nairobi", "Division": "Njiru", "LOCATION": "Ruai", "Sub_Locati": "Ruai", "Latitude": -1.249, "Longitude": 36.9433, "Type": "Medical Clinic", "Owner": "Other Faith Based", "Id": 14913, "gridcode": 5, "RiskZone": 5, "RiskClass": "Very High", "Field1": 0}, "geometry": {"type": "Point", "coordinates": [36.9433, -1.249]}}, {"type": "Feature", "properties": {"Join_Count": 1, "TARGET_FID": 420, "Facility_N": "Radiant Hosp Kasarani", "County": "Nairobi", "Division": "kasarani", "LOCATION": "kasarani", "Sub_Locati": "kasarani", "Latitude": -1.21814, "Longitude": 36.90118, "Type": "Medical Clinic", "Owner": "Private Practice - General Practitioner", "Id": 5677, "gridcode": 5, "RiskZone": 5, "RiskClass": "Very High", "Field1": 0}, "geometry": {"type": "Point", "coordinates": [36.90118, -1.21814]}}, {"type": "Feature", "properties": {"Join_Count": 1, "TARGET_FID": 421, "Facility_N": "Primed Medical Services Komarock", "County": "Nairobi", "Division": null, "LOCATION": "komarock", "Sub_Locati": null, "Latitude": -1.27054, "Longitude": 36.90888, "Type": "Medical Clinic", "Owner": "Private Practice - Unspecified", "Id": 38741, "gridcode": 4, "RiskZone": 4, "RiskClass": "High", "Field1": 0}, "geometry": {"type": "Point", "coordinates": [36.90888, -1.27054]}}, {"type": "Feature", "properties": {"Join_Count": 1, "TARGET_FID": 422, "Facility_N": "Dr Paul Ondiege Clinic", "County": "Nairobi", "Division": "Central", "LOCATION": "Central", "Sub_Locati": "Central", "Latitude": -1.27966, "Longitude": 36.81655, "Type": "Medical Clinic", "Owner": "Private Practice - General Practitioner", "Id": 21869, "gridcode": 5, "RiskZone": 5, "RiskClass": "Very High", "Field1": 0}, "geometry": {"type": "Point", "coordinates": [36.81655, -1.27966]}}, {"type": "Feature", "properties": {"Join_Count": 1, "TARGET_FID": 423, "Facility_N": "Ngaira Rhodes Dispensary", "County": "Nairobi", "Division": "City Square", "LOCATION": "Central Business District", "Sub_Locati": null, "Latitude": -1.29216, "Longitude": 36.82377, "Type": "Dispensary", "Owner": "Local Authority", "Id": 38741, "gridcode": 4, "RiskZone": 4, "RiskClass": "High", "Field1": 0}, "geometry": {"type": "Point", "coordinates": [36.82377, -1.29216]}}, {"type": "Feature", "properties": {"Join_Count": 1, "TARGET_FID": 424, "Facility_N": "Single Mothers Association of Kenya (Smak)", "County": "Nairobi", "Division": "Central", "LOCATION": "Central Business District", "Sub_Locati": null, "Latitude": -1.2852, "Longitude": 36.821, "Type": "VCT Centre (Stand-Alone)", "Owner": "Community", "Id": 23926, "gridcode": 2, "RiskZone": 2, "RiskClass": "Low", "Field1": 0}, "geometry": {"type": "Point", "coordinates": [36.821, -1.2852]}}, {"type": "Feature", "properties": {"Join_Count": 1, "TARGET_FID": 425, "Facility_N": "Upendo Clinic Makadara", "County": "Nairobi", "Division": "Makadara", "LOCATION": "Makadara", "Sub_Locati": "Hamza", "Latitude": -1.29406, "Longitude": 36.87226, "Type": "Medical Clinic", "Owner": "Private Practice - Nurse / Midwife", "Id": 38741, "gridcode": 4, "RiskZone": 4, "RiskClass": "High", "Field1": 0}, "geometry": {"type": "Point", "coordinates": [36.87226, -1.29406]}}, {"type": "Feature", "properties": {"Join_Count": 1, "TARGET_FID": 426, "Facility_N": "Lea Toto Kawangware", "County": "Nairobi", "Division": "Kawangware", "LOCATION": "Kawangware", "Sub_Locati": "Kawangware", "Latitude": -1.28811, "Longitude": 36.7388, "Type": "Medical Clinic", "Owner": "Non-Governmental Organizations", "Id": 25717, "gridcode": 3, "RiskZone": 3, "RiskClass": "Moderate", "Field1": 0}, "geometry": {"type": "Point", "coordinates": [36.7388, -1.28811]}}, {"type": "Feature", "properties": {"Join_Count": 1, "TARGET_FID": 427, "Facility_N": "Vision Peoples Inter Health Centre", "County": "Nairobi", "Division": "Kasarani", "LOCATION": "Ruaraka", "Sub_Locati": null, "Latitude": -1.2432, "Longitude": 36.80915, "Type": "Health Centre", "Owner": "Other Faith Based", "Id": 35724, "gridcode": 3, "RiskZone": 3, "RiskClass": "Moderate", "Field1": 0}, "geometry": {"type": "Point", "coordinates": [36.80915, -1.2432]}}, {"type": "Feature", "properties": {"Join_Count": 1, "TARGET_FID": 428, "Facility_N": "Hope World Wide Kenya Mukuru Clinic", "County": "Nairobi", "Division": "Embakasi", "LOCATION": "Mukuru", "Sub_Locati": "Imara Daima", "Latitude": -1.31417, "Longitude": 36.87128, "Type": "Dispensary", "Owner": "Non-Governmental Organizations", "Id": 36723, "gridcode": 5, "RiskZone": 5, "RiskClass": "Very High", "Field1": 0}, "geometry": {"type": "Point", "coordinates": [36.87128, -1.31417]}}, {"type": "Feature", "properties": {"Join_Count": 1, "TARGET_FID": 429, "Facility_N": "Mukuru Mmm Clinic", "County": "Nairobi", "Division": "Embakasi", "LOCATION": "Mukuru", "Sub_Locati": "Kwa Njenga", "Latitude": -1.30472, "Longitude": 36.885, "Type": "Dispensary", "Owner": "Kenya Episcopal Conference-Catholic Secretariat", "Id": 38741, "gridcode": 4, "RiskZone": 4, "RiskClass": "High", "Field1": 0}, "geometry": {"type": "Point", "coordinates": [36.885, -1.30472]}}, {"type": "Feature", "properties": {"Join_Count": 1, "TARGET_FID": 430, "Facility_N": "CMIA Grace Children's Centre Dispensary", "County": "Nairobi", "Division": "Langata", "LOCATION": "Langata", "Sub_Locati": "Hardy", "Latitude": -1.35914, "Longitude": 36.72553, "Type": "Dispensary", "Owner": "Christian Health Association of Kenya", "Id": 43940, "gridcode": 3, "RiskZone": 3, "RiskClass": "Moderate", "Field1": 0}, "geometry": {"type": "Point", "coordinates": [36.72553, -1.35914]}}, {"type": "Feature", "properties": {"Join_Count": 1, "TARGET_FID": 431, "Facility_N": "Tumaini Medical Centre", "County": "Nairobi", "Division": "Kibra", "LOCATION": "Sarang'ombe", "Sub_Locati": "Sarang'ombe", "Latitude": -1.30878, "Longitude": 36.77314, "Type": "Medical Clinic", "Owner": "Private Practice - Clinical Officer", "Id": 35680, "gridcode": 4, "RiskZone": 4, "RiskClass": "High", "Field1": 0}, "geometry": {"type": "Point", "coordinates": [36.77314, -1.30878]}}, {"type": "Feature", "properties": {"Join_Count": 1, "TARGET_FID": 432, "Facility_N": "Mid Hill Medical Clinic", "County": "Nairobi", "Division": "Dagoretti", "LOCATION": "Kawangware", "Sub_Locati": null, "Latitude": -1.29159, "Longitude": 36.74813, "Type": "Health Centre", "Owner": "Private Enterprise (Institution)", "Id": 35724, "gridcode": 3, "RiskZone": 3, "RiskClass": "Moderate", "Field1": 0}, "geometry": {"type": "Point", "coordinates": [36.74813, -1.29159]}}, {"type": "Feature", "properties": {"Join_Count": 1, "TARGET_FID": 433, "Facility_N": "Aids HealthCare Foundation Eastleigh", "County": "Nairobi", "Division": null, "LOCATION": null, "Sub_Locati": null, "Latitude": -1.2663, "Longitude": 36.85348, "Type": "Dispensary", "Owner": "Non-Governmental Organizations", "Id": 18754, "gridcode": 5, "RiskZone": 5, "RiskClass": "Very High", "Field1": 0}, "geometry": {"type": "Point", "coordinates": [36.85348, -1.2663]}}, {"type": "Feature", "properties": {"Join_Count": 1, "TARGET_FID": 434, "Facility_N": "Christian Aid Dispensary", "County": "Nairobi", "Division": "Kasarani", "LOCATION": "Githurai", "Sub_Locati": null, "Latitude": -1.20244, "Longitude": 36.9038, "Type": "Dispensary", "Owner": "Private Enterprise (Institution)", "Id": 5009, "gridcode": 5, "RiskZone": 5, "RiskClass": "Very High", "Field1": 0}, "geometry": {"type": "Point", "coordinates": [36.9038, -1.20244]}}, {"type": "Feature", "properties": {"Join_Count": 1, "TARGET_FID": 435, "Facility_N": "Dr J L Amugugaba Clinic (Nairobi)", "County": "Nairobi", "Division": "Central", "LOCATION": "Central", "Sub_Locati": "Central", "Latitude": -1.28447, "Longitude": 36.82356, "Type": "Medical Clinic", "Owner": "Private Practice - General Practitioner", "Id": 25195, "gridcode": 2, "RiskZone": 2, "RiskClass": "Low", "Field1": 0}, "geometry": {"type": "Point", "coordinates": [36.82356, -1.28447]}}, {"type": "Feature", "properties": {"Join_Count": 1, "TARGET_FID": 436, "Facility_N": "CFW Clinics Kibagare", "County": "Nairobi", "Division": "Kitisuru", "LOCATION": null, "Sub_Locati": null, "Latitude": -1.2584, "Longitude": 36.75826, "Type": "Health Centre", "Owner": "Non-Governmental Organizations", "Id": 50181, "gridcode": 2, "RiskZone": 2, "RiskClass": "Low", "Field1": 0}, "geometry": {"type": "Point", "coordinates": [36.75826, -1.2584]}}, {"type": "Feature", "properties": {"Join_Count": 1, "TARGET_FID": 437, "Facility_N": "EDARP Njiru Clinic", "County": "Nairobi", "Division": "Njiru", "LOCATION": "Njiru", "Sub_Locati": "Njiru", "Latitude": -1.25178, "Longitude": 36.93799, "Type": "Medical Clinic", "Owner": "Kenya Episcopal Conference-Catholic Secretariat", "Id": 14913, "gridcode": 5, "RiskZone": 5, "RiskClass": "Very High", "Field1": 0}, "geometry": {"type": "Point", "coordinates": [36.93799, -1.25178]}}, {"type": "Feature", "properties": {"Join_Count": 1, "TARGET_FID": 438, "Facility_N": "Kahawa Garrison Health Centre", "County": "Nairobi", "Division": "Kasarani", "LOCATION": "Kasarani", "Sub_Locati": null, "Latitude": -1.18048, "Longitude": 36.89748, "Type": "Health Centre", "Owner": "Ministry of Health", "Id": 1243, "gridcode": 2, "RiskZone": 2, "RiskClass": "Low", "Field1": 0}, "geometry": {"type": "Point", "coordinates": [36.89748, -1.18048]}}, {"type": "Feature", "properties": {"Join_Count": 1, "TARGET_FID": 439, "Facility_N": "Waithaka Health Centre", "County": "Nairobi", "Division": "Dagoretti", "LOCATION": "Waithaka", "Sub_Locati": "Waithaka", "Latitude": -1.27885, "Longitude": 36.71516, "Type": "Health Centre", "Owner": "Local Authority", "Id": 50181, "gridcode": 2, "RiskZone": 2, "RiskClass": "Low", "Field1": 0}, "geometry": {"type": "Point", "coordinates": [36.71516, -1.27885]}}, {"type": "Feature", "properties": {"Join_Count": 1, "TARGET_FID": 440, "Facility_N": "Special Provision Clinic", "County": "Nairobi", "Division": "Embakasi", "LOCATION": "Umoja", "Sub_Locati": "Umoja", "Latitude": -1.27597, "Longitude": 36.89595, "Type": "Medical Clinic", "Owner": "Non-Governmental Organizations", "Id": 36723, "gridcode": 5, "RiskZone": 5, "RiskClass": "Very High", "Field1": 0}, "geometry": {"type": "Point", "coordinates": [36.89595, -1.27597]}}, {"type": "Feature", "properties": {"Join_Count": 1, "TARGET_FID": 441, "Facility_N": "Jesus Is Alive Dental Clinic (Nairobi)", "County": "Nairobi", "Division": "Central", "LOCATION": "Central", "Sub_Locati": "Central", "Latitude": -1.28853, "Longitude": 36.82619, "Type": "Dental Clinic", "Owner": "Private Practice - Unspecified", "Id": 24659, "gridcode": 2, "RiskZone": 2, "RiskClass": "Low", "Field1": 0}, "geometry": {"type": "Point", "coordinates": [36.82619, -1.28853]}}, {"type": "Feature", "properties": {"Join_Count": 1, "TARGET_FID": 442, "Facility_N": "Medical Clinic", "County": "Nairobi", "Division": "Kangemi", "LOCATION": "Kangemi", "Sub_Locati": null, "Latitude": -1.26434, "Longitude": 36.72944, "Type": "Medical Clinic", "Owner": "Private Practice - Clinical Officer", "Id": 50181, "gridcode": 2, "RiskZone": 2, "RiskClass": "Low", "Field1": 0}, "geometry": {"type": "Point", "coordinates": [36.72944, -1.26434]}}, {"type": "Feature", "properties": {"Join_Count": 1, "TARGET_FID": 443, "Facility_N": "Children Medical Clinic (Kasarani)", "County": "Nairobi", "Division": "Kasarani", "LOCATION": "Kasarani", "Sub_Locati": "Kasarani", "Latitude": -1.21862, "Longitude": 36.90143, "Type": "Dispensary", "Owner": "Private Enterprise (Institution)", "Id": 5677, "gridcode": 5, "RiskZone": 5, "RiskClass": "Very High", "Field1": 0}, "geometry": {"type": "Point", "coordinates": [36.90143, -1.21862]}}, {"type": "Feature", "properties": {"Join_Count": 1, "TARGET_FID": 444, "Facility_N": "Nyumbani Diagnostic Laboratory and Medical Clinic", "County": "Nairobi", "Division": "Lang'ata", "LOCATION": "Karen", "Sub_Locati": "Karen", "Latitude": -1.31251, "Longitude": 36.69909, "Type": "Medical Clinic", "Owner": "Non-Governmental Organizations", "Id": 31679, "gridcode": 3, "RiskZone": 3, "RiskClass": "Moderate", "Field1": 0}, "geometry": {"type": "Point", "coordinates": [36.69909, -1.31251]}}, {"type": "Feature", "properties": {"Join_Count": 1, "TARGET_FID": 445, "Facility_N": "Bethel Clinic", "County": "Nairobi", "Division": "Central", "LOCATION": "Huruma", "Sub_Locati": null, "Latitude": -1.27297, "Longitude": 36.86882, "Type": "Medical Clinic", "Owner": "Private Enterprise (Institution)", "Id": 38741, "gridcode": 4, "RiskZone": 4, "RiskClass": "High", "Field1": 0}, "geometry": {"type": "Point", "coordinates": [36.86882, -1.27297]}}, {"type": "Feature", "properties": {"Join_Count": 1, "TARGET_FID": 446, "Facility_N": "Aimon med clinic", "County": "Nairobi", "Division": "Kasarani", "LOCATION": "Ruaraka", "Sub_Locati": "babadogo", "Latitude": -1.24041, "Longitude": 36.89572, "Type": "Medical Clinic", "Owner": "Private Practice - Nurse / Midwife", "Id": 38741, "gridcode": 4, "RiskZone": 4, "RiskClass": "High", "Field1": 0}, "geometry": {"type": "Point", "coordinates": [36.89572, -1.24041]}}, {"type": "Feature", "properties": {"Join_Count": 1, "TARGET_FID": 447, "Facility_N": "New Partner Initiative (Npi) Sasa Centre", "County": "Nairobi", "Division": "Eastleigh North", "LOCATION": "Eastleigh North", "Sub_Locati": null, "Latitude": -1.27135, "Longitude": 36.85236, "Type": "Health Project", "Owner": "Non-Governmental Organizations", "Id": 38741, "gridcode": 4, "RiskZone": 4, "RiskClass": "High", "Field1": 0}, "geometry": {"type": "Point", "coordinates": [36.85236, -1.27135]}}, {"type": "Feature", "properties": {"Join_Count": 1, "TARGET_FID": 448, "Facility_N": "Tazama Dentel Clinic", "County": "Nairobi", "Division": "Kasarani", "LOCATION": "Githurai", "Sub_Locati": "Githurai", "Latitude": -1.199931, "Longitude": 36.90298, "Type": "Medical Clinic", "Owner": "Private Practice - General Practitioner", "Id": 5009, "gridcode": 5, "RiskZone": 5, "RiskClass": "Very High", "Field1": 0}, "geometry": {"type": "Point", "coordinates": [36.90298, -1.199931]}}, {"type": "Feature", "properties": {"Join_Count": 1, "TARGET_FID": 449, "Facility_N": "Marist International University College Medical Clinic", "County": "Nairobi", "Division": "Lang'ata", "LOCATION": "Langata", "Sub_Locati": "Langata", "Latitude": -1.34268, "Longitude": 36.72812, "Type": "Medical Clinic", "Owner": "Kenya Episcopal Conference-Catholic Secretariat", "Id": 37755, "gridcode": 1, "RiskZone": 1, "RiskClass": "Very Low", "Field1": 0}, "geometry": {"type": "Point", "coordinates": [36.72812, -1.34268]}}, {"type": "Feature", "properties": {"Join_Count": 1, "TARGET_FID": 450, "Facility_N": "Al-Fallah Medical Clinic", "County": "Nairobi", "Division": null, "LOCATION": null, "Sub_Locati": null, "Latitude": -1.27173, "Longitude": 36.85126, "Type": "Medical Clinic", "Owner": "Private Enterprise (Institution)", "Id": 19903, "gridcode": 5, "RiskZone": 5, "RiskClass": "Very High", "Field1": 0}, "geometry": {"type": "Point", "coordinates": [36.85126, -1.27173]}}, {"type": "Feature", "properties": {"Join_Count": 1, "TARGET_FID": 451, "Facility_N": "University of Nairobi Health Services", "County": "Nairobi", "Division": "Kilimani", "LOCATION": "Kilimani", "Sub_Locati": null, "Latitude": -1.27824, "Longitude": 36.81045, "Type": "Medical Clinic", "Owner": "Other Public Institution", "Id": 35724, "gridcode": 3, "RiskZone": 3, "RiskClass": "Moderate", "Field1": 0}, "geometry": {"type": "Point", "coordinates": [36.81045, -1.27824]}}, {"type": "Feature", "properties": {"Join_Count": 1, "TARGET_FID": 452, "Facility_N": "Mawamu Clinic", "County": "Nairobi", "Division": "Kangemi", "LOCATION": "Kangemi", "Sub_Locati": "Kangemi", "Latitude": -1.266482, "Longitude": 36.749278, "Type": "Medical Clinic", "Owner": "Private Enterprise (Institution)", "Id": 35724, "gridcode": 3, "RiskZone": 3, "RiskClass": "Moderate", "Field1": 0}, "geometry": {"type": "Point", "coordinates": [36.749278, -1.266482]}}, {"type": "Feature", "properties": {"Join_Count": 1, "TARGET_FID": 453, "Facility_N": "Clinitec Medical Services", "County": "Nairobi", "Division": "kilimani", "LOCATION": "Kilimani", "Sub_Locati": null, "Latitude": -1.295947, "Longitude": 36.803218, "Type": "Medical Centre", "Owner": "Company Medical Service", "Id": 26569, "gridcode": 5, "RiskZone": 5, "RiskClass": "Very High", "Field1": 0}, "geometry": {"type": "Point", "coordinates": [36.803218, -1.295947]}}, {"type": "Feature", "properties": {"Join_Count": 1, "TARGET_FID": 454, "Facility_N": "Unity Nursing Home", "County": "Nairobi", "Division": "Embakasi", "LOCATION": "Umoja", "Sub_Locati": "Umoja II", "Latitude": -1.28063, "Longitude": 36.89866, "Type": "Nursing Home", "Owner": "Private Practice - General Practitioner", "Id": 36723, "gridcode": 5, "RiskZone": 5, "RiskClass": "Very High", "Field1": 0}, "geometry": {"type": "Point", "coordinates": [36.89866, -1.28063]}}, {"type": "Feature", "properties": {"Join_Count": 1, "TARGET_FID": 455, "Facility_N": "Providence Whole Care", "County": "Nairobi", "Division": "Riruta", "LOCATION": "Riruta", "Sub_Locati": "Ngando", "Latitude": -1.30242, "Longitude": 36.73886, "Type": "Dispensary", "Owner": "Private Enterprise (Institution)", "Id": 35724, "gridcode": 3, "RiskZone": 3, "RiskClass": "Moderate", "Field1": 0}, "geometry": {"type": "Point", "coordinates": [36.73886, -1.30242]}}, {"type": "Feature", "properties": {"Join_Count": 1, "TARGET_FID": 456, "Facility_N": "Milele Integrated Medical Services", "County": "Nairobi", "Division": "Kasarani", "LOCATION": "Githurai", "Sub_Locati": "Githurai", "Latitude": -1.2008, "Longitude": 36.90052, "Type": "Medical Clinic", "Owner": "Private Practice - General Practitioner", "Id": 38741, "gridcode": 4, "RiskZone": 4, "RiskClass": "High", "Field1": 0}, "geometry": {"type": "Point", "coordinates": [36.90052, -1.2008]}}, {"type": "Feature", "properties": {"Join_Count": 1, "TARGET_FID": 457, "Facility_N": "Komarock Morden Medical Care", "County": "Nairobi", "Division": "Embakasi", "LOCATION": "Kayole", "Sub_Locati": "Komarock", "Latitude": -1.26622, "Longitude": 36.91062, "Type": "Health Centre", "Owner": "Private Practice - General Practitioner", "Id": 24971, "gridcode": 5, "RiskZone": 5, "RiskClass": "Very High", "Field1": 0}, "geometry": {"type": "Point", "coordinates": [36.91062, -1.26622]}}, {"type": "Feature", "properties": {"Join_Count": 1, "TARGET_FID": 458, "Facility_N": "Loco Dispensary", "County": "Nairobi", "Division": "Makadara", "LOCATION": "Makongeni", "Sub_Locati": "Makongeni", "Latitude": -1.27967, "Longitude": 36.87781, "Type": "Dispensary", "Owner": "Other Public Institution", "Id": 23645, "gridcode": 4, "RiskZone": 4, "RiskClass": "High", "Field1": 0}, "geometry": {"type": "Point", "coordinates": [36.87781, -1.27967]}}, {"type": "Feature", "properties": {"Join_Count": 1, "TARGET_FID": 459, "Facility_N": "PCEA Dandora Clinic", "County": "Nairobi", "Division": "Dandora", "LOCATION": "Dandora", "Sub_Locati": "Dandora", "Latitude": -1.25025, "Longitude": 36.8953, "Type": "Medical Clinic", "Owner": "Christian Health Association of Kenya", "Id": 38741, "gridcode": 4, "RiskZone": 4, "RiskClass": "High", "Field1": 0}, "geometry": {"type": "Point", "coordinates": [36.8953, -1.25025]}}, {"type": "Feature", "properties": {"Join_Count": 1, "TARGET_FID": 460, "Facility_N": "PCEA Kuwinda Health Clinic", "County": "Nairobi", "Division": "Lang'ata", "LOCATION": "Langata", "Sub_Locati": "Kuwinda", "Latitude": -1.334387, "Longitude": 36.743217, "Type": "Dispensary", "Owner": "Christian Health Association of Kenya", "Id": 43940, "gridcode": 3, "RiskZone": 3, "RiskClass": "Moderate", "Field1": 0}, "geometry": {"type": "Point", "coordinates": [36.743217, -1.334387]}}, {"type": "Feature", "properties": {"Join_Count": 1, "TARGET_FID": 461, "Facility_N": "Annex Health Care", "County": "Nairobi", "Division": "Kasarani", "LOCATION": "Githurai", "Sub_Locati": "Githurai", "Latitude": -1.20013, "Longitude": 36.90185, "Type": "Medical Clinic", "Owner": "Private Practice - General Practitioner", "Id": 5009, "gridcode": 5, "RiskZone": 5, "RiskClass": "Very High", "Field1": 0}, "geometry": {"type": "Point", "coordinates": [36.90185, -1.20013]}}, {"type": "Feature", "properties": {"Join_Count": 1, "TARGET_FID": 462, "Facility_N": "Maendereo Medical Clinic", "County": "Nairobi", "Division": "Makadara", "LOCATION": "Makadara", "Sub_Locati": "Hamza", "Latitude": -1.29371, "Longitude": 36.86552, "Type": "Medical Clinic", "Owner": "Private Practice - Nurse / Midwife", "Id": 36723, "gridcode": 5, "RiskZone": 5, "RiskClass": "Very High", "Field1": 0}, "geometry": {"type": "Point", "coordinates": [36.86552, -1.29371]}}, {"type": "Feature", "properties": {"Join_Count": 1, "TARGET_FID": 463, "Facility_N": "St Patrick Medical Centre", "County": "Nairobi", "Division": "Roysambu", "LOCATION": "Ruaraka", "Sub_Locati": "Babadogo", "Latitude": -1.25542, "Longitude": 36.86627, "Type": "Medical Clinic", "Owner": "Private Practice - General Practitioner", "Id": 19495, "gridcode": 5, "RiskZone": 5, "RiskClass": "Very High", "Field1": 0}, "geometry": {"type": "Point", "coordinates": [36.86627, -1.25542]}}, {"type": "Feature", "properties": {"Join_Count": 1, "TARGET_FID": 464, "Facility_N": "Swop Kawangware", "County": "Nairobi", "Division": "Kawangware", "LOCATION": "Kawangware", "Sub_Locati": "Kawangware", "Latitude": -1.2918, "Longitude": 36.735, "Type": "Medical Clinic", "Owner": "Non-Governmental Organizations", "Id": 28938, "gridcode": 3, "RiskZone": 3, "RiskClass": "Moderate", "Field1": 0}, "geometry": {"type": "Point", "coordinates": [36.735, -1.2918]}}, {"type": "Feature", "properties": {"Join_Count": 1, "TARGET_FID": 465, "Facility_N": "Dr Gichuru Mwangi", "County": "Nairobi", "Division": "Parklands", "LOCATION": "Parklands", "Sub_Locati": "Parklands", "Latitude": -1.26444, "Longitude": 36.81147, "Type": "Medical Clinic", "Owner": "Private Practice - Medical Specialist", "Id": 38741, "gridcode": 4, "RiskZone": 4, "RiskClass": "High", "Field1": 0}, "geometry": {"type": "Point", "coordinates": [36.81147, -1.26444]}}, {"type": "Feature", "properties": {"Join_Count": 1, "TARGET_FID": 466, "Facility_N": "Metropolitan Dr Plaza", "County": "Nairobi", "Division": "Makadara", "LOCATION": "Harambee", "Sub_Locati": "Harambee", "Latitude": -1.28798, "Longitude": 36.87477, "Type": "Medical Clinic", "Owner": "Private Practice - General Practitioner", "Id": 36723, "gridcode": 5, "RiskZone": 5, "RiskClass": "Very High", "Field1": 0}, "geometry": {"type": "Point", "coordinates": [36.87477, -1.28798]}}, {"type": "Feature", "properties": {"Join_Count": 1, "TARGET_FID": 467, "Facility_N": "Marie Stopes Clinic (Kilimani)", "County": "Nairobi", "Division": "Kilimani", "LOCATION": "Kilimani", "Sub_Locati": null, "Latitude": -1.26584, "Longitude": 36.7511, "Type": "Dispensary", "Owner": "Non-Governmental Organizations", "Id": 18049, "gridcode": 2, "RiskZone": 2, "RiskClass": "Low", "Field1": 0}, "geometry": {"type": "Point", "coordinates": [36.7511, -1.26584]}}, {"type": "Feature", "properties": {"Join_Count": 1, "TARGET_FID": 468, "Facility_N": "Dessein Health Care", "County": "Nairobi", "Division": "Nairobi South", "LOCATION": "Hazina", "Sub_Locati": "Hazina", "Latitude": -1.31471, "Longitude": 36.84868, "Type": "Medical Clinic", "Owner": "Private Practice - General Practitioner", "Id": 32598, "gridcode": 3, "RiskZone": 3, "RiskClass": "Moderate", "Field1": 0}, "geometry": {"type": "Point", "coordinates": [36.84868, -1.31471]}}, {"type": "Feature", "properties": {"Join_Count": 1, "TARGET_FID": 469, "Facility_N": "Dr Muasya Medical Clinic", "County": "Nairobi", "Division": "Kilimani", "LOCATION": "Kilimani", "Sub_Locati": null, "Latitude": -1.27623, "Longitude": 36.81337, "Type": "Medical Clinic", "Owner": "Private Practice - Unspecified", "Id": 21695, "gridcode": 5, "RiskZone": 5, "RiskClass": "Very High", "Field1": 0}, "geometry": {"type": "Point", "coordinates": [36.81337, -1.27623]}}, {"type": "Feature", "properties": {"Join_Count": 1, "TARGET_FID": 470, "Facility_N": "Nsis Health Centre (Ruaraka)", "County": "Nairobi", "Division": "Kasarani", "LOCATION": "Ruaraka", "Sub_Locati": null, "Latitude": -1.24667, "Longitude": 36.8575, "Type": "Health Centre", "Owner": "Ministry of Health", "Id": 13317, "gridcode": 4, "RiskZone": 4, "RiskClass": "High", "Field1": 0}, "geometry": {"type": "Point", "coordinates": [36.8575, -1.24667]}}, {"type": "Feature", "properties": {"Join_Count": 1, "TARGET_FID": 471, "Facility_N": "Mbagathi District Hospital", "County": "Nairobi", "Division": "Kibra", "LOCATION": "Golfcourse", "Sub_Locati": null, "Latitude": -1.30793, "Longitude": 36.80317, "Type": "District Hospital", "Owner": "Ministry of Health", "Id": 35724, "gridcode": 3, "RiskZone": 3, "RiskClass": "Moderate", "Field1": 0}, "geometry": {"type": "Point", "coordinates": [36.80317, -1.30793]}}, {"type": "Feature", "properties": {"Join_Count": 1, "TARGET_FID": 472, "Facility_N": "Primed Medical Centre", "County": "Nairobi", "Division": "Kayole", "LOCATION": "Komarock", "Sub_Locati": "Komarock", "Latitude": -1.2922, "Longitude": 36.89919, "Type": "Medical Clinic", "Owner": "Private Practice - Clinical Officer", "Id": 36723, "gridcode": 5, "RiskZone": 5, "RiskClass": "Very High", "Field1": 0}, "geometry": {"type": "Point", "coordinates": [36.89919, -1.2922]}}, {"type": "Feature", "properties": {"Join_Count": 1, "TARGET_FID": 473, "Facility_N": "Eastway Medical Centre", "County": "Nairobi", "Division": "Kawagware", "LOCATION": "Kawagware", "Sub_Locati": "kawagware", "Latitude": -1.28421, "Longitude": 36.74307, "Type": "Dispensary", "Owner": "Private Enterprise (Institution)", "Id": 24206, "gridcode": 3, "RiskZone": 3, "RiskClass": "Moderate", "Field1": 0}, "geometry": {"type": "Point", "coordinates": [36.74307, -1.28421]}}, {"type": "Feature", "properties": {"Join_Count": 1, "TARGET_FID": 474, "Facility_N": "The Mater Hospital (Westlands)", "County": "Nairobi", "Division": "Parklands", "LOCATION": null, "Sub_Locati": null, "Latitude": -1.26387, "Longitude": 36.80241, "Type": "Medical Clinic", "Owner": "Private Practice - General Practitioner", "Id": 38741, "gridcode": 4, "RiskZone": 4, "RiskClass": "High", "Field1": 0}, "geometry": {"type": "Point", "coordinates": [36.80241, -1.26387]}}, {"type": "Feature", "properties": {"Join_Count": 1, "TARGET_FID": 475, "Facility_N": "Mutathamia Medical Clinic", "County": "Nairobi", "Division": null, "LOCATION": null, "Sub_Locati": null, "Latitude": -1.26974, "Longitude": 36.74576, "Type": "Medical Clinic", "Owner": "Private Enterprise (Institution)", "Id": 35724, "gridcode": 3, "RiskZone": 3, "RiskClass": "Moderate", "Field1": 0}, "geometry": {"type": "Point", "coordinates": [36.74576, -1.26974]}}, {"type": "Feature", "properties": {"Join_Count": 1, "TARGET_FID": 476, "Facility_N": "National Spinal Injury Hospital", "County": "Nairobi", "Division": "Kilimani", "LOCATION": "Kilimani", "Sub_Locati": "Kilimani", "Latitude": -1.28567, "Longitude": 36.79339, "Type": "National Referral Hospital", "Owner": "Ministry of Health", "Id": 24276, "gridcode": 2, "RiskZone": 2, "RiskClass": "Low", "Field1": 0}, "geometry": {"type": "Point", "coordinates": [36.79339, -1.28567]}}, {"type": "Feature", "properties": {"Join_Count": 1, "TARGET_FID": 477, "Facility_N": "Special Treatment Clinic", "County": "Nairobi", "Division": "City Square", "LOCATION": "City Square", "Sub_Locati": null, "Latitude": -1.27457, "Longitude": 36.83137, "Type": "Dispensary", "Owner": "Local Authority", "Id": 38741, "gridcode": 4, "RiskZone": 4, "RiskClass": "High", "Field1": 0}, "geometry": {"type": "Point", "coordinates": [36.83137, -1.27457]}}, {"type": "Feature", "properties": {"Join_Count": 1, "TARGET_FID": 478, "Facility_N": "Komarock Medical Clinic", "County": "Nairobi", "Division": "Embakasi", "LOCATION": "Kayole", "Sub_Locati": "Embakasi", "Latitude": -1.2695, "Longitude": 36.90634, "Type": "Medical Clinic", "Owner": "Private Enterprise (Institution)", "Id": 24971, "gridcode": 5, "RiskZone": 5, "RiskClass": "Very High", "Field1": 0}, "geometry": {"type": "Point", "coordinates": [36.90634, -1.2695]}}, {"type": "Feature", "properties": {"Join_Count": 1, "TARGET_FID": 479, "Facility_N": "Dr.Charles.J.R.Opondo (landmark plaza)", "County": "Nairobi", "Division": "Kilimani", "LOCATION": "Kilimani", "Sub_Locati": "Kilimani", "Latitude": -1.29477, "Longitude": 36.80531, "Type": "Medical Clinic", "Owner": "Private Practice - Medical Specialist", "Id": 35680, "gridcode": 4, "RiskZone": 4, "RiskClass": "High", "Field1": 0}, "geometry": {"type": "Point", "coordinates": [36.80531, -1.29477]}}, {"type": "Feature", "properties": {"Join_Count": 1, "TARGET_FID": 480, "Facility_N": "Kamili Organization", "County": "Nairobi", "Division": "Kitisuru", "LOCATION": "Kitisuru", "Sub_Locati": null, "Latitude": -1.23996, "Longitude": 36.74564, "Type": "Medical Clinic", "Owner": "Non-Governmental Organizations", "Id": 10857, "gridcode": 1, "RiskZone": 1, "RiskClass": "Very Low", "Field1": 0}, "geometry": {"type": "Point", "coordinates": [36.74564, -1.23996]}}, {"type": "Feature", "properties": {"Join_Count": 1, "TARGET_FID": 481, "Facility_N": "Mid-Point Health Services", "County": "Nairobi", "Division": "Kasarani", "LOCATION": "Roysambu", "Sub_Locati": "Roysambu", "Latitude": -1.20832, "Longitude": 36.87437, "Type": "Medical Clinic", "Owner": "Private Practice - General Practitioner", "Id": 4462, "gridcode": 5, "RiskZone": 5, "RiskClass": "Very High", "Field1": 0}, "geometry": {"type": "Point", "coordinates": [36.87437, -1.20832]}}, {"type": "Feature", "properties": {"Join_Count": 1, "TARGET_FID": 482, "Facility_N": "St Lukes (Kona) Health Centre", "County": "Nairobi", "Division": "Dagoretti", "LOCATION": "Riruta", "Sub_Locati": null, "Latitude": -1.2887, "Longitude": 36.7359, "Type": "Health Centre", "Owner": "Private Enterprise (Institution)", "Id": 28695, "gridcode": 4, "RiskZone": 4, "RiskClass": "High", "Field1": 0}, "geometry": {"type": "Point", "coordinates": [36.7359, -1.2887]}}, {"type": "Feature", "properties": {"Join_Count": 1, "TARGET_FID": 483, "Facility_N": "CMM Clinic", "County": "Nairobi", "Division": "Kibra", "LOCATION": "Sarang'ombe", "Sub_Locati": "Olympic", "Latitude": -1.31192, "Longitude": 36.77726, "Type": "Dispensary", "Owner": "Christian Health Association of Kenya", "Id": 35680, "gridcode": 4, "RiskZone": 4, "RiskClass": "High", "Field1": 0}, "geometry": {"type": "Point", "coordinates": [36.77726, -1.31192]}}, {"type": "Feature", "properties": {"Join_Count": 1, "TARGET_FID": 484, "Facility_N": "Eastleigh Health Centre", "County": "Nairobi", "Division": "Pumwani", "LOCATION": "Eastleigh Section I", "Sub_Locati": "Eastleigh Section I", "Latitude": -1.27175, "Longitude": 36.85087, "Type": "Health Centre", "Owner": "Local Authority", "Id": 19903, "gridcode": 5, "RiskZone": 5, "RiskClass": "Very High", "Field1": 0}, "geometry": {"type": "Point", "coordinates": [36.85087, -1.27175]}}, {"type": "Feature", "properties": {"Join_Count": 1, "TARGET_FID": 485, "Facility_N": "St John's Community Clinic Njiru", "County": "Nairobi", "Division": "Njiru", "LOCATION": "Njiru", "Sub_Locati": "Njiru", "Latitude": -1.249, "Longitude": 36.9433, "Type": "Medical Clinic", "Owner": "Non-Governmental Organizations", "Id": 14913, "gridcode": 5, "RiskZone": 5, "RiskClass": "Very High", "Field1": 0}, "geometry": {"type": "Point", "coordinates": [36.9433, -1.249]}}, {"type": "Feature", "properties": {"Join_Count": 1, "TARGET_FID": 486, "Facility_N": "Kayole Hospital", "County": "Nairobi", "Division": "Embakasi", "LOCATION": "Kayole", "Sub_Locati": "Kayole", "Latitude": -1.27015, "Longitude": 36.91825, "Type": "Other Hospital", "Owner": "Private Enterprise (Institution)", "Id": 24971, "gridcode": 5, "RiskZone": 5, "RiskClass": "Very High", "Field1": 0}, "geometry": {"type": "Point", "coordinates": [36.91825, -1.27015]}}, {"type": "Feature", "properties": {"Join_Count": 1, "TARGET_FID": 487, "Facility_N": "St Mac's Hospital", "County": "Nairobi", "Division": "Kibra", "LOCATION": "Laini Saba", "Sub_Locati": "Laini Saba", "Latitude": -1.31198, "Longitude": 36.7979, "Type": "Dispensary", "Owner": "Community", "Id": 35680, "gridcode": 4, "RiskZone": 4, "RiskClass": "High", "Field1": 0}, "geometry": {"type": "Point", "coordinates": [36.7979, -1.31198]}}, {"type": "Feature", "properties": {"Join_Count": 1, "TARGET_FID": 488, "Facility_N": "Provide International Korogocho", "County": "Nairobi", "Division": "Kasarani", "LOCATION": "Kasarani", "Sub_Locati": null, "Latitude": -1.24976, "Longitude": 36.87151, "Type": "Other Hospital", "Owner": "Other Faith Based", "Id": 38741, "gridcode": 4, "RiskZone": 4, "RiskClass": "High", "Field1": 0}, "geometry": {"type": "Point", "coordinates": [36.87151, -1.24976]}}, {"type": "Feature", "properties": {"Join_Count": 1, "TARGET_FID": 489, "Facility_N": "Swop Korogocho", "County": "Nairobi", "Division": "Roysambu", "LOCATION": "kariobangi", "Sub_Locati": "kariobangi", "Latitude": -1.25629, "Longitude": 36.88245, "Type": "VCT Centre (Stand-Alone)", "Owner": "Non-Governmental Organizations", "Id": 19495, "gridcode": 5, "RiskZone": 5, "RiskClass": "Very High", "Field1": 0}, "geometry": {"type": "Point", "coordinates": [36.88245, -1.25629]}}, {"type": "Feature", "properties": {"Join_Count": 1, "TARGET_FID": 490, "Facility_N": "Swop Outreach Project Clinic", "County": "Nairobi", "Division": "Umoja", "LOCATION": "Savannah", "Sub_Locati": "Donholm", "Latitude": -1.29736, "Longitude": 36.89413, "Type": "Medical Clinic", "Owner": "Non-Governmental Organizations", "Id": 27361, "gridcode": 4, "RiskZone": 4, "RiskClass": "High", "Field1": 0}, "geometry": {"type": "Point", "coordinates": [36.89413, -1.29736]}}, {"type": "Feature", "properties": {"Join_Count": 1, "TARGET_FID": 491, "Facility_N": "Ruai Health Centre", "County": "Nairobi", "Division": "Ruai", "LOCATION": "Ruai", "Sub_Locati": "Ruai", "Latitude": -1.22377, "Longitude": 36.78137, "Type": "Health Centre", "Owner": "Local Authority", "Id": 9492, "gridcode": 3, "RiskZone": 3, "RiskClass": "Moderate", "Field1": 0}, "geometry": {"type": "Point", "coordinates": [36.78137, -1.22377]}}, {"type": "Feature", "properties": {"Join_Count": 1, "TARGET_FID": 492, "Facility_N": "Embakasi District Medical Office", "County": "Nairobi", "Division": "Mukuru", "LOCATION": "Mukuru", "Sub_Locati": "Imara Daima", "Latitude": -1.32496, "Longitude": 36.88762, "Type": "District Health Office", "Owner": "Ministry of Health", "Id": 38741, "gridcode": 4, "RiskZone": 4, "RiskClass": "High", "Field1": 0}, "geometry": {"type": "Point", "coordinates": [36.88762, -1.32496]}}, {"type": "Feature", "properties": {"Join_Count": 1, "TARGET_FID": 493, "Facility_N": "Silanga Community Clinic", "County": "Nairobi", "Division": "Kibera", "LOCATION": "Laini Saba", "Sub_Locati": "Silanga", "Latitude": -1.31766, "Longitude": 36.7994, "Type": "Dispensary", "Owner": "Ministry of Health", "Id": 35680, "gridcode": 4, "RiskZone": 4, "RiskClass": "High", "Field1": 0}, "geometry": {"type": "Point", "coordinates": [36.7994, -1.31766]}}, {"type": "Feature", "properties": {"Join_Count": 1, "TARGET_FID": 494, "Facility_N": "Swop Thika Road", "County": "Nairobi", "Division": "Kasarani", "LOCATION": "Roysambu", "Sub_Locati": "Roysambu", "Latitude": -1.23409, "Longitude": 36.87224, "Type": "VCT Centre (Stand-Alone)", "Owner": "Non-Governmental Organizations", "Id": 38741, "gridcode": 4, "RiskZone": 4, "RiskClass": "High", "Field1": 0}, "geometry": {"type": "Point", "coordinates": [36.87224, -1.23409]}}, {"type": "Feature", "properties": {"Join_Count": 1, "TARGET_FID": 495, "Facility_N": "Biafra Medical Clinic", "County": "Nairobi", "Division": "Pumwani", "LOCATION": "Eastleigh North", "Sub_Locati": "Eastleigh North", "Latitude": -1.286837, "Longitude": 36.849544, "Type": "Dispensary", "Owner": "Private Enterprise (Institution)", "Id": 24156, "gridcode": 3, "RiskZone": 3, "RiskClass": "Moderate", "Field1": 0}, "geometry": {"type": "Point", "coordinates": [36.849544, -1.286837]}}, {"type": "Feature", "properties": {"Join_Count": 1, "TARGET_FID": 496, "Facility_N": "Githiga Midways Clinic", "County": "Kiambu", "Division": "Githunguri", "LOCATION": "Githiga", "Sub_Locati": "Githiga", "Latitude": -1.198678, "Longitude": 36.79288, "Type": "Medical Clinic", "Owner": "Private Practice - Nurse / Midwife", "Id": 2969, "gridcode": 4, "RiskZone": 4, "RiskClass": "High", "Field1": 0}, "geometry": {"type": "Point", "coordinates": [36.79288, -1.198678]}}, {"type": "Feature", "properties": {"Join_Count": 1, "TARGET_FID": 497, "Facility_N": "Dr MOHamed Clinic", "County": "Nairobi", "Division": "Makadara", "LOCATION": "Maringo", "Sub_Locati": "Maringo", "Latitude": -1.2956, "Longitude": 36.8499, "Type": "Medical Clinic", "Owner": "Private Practice - Unspecified", "Id": 26664, "gridcode": 5, "RiskZone": 5, "RiskClass": "Very High", "Field1": 0}, "geometry": {"type": "Point", "coordinates": [36.8499, -1.2956]}}, {"type": "Feature", "properties": {"Join_Count": 1, "TARGET_FID": 498, "Facility_N": "Jkia Health Centre", "County": "Nairobi", "Division": "Embakasi", "LOCATION": "Embakasi", "Sub_Locati": "Embakasi", "Latitude": -1.32882, "Longitude": 36.92517, "Type": "Health Centre", "Owner": "Ministry of Health", "Id": 36067, "gridcode": 5, "RiskZone": 5, "RiskClass": "Very High", "Field1": 0}, "geometry": {"type": "Point", "coordinates": [36.92517, -1.32882]}}, {"type": "Feature", "properties": {"Join_Count": 1, "TARGET_FID": 499, "Facility_N": "Remla Medical Clinic (Dandora)", "County": "Nairobi", "Division": "Dandora", "LOCATION": "Dandora", "Sub_Locati": "Dandora phase 4", "Latitude": -1.24282, "Longitude": 36.91198, "Type": "Medical Clinic", "Owner": "Private Practice - General Practitioner", "Id": 15284, "gridcode": 5, "RiskZone": 5, "RiskClass": "Very High", "Field1": 0}, "geometry": {"type": "Point", "coordinates": [36.91198, -1.24282]}}, {"type": "Feature", "properties": {"Join_Count": 1, "TARGET_FID": 500, "Facility_N": "Rimaal Medical Laboratory", "County": "Nairobi", "Division": "Central", "LOCATION": "Central", "Sub_Locati": "Central", "Latitude": -1.28567, "Longitude": 36.83002, "Type": "Laboratory (Stand-alone)", "Owner": "Private Practice - Unspecified", "Id": 24217, "gridcode": 5, "RiskZone": 5, "RiskClass": "Very High", "Field1": 0}, "geometry": {"type": "Point", "coordinates": [36.83002, -1.28567]}}, {"type": "Feature", "properties": {"Join_Count": 1, "TARGET_FID": 501, "Facility_N": "Strathmore University Medical Centre", "County": "Nairobi", "Division": "Lang'ata", "LOCATION": "Nairobi West", "Sub_Locati": "Nairobi West", "Latitude": -1.30968, "Longitude": 36.81349, "Type": "Medical Clinic", "Owner": "Private Enterprise (Institution)", "Id": 35680, "gridcode": 4, "RiskZone": 4, "RiskClass": "High", "Field1": 0}, "geometry": {"type": "Point", "coordinates": [36.81349, -1.30968]}}, {"type": "Feature", "properties": {"Join_Count": 1, "TARGET_FID": 502, "Facility_N": "Green Cross Medical Clinic", "County": "Nairobi", "Division": "Kibra", "LOCATION": "Laini saba", "Sub_Locati": "Silanga", "Latitude": -1.31503, "Longitude": 36.78629, "Type": "Medical Clinic", "Owner": "Private Practice - Clinical Officer", "Id": 35680, "gridcode": 4, "RiskZone": 4, "RiskClass": "High", "Field1": 0}, "geometry": {"type": "Point", "coordinates": [36.78629, -1.31503]}}, {"type": "Feature", "properties": {"Join_Count": 1, "TARGET_FID": 503, "Facility_N": "Rafiki Medical Clinic (Westlands)", "County": "Nairobi", "Division": "Kangemi", "LOCATION": "Kangemi", "Sub_Locati": null, "Latitude": -1.27168, "Longitude": 36.74506, "Type": "Medical Clinic", "Owner": "Private Practice - Unspecified", "Id": 35724, "gridcode": 3, "RiskZone": 3, "RiskClass": "Moderate", "Field1": 0}, "geometry": {"type": "Point", "coordinates": [36.74506, -1.27168]}}, {"type": "Feature", "properties": {"Join_Count": 1, "TARGET_FID": 504, "Facility_N": "Kenya Institute of Special Education Dispensary", "County": "Nairobi", "Division": "Kasarani", "LOCATION": "Kasarani", "Sub_Locati": "Kasarani", "Latitude": -1.22762, "Longitude": 36.89548, "Type": "Dispensary", "Owner": "Academic (if registered)", "Id": 7559, "gridcode": 3, "RiskZone": 3, "RiskClass": "Moderate", "Field1": 0}, "geometry": {"type": "Point", "coordinates": [36.89548, -1.22762]}}, {"type": "Feature", "properties": {"Join_Count": 1, "TARGET_FID": 505, "Facility_N": "St Raphael's Clinic", "County": "Nairobi", "Division": "Embakasi", "LOCATION": "Kayole", "Sub_Locati": "Mihang'o", "Latitude": -1.27078, "Longitude": 36.94896, "Type": "Dispensary", "Owner": "Kenya Episcopal Conference-Catholic Secretariat", "Id": 38741, "gridcode": 4, "RiskZone": 4, "RiskClass": "High", "Field1": 0}, "geometry": {"type": "Point", "coordinates": [36.94896, -1.27078]}}, {"type": "Feature", "properties": {"Join_Count": 1, "TARGET_FID": 506, "Facility_N": "KEMRI/CDC Health Services", "County": "Nairobi", "Division": "Kariokor", "LOCATION": "Mathare", "Sub_Locati": "Mathare", "Latitude": -1.261, "Longitude": 36.8489, "Type": "Medical Centre", "Owner": "Non-Governmental Organizations", "Id": 35724, "gridcode": 3, "RiskZone": 3, "RiskClass": "Moderate", "Field1": 0}, "geometry": {"type": "Point", "coordinates": [36.8489, -1.261]}}, {"type": "Feature", "properties": {"Join_Count": 1, "TARGET_FID": 507, "Facility_N": "Maranatha Medical Services", "County": "Nairobi", "Division": "Kibra", "LOCATION": "Kibra", "Sub_Locati": "Lindi", "Latitude": -1.31286, "Longitude": 36.78947, "Type": "Medical Clinic", "Owner": "Private Practice - General Practitioner", "Id": 35724, "gridcode": 3, "RiskZone": 3, "RiskClass": "Moderate", "Field1": 0}, "geometry": {"type": "Point", "coordinates": [36.78947, -1.31286]}}, {"type": "Feature", "properties": {"Join_Count": 1, "TARGET_FID": 508, "Facility_N": "Meridian Medical Centre (Loita Street)", "County": "Nairobi", "Division": "Central", "LOCATION": "Central", "Sub_Locati": "Central", "Latitude": -1.28362, "Longitude": 36.81762, "Type": "Medical Clinic", "Owner": "Private Practice - General Practitioner", "Id": 35724, "gridcode": 3, "RiskZone": 3, "RiskClass": "Moderate", "Field1": 0}, "geometry": {"type": "Point", "coordinates": [36.81762, -1.28362]}}, {"type": "Feature", "properties": {"Join_Count": 1, "TARGET_FID": 509, "Facility_N": "Kasarani Medical Health Centre", "County": "Nairobi", "Division": "Kasarani", "LOCATION": "Kasarani", "Sub_Locati": "near hunters", "Latitude": -1.22429, "Longitude": 36.9046, "Type": "Health Centre", "Owner": "Private Enterprise (Institution)", "Id": 38741, "gridcode": 4, "RiskZone": 4, "RiskClass": "High", "Field1": 0}, "geometry": {"type": "Point", "coordinates": [36.9046, -1.22429]}}, {"type": "Feature", "properties": {"Join_Count": 1, "TARGET_FID": 510, "Facility_N": "Aga Khan Greenspam Medical Centre", "County": "Nairobi", "Division": "Umoja", "LOCATION": "Savanna", "Sub_Locati": "Savanna", "Latitude": -1.29923, "Longitude": 36.90131, "Type": "Medical Clinic", "Owner": "Private Practice - Unspecified", "Id": 27557, "gridcode": 2, "RiskZone": 2, "RiskClass": "Low", "Field1": 0}, "geometry": {"type": "Point", "coordinates": [36.90131, -1.29923]}}, {"type": "Feature", "properties": {"Join_Count": 1, "TARGET_FID": 511, "Facility_N": "Sam-link medical centre", "County": "Nairobi", "Division": "Kasarani", "LOCATION": "Kasarani", "Sub_Locati": "kasarani", "Latitude": -1.21722, "Longitude": 36.90329, "Type": "Medical Clinic", "Owner": "Private Practice - Clinical Officer", "Id": 38741, "gridcode": 4, "RiskZone": 4, "RiskClass": "High", "Field1": 0}, "geometry": {"type": "Point", "coordinates": [36.90329, -1.21722]}}, {"type": "Feature", "properties": {"Join_Count": 1, "TARGET_FID": 512, "Facility_N": "Marura Nursing Home", "County": "Nairobi", "Division": "Kasarani", "LOCATION": "Ruaraka", "Sub_Locati": "utalii", "Latitude": -1.24875, "Longitude": 36.871, "Type": "Nursing Home", "Owner": "Private Enterprise (Institution)", "Id": 38741, "gridcode": 4, "RiskZone": 4, "RiskClass": "High", "Field1": 0}, "geometry": {"type": "Point", "coordinates": [36.871, -1.24875]}}, {"type": "Feature", "properties": {"Join_Count": 1, "TARGET_FID": 513, "Facility_N": "St Ann's Clinic", "County": "Nairobi", "Division": "Embakasi", "LOCATION": "Kayole", "Sub_Locati": "Embakasi", "Latitude": -1.26843, "Longitude": 36.9211, "Type": "Medical Clinic", "Owner": "Private Enterprise (Institution)", "Id": 24971, "gridcode": 5, "RiskZone": 5, "RiskClass": "Very High", "Field1": 0}, "geometry": {"type": "Point", "coordinates": [36.9211, -1.26843]}}, {"type": "Feature", "properties": {"Join_Count": 1, "TARGET_FID": 514, "Facility_N": "Maximum medical centre", "County": "Nairobi", "Division": "kasarani", "LOCATION": "kasarani", "Sub_Locati": "maji mazuri", "Latitude": -1.23067, "Longitude": 36.92666, "Type": "Medical Clinic", "Owner": "Private Practice - Unspecified", "Id": 10701, "gridcode": 5, "RiskZone": 5, "RiskClass": "Very High", "Field1": 0}, "geometry": {"type": "Point", "coordinates": [36.92666, -1.23067]}}, {"type": "Feature", "properties": {"Join_Count": 1, "TARGET_FID": 515, "Facility_N": "Medisafe Medical Labaratoty", "County": "Nairobi", "Division": "central", "LOCATION": "Central", "Sub_Locati": "Central", "Latitude": -1.28499, "Longitude": 36.82707, "Type": "Laboratory (Stand-alone)", "Owner": "Private Practice - General Practitioner", "Id": 24217, "gridcode": 5, "RiskZone": 5, "RiskClass": "Very High", "Field1": 0}, "geometry": {"type": "Point", "coordinates": [36.82707, -1.28499]}}, {"type": "Feature", "properties": {"Join_Count": 1, "TARGET_FID": 516, "Facility_N": "Dr Kishor J D Medical Centre", "County": "Nairobi", "Division": "Central", "LOCATION": "Central", "Sub_Locati": "Central", "Latitude": -1.28333, "Longitude": 36.82674, "Type": "Medical Clinic", "Owner": "Private Practice - General Practitioner", "Id": 38741, "gridcode": 4, "RiskZone": 4, "RiskClass": "High", "Field1": 0}, "geometry": {"type": "Point", "coordinates": [36.82674, -1.28333]}}, {"type": "Feature", "properties": {"Join_Count": 1, "TARGET_FID": 517, "Facility_N": "EDARP Komarock Health Centre", "County": "Nairobi", "Division": "Kayole", "LOCATION": "Komarock", "Sub_Locati": "Komarock", "Latitude": -1.26329, "Longitude": 36.91206, "Type": "Medical Clinic", "Owner": "Kenya Episcopal Conference-Catholic Secretariat", "Id": 17228, "gridcode": 4, "RiskZone": 4, "RiskClass": "High", "Field1": 0}, "geometry": {"type": "Point", "coordinates": [36.91206, -1.26329]}}, {"type": "Feature", "properties": {"Join_Count": 1, "TARGET_FID": 518, "Facility_N": "Melchezedek Hospital", "County": "Nairobi", "Division": "Dagoretti", "LOCATION": "Kawangware", "Sub_Locati": null, "Latitude": -1.27974, "Longitude": 36.7554, "Type": "Other Hospital", "Owner": "Private Enterprise (Institution)", "Id": 25441, "gridcode": 4, "RiskZone": 4, "RiskClass": "High", "Field1": 0}, "geometry": {"type": "Point", "coordinates": [36.7554, -1.27974]}}, {"type": "Feature", "properties": {"Join_Count": 1, "TARGET_FID": 519, "Facility_N": "St Jude's Health Centre", "County": "Nairobi", "Division": "Dagoretti", "LOCATION": "Kawangware", "Sub_Locati": null, "Latitude": -1.29065, "Longitude": 36.75233, "Type": "Health Centre", "Owner": "Private Enterprise (Institution)", "Id": 25024, "gridcode": 2, "RiskZone": 2, "RiskClass": "Low", "Field1": 0}, "geometry": {"type": "Point", "coordinates": [36.75233, -1.29065]}}, {"type": "Feature", "properties": {"Join_Count": 1, "TARGET_FID": 520, "Facility_N": "Jamaa Mission Hospital", "County": "Nairobi", "Division": "Makadara", "LOCATION": "Makadara", "Sub_Locati": "Harambee", "Latitude": -1.28186, "Longitude": 36.87333, "Type": "Other Hospital", "Owner": "Kenya Episcopal Conference-Catholic Secretariat", "Id": 36723, "gridcode": 5, "RiskZone": 5, "RiskClass": "Very High", "Field1": 0}, "geometry": {"type": "Point", "coordinates": [36.87333, -1.28186]}}, {"type": "Feature", "properties": {"Join_Count": 1, "TARGET_FID": 521, "Facility_N": "New Riruta Medical Clinic", "County": "Nairobi", "Division": "Kawagware", "LOCATION": "Kawagware", "Sub_Locati": "kawagware", "Latitude": -1.23736, "Longitude": 36.74483, "Type": "Dispensary", "Owner": "Private Enterprise (Institution)", "Id": 10330, "gridcode": 1, "RiskZone": 1, "RiskClass": "Very Low", "Field1": 0}, "geometry": {"type": "Point", "coordinates": [36.74483, -1.23736]}}, {"type": "Feature", "properties": {"Join_Count": 1, "TARGET_FID": 522, "Facility_N": "Frepals Community Nursing Home", "County": "Nairobi", "Division": "Kibra", "LOCATION": "Laini Saba", "Sub_Locati": "Mashimoni", "Latitude": -1.31166, "Longitude": 36.79314, "Type": "Maternity Home", "Owner": "Non-Governmental Organizations", "Id": 31857, "gridcode": 5, "RiskZone": 5, "RiskClass": "Very High", "Field1": 0}, "geometry": {"type": "Point", "coordinates": [36.79314, -1.31166]}}, {"type": "Feature", "properties": {"Join_Count": 1, "TARGET_FID": 523, "Facility_N": "Diwopa Health Centre", "County": "Nairobi", "Division": "Embakasi", "LOCATION": "Kayole", "Sub_Locati": "Kayole", "Latitude": -1.26945, "Longitude": 36.91425, "Type": "Health Centre", "Owner": "Kenya Episcopal Conference-Catholic Secretariat", "Id": 38741, "gridcode": 4, "RiskZone": 4, "RiskClass": "High", "Field1": 0}, "geometry": {"type": "Point", "coordinates": [36.91425, -1.26945]}}, {"type": "Feature", "properties": {"Join_Count": 1, "TARGET_FID": 524, "Facility_N": "Jamii Medical Hospital", "County": "Nairobi", "Division": "Kasarani", "LOCATION": "Githurai", "Sub_Locati": null, "Latitude": -1.25236, "Longitude": 36.8823, "Type": "Other Hospital", "Owner": "Private Enterprise (Institution)", "Id": 19495, "gridcode": 5, "RiskZone": 5, "RiskClass": "Very High", "Field1": 0}, "geometry": {"type": "Point", "coordinates": [36.8823, -1.25236]}}, {"type": "Feature", "properties": {"Join_Count": 1, "TARGET_FID": 525, "Facility_N": "Karen Health Centre", "County": "Nairobi", "Division": "Lang'ata", "LOCATION": "Karen", "Sub_Locati": "Karen", "Latitude": -1.32092, "Longitude": 36.70595, "Type": "Dispensary", "Owner": "Local Authority", "Id": 44680, "gridcode": 2, "RiskZone": 2, "RiskClass": "Low", "Field1": 0}, "geometry": {"type": "Point", "coordinates": [36.70595, -1.32092]}}, {"type": "Feature", "properties": {"Join_Count": 1, "TARGET_FID": 526, "Facility_N": "St John Hospital", "County": "Nairobi", "Division": "Roysambu", "LOCATION": "Roysambu", "Sub_Locati": null, "Latitude": -1.20244, "Longitude": 36.9038, "Type": "Other Hospital", "Owner": "Private Enterprise (Institution)", "Id": 5009, "gridcode": 5, "RiskZone": 5, "RiskClass": "Very High", "Field1": 0}, "geometry": {"type": "Point", "coordinates": [36.9038, -1.20244]}}, {"type": "Feature", "properties": {"Join_Count": 1, "TARGET_FID": 527, "Facility_N": "Crescent Medical Aid (Pangani)", "County": "Nairobi", "Division": "Starehe", "LOCATION": "Kariokor", "Sub_Locati": "Pangani", "Latitude": -1.26636, "Longitude": 36.83801, "Type": "Medical Clinic", "Owner": "Non-Governmental Organizations", "Id": 18199, "gridcode": 3, "RiskZone": 3, "RiskClass": "Moderate", "Field1": 0}, "geometry": {"type": "Point", "coordinates": [36.83801, -1.26636]}}, {"type": "Feature", "properties": {"Join_Count": 1, "TARGET_FID": 528, "Facility_N": "Communal Oriented Service International Centre", "County": "Nairobi", "Division": "Embakasi", "LOCATION": "Embakasi", "Sub_Locati": "Tassia", "Latitude": -1.3092, "Longitude": 36.8932, "Type": "Health Centre", "Owner": "Private Practice - General Practitioner", "Id": 38741, "gridcode": 4, "RiskZone": 4, "RiskClass": "High", "Field1": 0}, "geometry": {"type": "Point", "coordinates": [36.8932, -1.3092]}}, {"type": "Feature", "properties": {"Join_Count": 1, "TARGET_FID": 529, "Facility_N": "Maria Maternity and Nursing Home", "County": "Nairobi", "Division": "Embakasi", "LOCATION": "Kayole", "Sub_Locati": "Kayole", "Latitude": -1.26843, "Longitude": 36.9211, "Type": "Maternity Home", "Owner": "Private Practice - General Practitioner", "Id": 24971, "gridcode": 5, "RiskZone": 5, "RiskClass": "Very High", "Field1": 0}, "geometry": {"type": "Point", "coordinates": [36.9211, -1.26843]}}, {"type": "Feature", "properties": {"Join_Count": 1, "TARGET_FID": 530, "Facility_N": "Mathare 3A (EDARP)", "County": "Nairobi", "Division": "Central", "LOCATION": "Mathare", "Sub_Locati": null, "Latitude": -1.26038, "Longitude": 36.8476, "Type": "VCT Centre (Stand-Alone)", "Owner": "Kenya Episcopal Conference-Catholic Secretariat", "Id": 16020, "gridcode": 1, "RiskZone": 1, "RiskClass": "Very Low", "Field1": 0}, "geometry": {"type": "Point", "coordinates": [36.8476, -1.26038]}}, {"type": "Feature", "properties": {"Join_Count": 1, "TARGET_FID": 531, "Facility_N": "Eagle Health Care Solution", "County": "Nairobi", "Division": "Kangemi", "LOCATION": null, "Sub_Locati": null, "Latitude": -1.26663, "Longitude": 36.74867, "Type": "Medical Clinic", "Owner": "Private Practice - Nurse / Midwife", "Id": 35724, "gridcode": 3, "RiskZone": 3, "RiskClass": "Moderate", "Field1": 0}, "geometry": {"type": "Point", "coordinates": [36.74867, -1.26663]}}, {"type": "Feature", "properties": {"Join_Count": 1, "TARGET_FID": 532, "Facility_N": "Hono Clinic", "County": "Nairobi", "Division": "Makadara", "LOCATION": "Jericho- Lumumba", "Sub_Locati": "Lumumba", "Latitude": -1.28675, "Longitude": 36.87106, "Type": "Dispensary", "Owner": "Local Authority", "Id": 38741, "gridcode": 4, "RiskZone": 4, "RiskClass": "High", "Field1": 0}, "geometry": {"type": "Point", "coordinates": [36.87106, -1.28675]}}, {"type": "Feature", "properties": {"Join_Count": 1, "TARGET_FID": 533, "Facility_N": "Crescent Medical Aid (Jamia Towers)", "County": "Nairobi", "Division": "Central", "LOCATION": "Central", "Sub_Locati": "Central", "Latitude": -1.283, "Longitude": 36.82069, "Type": "Dispensary", "Owner": "Supreme Council for Kenya Muslims", "Id": 23155, "gridcode": 5, "RiskZone": 5, "RiskClass": "Very High", "Field1": 0}, "geometry": {"type": "Point", "coordinates": [36.82069, -1.283]}}, {"type": "Feature", "properties": {"Join_Count": 1, "TARGET_FID": 534, "Facility_N": "St Teresa's Health Centre (Nairobi North)", "County": "Nairobi", "Division": "Eastleign South", "LOCATION": "Eastleigh Section Iii", "Sub_Locati": null, "Latitude": -1.27085, "Longitude": 36.847, "Type": "Health Centre", "Owner": "Private Enterprise (Institution)", "Id": 38741, "gridcode": 4, "RiskZone": 4, "RiskClass": "High", "Field1": 0}, "geometry": {"type": "Point", "coordinates": [36.847, -1.27085]}}, {"type": "Feature", "properties": {"Join_Count": 1, "TARGET_FID": 535, "Facility_N": "AAR Kariobangi Clinic", "County": "Nairobi", "Division": "Kasarani", "LOCATION": "Kasarani", "Sub_Locati": null, "Latitude": -1.23625, "Longitude": 36.96017, "Type": "Medical Clinic", "Owner": "Private Enterprise (Institution)", "Id": 38741, "gridcode": 4, "RiskZone": 4, "RiskClass": "High", "Field1": 0}, "geometry": {"type": "Point", "coordinates": [36.96017, -1.23625]}}, {"type": "Feature", "properties": {"Join_Count": 1, "TARGET_FID": 536, "Facility_N": "Kamiti Maximum Clinic", "County": "Nairobi", "Division": "Kasarani", "LOCATION": "Kahawa", "Sub_Locati": "Kahawa", "Latitude": -1.17768, "Longitude": 36.89448, "Type": "Medical Clinic", "Owner": "Ministry of Health", "Id": 1159, "gridcode": 5, "RiskZone": 5, "RiskClass": "Very High", "Field1": 0}, "geometry": {"type": "Point", "coordinates": [36.89448, -1.17768]}}, {"type": "Feature", "properties": {"Join_Count": 1, "TARGET_FID": 537, "Facility_N": "Samaritan Medical Services (Dandora)", "County": "Nairobi", "Division": "Njiru", "LOCATION": "Dandora", "Sub_Locati": "Dandora", "Latitude": -1.24241, "Longitude": 36.912, "Type": "Nursing Home", "Owner": "Non-Governmental Organizations", "Id": 15284, "gridcode": 5, "RiskZone": 5, "RiskClass": "Very High", "Field1": 0}, "geometry": {"type": "Point", "coordinates": [36.912, -1.24241]}}, {"type": "Feature", "properties": {"Join_Count": 1, "TARGET_FID": 538, "Facility_N": "Lumumba Medical Clinic", "County": "Nairobi", "Division": "Makadara", "LOCATION": "Lumumba", "Sub_Locati": "Lumumba", "Latitude": -1.29209, "Longitude": 36.87041, "Type": "Medical Clinic", "Owner": "Private Practice - Clinical Officer", "Id": 36723, "gridcode": 5, "RiskZone": 5, "RiskClass": "Very High", "Field1": 0}, "geometry": {"type": "Point", "coordinates": [36.87041, -1.29209]}}, {"type": "Feature", "properties": {"Join_Count": 1, "TARGET_FID": 539, "Facility_N": "Springs of Life Lutheran Dispensary", "County": "Nairobi", "Division": "Kibra", "LOCATION": "Sarang'ombe", "Sub_Locati": "Olympic", "Latitude": -1.31089, "Longitude": 36.77941, "Type": "Dispensary", "Owner": "Christian Health Association of Kenya", "Id": 35680, "gridcode": 4, "RiskZone": 4, "RiskClass": "High", "Field1": 0}, "geometry": {"type": "Point", "coordinates": [36.77941, -1.31089]}}, {"type": "Feature", "properties": {"Join_Count": 1, "TARGET_FID": 540, "Facility_N": "Makadara Mercy Sisters Dispensary", "County": "Nairobi", "Division": "Makadara", "LOCATION": "Makadara", "Sub_Locati": "Lumumba/Jericho", "Latitude": -1.29105, "Longitude": 36.861, "Type": "Medical Clinic", "Owner": "Kenya Episcopal Conference-Catholic Secretariat", "Id": 38741, "gridcode": 4, "RiskZone": 4, "RiskClass": "High", "Field1": 0}, "geometry": {"type": "Point", "coordinates": [36.861, -1.29105]}}, {"type": "Feature", "properties": {"Join_Count": 1, "TARGET_FID": 541, "Facility_N": "Nairobi Women Hospital Eastleigh", "County": "Nairobi", "Division": null, "LOCATION": null, "Sub_Locati": null, "Latitude": -1.26905, "Longitude": 36.84987, "Type": "Health Centre", "Owner": "Private Enterprise (Institution)", "Id": 38741, "gridcode": 4, "RiskZone": 4, "RiskClass": "High", "Field1": 0}, "geometry": {"type": "Point", "coordinates": [36.84987, -1.26905]}}, {"type": "Feature", "properties": {"Join_Count": 1, "TARGET_FID": 542, "Facility_N": "St Joseph's Dispensary (Dagoretti)", "County": "Nairobi", "Division": "Dagoretti", "LOCATION": "Riruta", "Sub_Locati": null, "Latitude": -1.30268, "Longitude": 36.74152, "Type": "Dispensary", "Owner": "Kenya Episcopal Conference-Catholic Secretariat", "Id": 29242, "gridcode": 2, "RiskZone": 2, "RiskClass": "Low", "Field1": 0}, "geometry": {"type": "Point", "coordinates": [36.74152, -1.30268]}}, {"type": "Feature", "properties": {"Join_Count": 1, "TARGET_FID": 543, "Facility_N": "Kayole I Health Centre", "County": "Nairobi", "Division": "Embakasi", "LOCATION": "Kayole", "Sub_Locati": "Kayole", "Latitude": -1.26407, "Longitude": 36.9187, "Type": "Health Centre", "Owner": "Local Authority", "Id": 24971, "gridcode": 5, "RiskZone": 5, "RiskClass": "Very High", "Field1": 0}, "geometry": {"type": "Point", "coordinates": [36.9187, -1.26407]}}, {"type": "Feature", "properties": {"Join_Count": 1, "TARGET_FID": 544, "Facility_N": "Dreams Centre Dispensary (Langata)", "County": "Nairobi", "Division": "Lang'ata", "LOCATION": "Lang'ata", "Sub_Locati": "Lang'ata", "Latitude": -1.34111, "Longitude": 36.75437, "Type": "Dispensary", "Owner": "Kenya Episcopal Conference-Catholic Secretariat", "Id": 49638, "gridcode": 3, "RiskZone": 3, "RiskClass": "Moderate", "Field1": 0}, "geometry": {"type": "Point", "coordinates": [36.75437, -1.34111]}}, {"type": "Feature", "properties": {"Join_Count": 1, "TARGET_FID": 545, "Facility_N": "Piemu Medical Health Centre", "County": "Nairobi", "Division": "Kasarani", "LOCATION": "Ruaraka", "Sub_Locati": null, "Latitude": -1.20244, "Longitude": 36.9038, "Type": "Medical Clinic", "Owner": "Private Practice - Unspecified", "Id": 5009, "gridcode": 5, "RiskZone": 5, "RiskClass": "Very High", "Field1": 0}, "geometry": {"type": "Point", "coordinates": [36.9038, -1.20244]}}, {"type": "Feature", "properties": {"Join_Count": 1, "TARGET_FID": 546, "Facility_N": "Patanisho Maternity and Nursing Home", "County": "Nairobi", "Division": "Embakasi", "LOCATION": "Kayole", "Sub_Locati": "Embakasi", "Latitude": -1.27926, "Longitude": 36.90937, "Type": "Nursing Home", "Owner": "Private Enterprise (Institution)", "Id": 38741, "gridcode": 4, "RiskZone": 4, "RiskClass": "High", "Field1": 0}, "geometry": {"type": "Point", "coordinates": [36.90937, -1.27926]}}, {"type": "Feature", "properties": {"Join_Count": 1, "TARGET_FID": 547, "Facility_N": "Karma Dispensary", "County": "Nairobi", "Division": "Kasarani", "LOCATION": "Ruaraka", "Sub_Locati": null, "Latitude": -1.25236, "Longitude": 36.8823, "Type": "Dispensary", "Owner": "Private Enterprise (Institution)", "Id": 19495, "gridcode": 5, "RiskZone": 5, "RiskClass": "Very High", "Field1": 0}, "geometry": {"type": "Point", "coordinates": [36.8823, -1.25236]}}, {"type": "Feature", "properties": {"Join_Count": 1, "TARGET_FID": 548, "Facility_N": "St Maurice Medical Services", "County": "Nairobi", "Division": "Umoja", "LOCATION": "Umoja", "Sub_Locati": "Umoja Two", "Latitude": -1.28193, "Longitude": 36.90218, "Type": "Medical Clinic", "Owner": "Private Practice - Nurse / Midwife", "Id": 38741, "gridcode": 4, "RiskZone": 4, "RiskClass": "High", "Field1": 0}, "geometry": {"type": "Point", "coordinates": [36.90218, -1.28193]}}, {"type": "Feature", "properties": {"Join_Count": 1, "TARGET_FID": 549, "Facility_N": "Huruma Lions Dispensary", "County": "Nairobi", "Division": "Starehe", "LOCATION": "Huruma", "Sub_Locati": "Kia Maiko", "Latitude": -1.26085, "Longitude": 36.86703, "Type": "Dispensary", "Owner": "Local Authority", "Id": 38741, "gridcode": 4, "RiskZone": 4, "RiskClass": "High", "Field1": 0}, "geometry": {"type": "Point", "coordinates": [36.86703, -1.26085]}}, {"type": "Feature", "properties": {"Join_Count": 1, "TARGET_FID": 550, "Facility_N": "Child Doctor Kenya", "County": "Nairobi", "Division": "Woodly", "LOCATION": "Woodly", "Sub_Locati": "Golf Course", "Latitude": -1.30233, "Longitude": 36.78908, "Type": "Dispensary", "Owner": "Private Enterprise (Institution)", "Id": 28342, "gridcode": 5, "RiskZone": 5, "RiskClass": "Very High", "Field1": 0}, "geometry": {"type": "Point", "coordinates": [36.78908, -1.30233]}}, {"type": "Feature", "properties": {"Join_Count": 1, "TARGET_FID": 551, "Facility_N": "Lad Nan Hospital", "County": "Nairobi", "Division": "Kariokor", "LOCATION": "Kariokor", "Sub_Locati": "Pangani", "Latitude": -1.26986, "Longitude": 36.84082, "Type": "Other Hospital", "Owner": "Private Enterprise (Institution)", "Id": 19364, "gridcode": 4, "RiskZone": 4, "RiskClass": "High", "Field1": 0}, "geometry": {"type": "Point", "coordinates": [36.84082, -1.26986]}}, {"type": "Feature", "properties": {"Join_Count": 1, "TARGET_FID": 552, "Facility_N": "St Michael Community Nursing Home", "County": "Nairobi", "Division": "Kasarani", "LOCATION": "kahawa", "Sub_Locati": "kahawa", "Latitude": -1.18332, "Longitude": 36.90372, "Type": "Medical Clinic", "Owner": "Private Practice - General Practitioner", "Id": 2244, "gridcode": 5, "RiskZone": 5, "RiskClass": "Very High", "Field1": 0}, "geometry": {"type": "Point", "coordinates": [36.90372, -1.18332]}}, {"type": "Feature", "properties": {"Join_Count": 1, "TARGET_FID": 553, "Facility_N": "Dandora (EDARP) Clinic", "County": "Nairobi", "Division": "Dandora", "LOCATION": "Dandora", "Sub_Locati": "Dandora", "Latitude": -1.25734, "Longitude": 36.89614, "Type": "Medical Clinic", "Owner": "Kenya Episcopal Conference-Catholic Secretariat", "Id": 36723, "gridcode": 5, "RiskZone": 5, "RiskClass": "Very High", "Field1": 0}, "geometry": {"type": "Point", "coordinates": [36.89614, -1.25734]}}, {"type": "Feature", "properties": {"Join_Count": 1, "TARGET_FID": 554, "Facility_N": "Starehe Boys Centre School Clinic", "County": "Nairobi", "Division": "Kariokor", "LOCATION": "Kariokor", "Sub_Locati": "Kariokor", "Latitude": -1.28038, "Longitude": 36.83936, "Type": "Medical Clinic", "Owner": "Academic (if registered)", "Id": 38741, "gridcode": 4, "RiskZone": 4, "RiskClass": "High", "Field1": 0}, "geometry": {"type": "Point", "coordinates": [36.83936, -1.28038]}}, {"type": "Feature", "properties": {"Join_Count": 1, "TARGET_FID": 555, "Facility_N": "Rural Aid VCT", "County": "Nairobi", "Division": "Central", "LOCATION": "Central Business District", "Sub_Locati": null, "Latitude": -1.2852, "Longitude": 36.821, "Type": "VCT Centre (Stand-Alone)", "Owner": "Community", "Id": 23926, "gridcode": 2, "RiskZone": 2, "RiskClass": "Low", "Field1": 0}, "geometry": {"type": "Point", "coordinates": [36.821, -1.2852]}}, {"type": "Feature", "properties": {"Join_Count": 1, "TARGET_FID": 556, "Facility_N": "Post Bank Staff Clinic", "County": "Nairobi", "Division": "Central", "LOCATION": "City Cenre", "Sub_Locati": "CBD", "Latitude": -1.28454, "Longitude": 36.82141, "Type": "Medical Clinic", "Owner": "Private Practice - General Practitioner", "Id": 23304, "gridcode": 1, "RiskZone": 1, "RiskClass": "Very Low", "Field1": 0}, "geometry": {"type": "Point", "coordinates": [36.82141, -1.28454]}}, {"type": "Feature", "properties": {"Join_Count": 1, "TARGET_FID": 557, "Facility_N": "Maria Dominica Dispensary", "County": "Nairobi", "Division": "Lang'ata", "LOCATION": "Karen", "Sub_Locati": "Karen", "Latitude": -1.35882, "Longitude": 36.72276, "Type": "Dispensary", "Owner": "Kenya Episcopal Conference-Catholic Secretariat", "Id": 40653, "gridcode": 3, "RiskZone": 3, "RiskClass": "Moderate", "Field1": 0}, "geometry": {"type": "Point", "coordinates": [36.72276, -1.35882]}}, {"type": "Feature", "properties": {"Join_Count": 1, "TARGET_FID": 558, "Facility_N": "Nairobi Womens Hospital (Hurlingham)", "County": "Nairobi", "Division": "Kilimani", "LOCATION": "Kilimani", "Sub_Locati": "Hurlingham", "Latitude": -1.29391, "Longitude": 36.79631, "Type": "Other Hospital", "Owner": "Private Enterprise (Institution)", "Id": 35680, "gridcode": 4, "RiskZone": 4, "RiskClass": "High", "Field1": 0}, "geometry": {"type": "Point", "coordinates": [36.79631, -1.29391]}}, {"type": "Feature", "properties": {"Join_Count": 1, "TARGET_FID": 559, "Facility_N": "Coptic Medical Clinic", "County": "Nairobi", "Division": "Viwandani", "LOCATION": "Viwandani", "Sub_Locati": "Landi Mawe", "Latitude": -1.30837, "Longitude": 36.86298, "Type": "Medical Clinic", "Owner": "Christian Health Association of Kenya", "Id": 36723, "gridcode": 5, "RiskZone": 5, "RiskClass": "Very High", "Field1": 0}, "geometry": {"type": "Point", "coordinates": [36.86298, -1.30837]}}, {"type": "Feature", "properties": {"Join_Count": 1, "TARGET_FID": 560, "Facility_N": "Dr George Munene Medical Clinic", "County": "Nairobi", "Division": "Central", "LOCATION": "Central", "Sub_Locati": "Central", "Latitude": -1.2823, "Longitude": 36.81619, "Type": "Medical Clinic", "Owner": "Private Practice - General Practitioner", "Id": 35724, "gridcode": 3, "RiskZone": 3, "RiskClass": "Moderate", "Field1": 0}, "geometry": {"type": "Point", "coordinates": [36.81619, -1.2823]}}, {"type": "Feature", "properties": {"Join_Count": 1, "TARGET_FID": 561, "Facility_N": "Scion Healthcare Ltd Clinic", "County": "Nairobi", "Division": "Mukuru", "LOCATION": "Kwa Njenga", "Sub_Locati": "Kwa Njenga", "Latitude": -1.32805, "Longitude": 36.89217, "Type": "Medical Clinic", "Owner": "Private Practice - Unspecified", "Id": 34497, "gridcode": 3, "RiskZone": 3, "RiskClass": "Moderate", "Field1": 0}, "geometry": {"type": "Point", "coordinates": [36.89217, -1.32805]}}, {"type": "Feature", "properties": {"Join_Count": 1, "TARGET_FID": 562, "Facility_N": "Imenti Medical Centre", "County": "Nairobi", "Division": "Central", "LOCATION": "Central", "Sub_Locati": "Central", "Latitude": -1.28369, "Longitude": 36.82665, "Type": "Medical Clinic", "Owner": "Private Practice - Unspecified", "Id": 38741, "gridcode": 4, "RiskZone": 4, "RiskClass": "High", "Field1": 0}, "geometry": {"type": "Point", "coordinates": [36.82665, -1.28369]}}, {"type": "Feature", "properties": {"Join_Count": 1, "TARGET_FID": 563, "Facility_N": "Blue House Dispensary", "County": "Nairobi", "Division": "Eastleigh North", "LOCATION": "Eastleigh Section I", "Sub_Locati": null, "Latitude": -1.26632, "Longitude": 36.85339, "Type": "Dispensary", "Owner": "Non-Governmental Organizations", "Id": 18754, "gridcode": 5, "RiskZone": 5, "RiskClass": "Very High", "Field1": 0}, "geometry": {"type": "Point", "coordinates": [36.85339, -1.26632]}}, {"type": "Feature", "properties": {"Join_Count": 1, "TARGET_FID": 564, "Facility_N": "Corban Health Care", "County": "Nairobi", "Division": "Umoja", "LOCATION": "Umoja", "Sub_Locati": "Tena", "Latitude": -1.28796, "Longitude": 36.89144, "Type": "Health Centre", "Owner": "Private Practice - Nurse / Midwife", "Id": 24193, "gridcode": 5, "RiskZone": 5, "RiskClass": "Very High", "Field1": 0}, "geometry": {"type": "Point", "coordinates": [36.89144, -1.28796]}}, {"type": "Feature", "properties": {"Join_Count": 1, "TARGET_FID": 565, "Facility_N": "Nairobi Eye Associates", "County": "Nairobi", "Division": "Central", "LOCATION": "Central", "Sub_Locati": "Central", "Latitude": -1.28498, "Longitude": 36.8233, "Type": "Eye Centre", "Owner": "Private Practice - Unspecified", "Id": 23583, "gridcode": 1, "RiskZone": 1, "RiskClass": "Very Low", "Field1": 0}, "geometry": {"type": "Point", "coordinates": [36.8233, -1.28498]}}, {"type": "Feature", "properties": {"Join_Count": 1, "TARGET_FID": 566, "Facility_N": "Liverpool VCT", "County": "Nairobi", "Division": "Kilimani", "LOCATION": "Kilimani", "Sub_Locati": null, "Latitude": -1.29435, "Longitude": 36.79262, "Type": "VCT Centre (Stand-Alone)", "Owner": "Non-Governmental Organizations", "Id": 35680, "gridcode": 4, "RiskZone": 4, "RiskClass": "High", "Field1": 0}, "geometry": {"type": "Point", "coordinates": [36.79262, -1.29435]}}, {"type": "Feature", "properties": {"Join_Count": 1, "TARGET_FID": 567, "Facility_N": "Horeb Medical Clinic ( Hunters)", "County": "Nairobi", "Division": "Kasarani", "LOCATION": "kasarani", "Sub_Locati": "kasarani", "Latitude": -1.22518, "Longitude": 36.91965, "Type": "Medical Clinic", "Owner": "Private Practice - General Practitioner", "Id": 38741, "gridcode": 4, "RiskZone": 4, "RiskClass": "High", "Field1": 0}, "geometry": {"type": "Point", "coordinates": [36.91965, -1.22518]}}, {"type": "Feature", "properties": {"Join_Count": 1, "TARGET_FID": 568, "Facility_N": "Nimoli Medical Centre", "County": "Nairobi", "Division": "Kasarani", "LOCATION": "Ruaraka", "Sub_Locati": null, "Latitude": -1.22429, "Longitude": 36.9046, "Type": "Dispensary", "Owner": "Private Enterprise (Institution)", "Id": 38741, "gridcode": 4, "RiskZone": 4, "RiskClass": "High", "Field1": 0}, "geometry": {"type": "Point", "coordinates": [36.9046, -1.22429]}}, {"type": "Feature", "properties": {"Join_Count": 1, "TARGET_FID": 569, "Facility_N": "Nuru Lutheran Media Ministry", "County": "Nairobi", "Division": "Golf Course", "LOCATION": "Woodley", "Sub_Locati": "Woodley", "Latitude": -1.3016, "Longitude": 36.75867, "Type": "VCT Centre (Stand-Alone)", "Owner": "Other Faith Based", "Id": 28247, "gridcode": 5, "RiskZone": 5, "RiskClass": "Very High", "Field1": 0}, "geometry": {"type": "Point", "coordinates": [36.75867, -1.3016]}}, {"type": "Feature", "properties": {"Join_Count": 1, "TARGET_FID": 570, "Facility_N": "The Savannah Health Services Ltd", "County": "Nairobi", "Division": "Central", "LOCATION": "City Centre", "Sub_Locati": "Central", "Latitude": -1.28445, "Longitude": 36.82136, "Type": "Medical Centre", "Owner": "Private Practice - General Practitioner", "Id": 23304, "gridcode": 1, "RiskZone": 1, "RiskClass": "Very Low", "Field1": 0}, "geometry": {"type": "Point", "coordinates": [36.82136, -1.28445]}}, {"type": "Feature", "properties": {"Join_Count": 1, "TARGET_FID": 571, "Facility_N": "St Jude's Huruma Community Health Services", "County": "Nairobi", "Division": "Huruma", "LOCATION": "Huruma", "Sub_Locati": "Huruma", "Latitude": -1.26174, "Longitude": 36.87765, "Type": "Medical Clinic", "Owner": "Private Practice - Unspecified", "Id": 38741, "gridcode": 4, "RiskZone": 4, "RiskClass": "High", "Field1": 0}, "geometry": {"type": "Point", "coordinates": [36.87765, -1.26174]}}, {"type": "Feature", "properties": {"Join_Count": 1, "TARGET_FID": 572, "Facility_N": "Makadara Health Centre", "County": "Nairobi", "Division": "Makadara", "LOCATION": "Makadara", "Sub_Locati": "Makadara", "Latitude": -1.29665, "Longitude": 36.87281, "Type": "Health Centre", "Owner": "Ministry of Health", "Id": 36723, "gridcode": 5, "RiskZone": 5, "RiskClass": "Very High", "Field1": 0}, "geometry": {"type": "Point", "coordinates": [36.87281, -1.29665]}}, {"type": "Feature", "properties": {"Join_Count": 1, "TARGET_FID": 573, "Facility_N": "Ray of Hope Health Centre", "County": "Nairobi", "Division": "Dagoretti", "LOCATION": "Kawangware", "Sub_Locati": null, "Latitude": -1.27974, "Longitude": 36.7414, "Type": "Health Centre", "Owner": "Private Enterprise (Institution)", "Id": 25441, "gridcode": 4, "RiskZone": 4, "RiskClass": "High", "Field1": 0}, "geometry": {"type": "Point", "coordinates": [36.7414, -1.27974]}}, {"type": "Feature", "properties": {"Join_Count": 1, "TARGET_FID": 574, "Facility_N": "Rainbow Clinic", "County": "Nairobi", "Division": "Lang'ata", "LOCATION": "Nairobi West", "Sub_Locati": "Nairobi West", "Latitude": -1.30813, "Longitude": 36.82359, "Type": "Medical Clinic", "Owner": "Private Enterprise (Institution)", "Id": 31188, "gridcode": 5, "RiskZone": 5, "RiskClass": "Very High", "Field1": 0}, "geometry": {"type": "Point", "coordinates": [36.82359, -1.30813]}}, {"type": "Feature", "properties": {"Join_Count": 1, "TARGET_FID": 575, "Facility_N": "Crescent Medical Aid Murang'a Road", "County": "Nairobi", "Division": "Starehe", "LOCATION": "Starehe", "Sub_Locati": "City Square", "Latitude": -1.2852, "Longitude": 36.821, "Type": "Medical Clinic", "Owner": "Non-Governmental Organizations", "Id": 23926, "gridcode": 2, "RiskZone": 2, "RiskClass": "Low", "Field1": 0}, "geometry": {"type": "Point", "coordinates": [36.821, -1.2852]}}, {"type": "Feature", "properties": {"Join_Count": 1, "TARGET_FID": 576, "Facility_N": "Moi Air Base Hospital", "County": "Nairobi", "Division": "Eastleigh North", "LOCATION": "Eastleigh Section I", "Sub_Locati": null, "Latitude": -1.28988, "Longitude": 36.85073, "Type": "Other Hospital", "Owner": "Ministry of Health", "Id": 36723, "gridcode": 5, "RiskZone": 5, "RiskClass": "Very High", "Field1": 0}, "geometry": {"type": "Point", "coordinates": [36.85073, -1.28988]}}, {"type": "Feature", "properties": {"Join_Count": 1, "TARGET_FID": 577, "Facility_N": "St Thomas Medical Clinic", "County": "Nairobi", "Division": "Umoja", "LOCATION": "Umoja", "Sub_Locati": "Umoja", "Latitude": -1.2879, "Longitude": 36.88149, "Type": "Health Centre", "Owner": "Private Practice - General Practitioner", "Id": 26062, "gridcode": 4, "RiskZone": 4, "RiskClass": "High", "Field1": 0}, "geometry": {"type": "Point", "coordinates": [36.88149, -1.2879]}}, {"type": "Feature", "properties": {"Join_Count": 1, "TARGET_FID": 578, "Facility_N": "Embakasi Health Centre", "County": "Nairobi", "Division": "Embakasi", "LOCATION": "Embakasi", "Sub_Locati": "Embakasi", "Latitude": -1.30618, "Longitude": 36.91472, "Type": "Health Centre", "Owner": "Local Authority", "Id": 38741, "gridcode": 4, "RiskZone": 4, "RiskClass": "High", "Field1": 0}, "geometry": {"type": "Point", "coordinates": [36.91472, -1.30618]}}, {"type": "Feature", "properties": {"Join_Count": 1, "TARGET_FID": 579, "Facility_N": "Unity Health Care", "County": "Nairobi", "Division": "Kasarani", "LOCATION": "Kahawa", "Sub_Locati": "Kahawa", "Latitude": -1.18535, "Longitude": 36.90368, "Type": "Medical Clinic", "Owner": "Private Practice - General Practitioner", "Id": 2244, "gridcode": 5, "RiskZone": 5, "RiskClass": "Very High", "Field1": 0}, "geometry": {"type": "Point", "coordinates": [36.90368, -1.18535]}}, {"type": "Feature", "properties": {"Join_Count": 1, "TARGET_FID": 580, "Facility_N": "Kibera South (Msf Belgium) Health Centre", "County": "Nairobi", "Division": "Kibra", "LOCATION": "Kibera", "Sub_Locati": "Lindi", "Latitude": -1.315311, "Longitude": 36.789084, "Type": "Health Centre", "Owner": "Non-Governmental Organizations", "Id": 35680, "gridcode": 4, "RiskZone": 4, "RiskClass": "High", "Field1": 0}, "geometry": {"type": "Point", "coordinates": [36.789084, -1.315311]}}, {"type": "Feature", "properties": {"Join_Count": 1, "TARGET_FID": 581, "Facility_N": "Tusker Dental Laboratory Services & Laboratory", "County": "Nairobi", "Division": "Central", "LOCATION": "Central", "Sub_Locati": "Central", "Latitude": -1.28566, "Longitude": 36.82811, "Type": "Dental Clinic", "Owner": "Private Practice - Unspecified", "Id": 24217, "gridcode": 5, "RiskZone": 5, "RiskClass": "Very High", "Field1": 0}, "geometry": {"type": "Point", "coordinates": [36.82811, -1.28566]}}, {"type": "Feature", "properties": {"Join_Count": 1, "TARGET_FID": 582, "Facility_N": "KTTID Dispensary", "County": "Nairobi", "Division": "Langata", "LOCATION": "Karen", "Sub_Locati": "Karen", "Latitude": -1.33004, "Longitude": 36.71683, "Type": "Dispensary", "Owner": "Ministry of Health", "Id": 36305, "gridcode": 3, "RiskZone": 3, "RiskClass": "Moderate", "Field1": 0}, "geometry": {"type": "Point", "coordinates": [36.71683, -1.33004]}}, {"type": "Feature", "properties": {"Join_Count": 1, "TARGET_FID": 583, "Facility_N": "Utawala Estate Health Centre", "County": "Nairobi", "Division": "Embakasi", "LOCATION": "Utawala", "Sub_Locati": "Utawala", "Latitude": -1.28893, "Longitude": 36.97437, "Type": "Health Centre", "Owner": "Private Practice - Clinical Officer", "Id": 38741, "gridcode": 4, "RiskZone": 4, "RiskClass": "High", "Field1": 0}, "geometry": {"type": "Point", "coordinates": [36.97437, -1.28893]}}, {"type": "Feature", "properties": {"Join_Count": 1, "TARGET_FID": 584, "Facility_N": "Medical and Dental Clinic", "County": "Nairobi", "Division": "Lang'ata", "LOCATION": "Karen", "Sub_Locati": "Karen", "Latitude": -1.32338, "Longitude": 36.70712, "Type": "Medical Clinic", "Owner": "Private Practice - Medical Specialist", "Id": 44680, "gridcode": 2, "RiskZone": 2, "RiskClass": "Low", "Field1": 0}, "geometry": {"type": "Point", "coordinates": [36.70712, -1.32338]}}, {"type": "Feature", "properties": {"Join_Count": 1, "TARGET_FID": 585, "Facility_N": "VIPS Health Servises", "County": "Nairobi", "Division": "Woodley", "LOCATION": "Woodley", "Sub_Locati": "Golf Course", "Latitude": -1.30233, "Longitude": 36.78908, "Type": "Dispensary", "Owner": "Private Enterprise (Institution)", "Id": 28342, "gridcode": 5, "RiskZone": 5, "RiskClass": "Very High", "Field1": 0}, "geometry": {"type": "Point", "coordinates": [36.78908, -1.30233]}}, {"type": "Feature", "properties": {"Join_Count": 1, "TARGET_FID": 586, "Facility_N": "Mundoro Medical Clinic Dandora", "County": "Nairobi", "Division": "Dandora", "LOCATION": "Dandora", "Sub_Locati": "Dandora", "Latitude": -1.24978, "Longitude": 36.90119, "Type": "Medical Clinic", "Owner": "Private Enterprise (Institution)", "Id": 38741, "gridcode": 4, "RiskZone": 4, "RiskClass": "High", "Field1": 0}, "geometry": {"type": "Point", "coordinates": [36.90119, -1.24978]}}, {"type": "Feature", "properties": {"Join_Count": 1, "TARGET_FID": 587, "Facility_N": "United States International University VCT", "County": "Nairobi", "Division": "Roysambu", "LOCATION": "Roysambu", "Sub_Locati": "Roysambu", "Latitude": -1.2182, "Longitude": 36.87986, "Type": "VCT Centre (Stand-Alone)", "Owner": "Private Practice - Unspecified", "Id": 38741, "gridcode": 4, "RiskZone": 4, "RiskClass": "High", "Field1": 0}, "geometry": {"type": "Point", "coordinates": [36.87986, -1.2182]}}, {"type": "Feature", "properties": {"Join_Count": 1, "TARGET_FID": 588, "Facility_N": "Meridian Equator Hospital", "County": "Nairobi", "Division": "Lang'ata", "LOCATION": "Nairobi West", "Sub_Locati": "Nairobi West", "Latitude": -1.30801, "Longitude": 36.82421, "Type": "Other Hospital", "Owner": "Private Enterprise (Institution)", "Id": 38741, "gridcode": 4, "RiskZone": 4, "RiskClass": "High", "Field1": 0}, "geometry": {"type": "Point", "coordinates": [36.82421, -1.30801]}}, {"type": "Feature", "properties": {"Join_Count": 1, "TARGET_FID": 589, "Facility_N": "Connections Medical Clinic", "County": "Nairobi", "Division": "Embakasi", "LOCATION": "Embakasi", "Sub_Locati": "Embakasi", "Latitude": -1.32007, "Longitude": 36.90011, "Type": "Medical Clinic", "Owner": "Private Practice - Unspecified", "Id": 33271, "gridcode": 5, "RiskZone": 5, "RiskClass": "Very High", "Field1": 0}, "geometry": {"type": "Point", "coordinates": [36.90011, -1.32007]}}, {"type": "Feature", "properties": {"Join_Count": 1, "TARGET_FID": 590, "Facility_N": "Swop Clinic", "County": "Nairobi", "Division": "Central", "LOCATION": "Central", "Sub_Locati": "Central", "Latitude": -1.28086, "Longitude": 36.82379, "Type": "Medical Clinic", "Owner": "Non-Governmental Organizations", "Id": 22439, "gridcode": 5, "RiskZone": 5, "RiskClass": "Very High", "Field1": 0}, "geometry": {"type": "Point", "coordinates": [36.82379, -1.28086]}}, {"type": "Feature", "properties": {"Join_Count": 1, "TARGET_FID": 591, "Facility_N": "Abby Clinic", "County": "Nairobi", "Division": "Kangemi", "LOCATION": null, "Sub_Locati": null, "Latitude": -1.26379, "Longitude": 36.74795, "Type": "Medical Clinic", "Owner": "Private Enterprise (Institution)", "Id": 35724, "gridcode": 3, "RiskZone": 3, "RiskClass": "Moderate", "Field1": 0}, "geometry": {"type": "Point", "coordinates": [36.74795, -1.26379]}}, {"type": "Feature", "properties": {"Join_Count": 1, "TARGET_FID": 592, "Facility_N": "Uthiru Muthua Dispensary", "County": "Nairobi", "Division": "Waithaka", "LOCATION": "Uthiru", "Sub_Locati": null, "Latitude": -1.2687, "Longitude": 36.71831, "Type": "Dispensary", "Owner": "Ministry of Health", "Id": 50181, "gridcode": 2, "RiskZone": 2, "RiskClass": "Low", "Field1": 0}, "geometry": {"type": "Point", "coordinates": [36.71831, -1.2687]}}, {"type": "Feature", "properties": {"Join_Count": 1, "TARGET_FID": 593, "Facility_N": "Upendo Medical Centre (Githurai 44)", "County": "Nairobi", "Division": "Kasarani", "LOCATION": "Githurai", "Sub_Locati": "Githurai", "Latitude": -1.23512, "Longitude": 36.93402, "Type": "Medical Clinic", "Owner": "Private Practice - General Practitioner", "Id": 9648, "gridcode": 4, "RiskZone": 4, "RiskClass": "High", "Field1": 0}, "geometry": {"type": "Point", "coordinates": [36.93402, -1.23512]}}, {"type": "Feature", "properties": {"Join_Count": 1, "TARGET_FID": 594, "Facility_N": "Iom Wellness Clinic", "County": "Nairobi", "Division": "Eastleigh North", "LOCATION": "Eastleigh North", "Sub_Locati": "Eastleigh", "Latitude": -1.27681, "Longitude": 36.85287, "Type": "Medical Clinic", "Owner": "Non-Governmental Organizations", "Id": 21636, "gridcode": 3, "RiskZone": 3, "RiskClass": "Moderate", "Field1": 0}, "geometry": {"type": "Point", "coordinates": [36.85287, -1.27681]}}, {"type": "Feature", "properties": {"Join_Count": 1, "TARGET_FID": 595, "Facility_N": "Kemsa Staff Clinic", "County": "Nairobi", "Division": "Viwandani", "LOCATION": "Landi Mawe", "Sub_Locati": "Landi Mawe", "Latitude": -1.29625, "Longitude": 36.83188, "Type": "Dispensary", "Owner": "Ministry of Health", "Id": 38741, "gridcode": 4, "RiskZone": 4, "RiskClass": "High", "Field1": 0}, "geometry": {"type": "Point", "coordinates": [36.83188, -1.29625]}}, {"type": "Feature", "properties": {"Join_Count": 1, "TARGET_FID": 596, "Facility_N": "AAR Health Care", "County": "Nairobi", "Division": "Embakasi", "LOCATION": "Embakasi", "Sub_Locati": "Tassia", "Latitude": -1.30954, "Longitude": 36.9124, "Type": "Health Centre", "Owner": "Private Practice - Medical Specialist", "Id": 33722, "gridcode": 5, "RiskZone": 5, "RiskClass": "Very High", "Field1": 0}, "geometry": {"type": "Point", "coordinates": [36.9124, -1.30954]}}, {"type": "Feature", "properties": {"Join_Count": 1, "TARGET_FID": 597, "Facility_N": "Acacia Medical Centre (Nairobi)", "County": "Nairobi", "Division": "Central", "LOCATION": "Central", "Sub_Locati": "Central", "Latitude": -1.28443, "Longitude": 36.82113, "Type": "Medical Clinic", "Owner": "Private Practice - General Practitioner", "Id": 23926, "gridcode": 2, "RiskZone": 2, "RiskClass": "Low", "Field1": 0}, "geometry": {"type": "Point", "coordinates": [36.82113, -1.28443]}}, {"type": "Feature", "properties": {"Join_Count": 1, "TARGET_FID": 598, "Facility_N": "Kinmed Medical Clinic (Dandora)", "County": "Nairobi", "Division": "Dandora", "LOCATION": "Dandora", "Sub_Locati": "Dandora 41", "Latitude": -1.24813, "Longitude": 36.90359, "Type": "Medical Clinic", "Owner": "Private Practice - General Practitioner", "Id": 38741, "gridcode": 4, "RiskZone": 4, "RiskClass": "High", "Field1": 0}, "geometry": {"type": "Point", "coordinates": [36.90359, -1.24813]}}, {"type": "Feature", "properties": {"Join_Count": 1, "TARGET_FID": 599, "Facility_N": "Royal Clinic-Kibera", "County": "Nairobi", "Division": "Kibra", "LOCATION": "Kibera", "Sub_Locati": "Lindi", "Latitude": -1.31595, "Longitude": 36.79406, "Type": "Medical Clinic", "Owner": "Private Practice - Nurse / Midwife", "Id": 35680, "gridcode": 4, "RiskZone": 4, "RiskClass": "High", "Field1": 0}, "geometry": {"type": "Point", "coordinates": [36.79406, -1.31595]}}, {"type": "Feature", "properties": {"Join_Count": 1, "TARGET_FID": 600, "Facility_N": "Kibera CFW Clinic", "County": "Nairobi", "Division": "Kibra", "LOCATION": "Sarang'ombe", "Sub_Locati": "Olympic", "Latitude": -1.313201, "Longitude": 36.77858, "Type": "Medical Clinic", "Owner": "Private Enterprise (Institution)", "Id": 35724, "gridcode": 3, "RiskZone": 3, "RiskClass": "Moderate", "Field1": 0}, "geometry": {"type": "Point", "coordinates": [36.77858, -1.313201]}}, {"type": "Feature", "properties": {"Join_Count": 1, "TARGET_FID": 601, "Facility_N": "St James Medical Centre", "County": "Nairobi", "Division": "Roysambu", "LOCATION": "Ruaraka", "Sub_Locati": "Jagwani", "Latitude": -1.25502, "Longitude": 36.86656, "Type": "Medical Clinic", "Owner": "Private Practice - General Practitioner", "Id": 19495, "gridcode": 5, "RiskZone": 5, "RiskClass": "Very High", "Field1": 0}, "geometry": {"type": "Point", "coordinates": [36.86656, -1.25502]}}, {"type": "Feature", "properties": {"Join_Count": 1, "TARGET_FID": 602, "Facility_N": "Reuben Mukuru Health Centre", "County": "Nairobi", "Division": "Mukurui", "LOCATION": "Imara Daima", "Sub_Locati": "Imara Daima", "Latitude": -1.31601, "Longitude": 36.86947, "Type": "Health Centre", "Owner": "Kenya Episcopal Conference-Catholic Secretariat", "Id": 36723, "gridcode": 5, "RiskZone": 5, "RiskClass": "Very High", "Field1": 0}, "geometry": {"type": "Point", "coordinates": [36.86947, -1.31601]}}, {"type": "Feature", "properties": {"Join_Count": 1, "TARGET_FID": 603, "Facility_N": "Family Dental Care (Ayany)", "County": "Nairobi", "Division": "Kibra", "LOCATION": "Sarang'ombe", "Sub_Locati": "Kianda", "Latitude": -1.31037, "Longitude": 36.77395, "Type": "Medical Clinic", "Owner": "Private Practice - Medical Specialist", "Id": 35680, "gridcode": 4, "RiskZone": 4, "RiskClass": "High", "Field1": 0}, "geometry": {"type": "Point", "coordinates": [36.77395, -1.31037]}}, {"type": "Feature", "properties": {"Join_Count": 1, "TARGET_FID": 604, "Facility_N": "Kings Cross Medical Clinic", "County": "Nairobi", "Division": "Kayole", "LOCATION": "Kayole", "Sub_Locati": "Kayole", "Latitude": -1.27666, "Longitude": 36.9165, "Type": "Medical Clinic", "Owner": "Private Practice - Nurse / Midwife", "Id": 38741, "gridcode": 4, "RiskZone": 4, "RiskClass": "High", "Field1": 0}, "geometry": {"type": "Point", "coordinates": [36.9165, -1.27666]}}, {"type": "Feature", "properties": {"Join_Count": 1, "TARGET_FID": 605, "Facility_N": "St. Odilia's Dispensary", "County": "Nairobi", "Division": "Lang'ata", "LOCATION": "Karen", "Sub_Locati": "Karen", "Latitude": -1.31064, "Longitude": 36.6911, "Type": "Dispensary", "Owner": "Kenya Episcopal Conference-Catholic Secretariat", "Id": 41556, "gridcode": 1, "RiskZone": 1, "RiskClass": "Very Low", "Field1": 0}, "geometry": {"type": "Point", "coordinates": [36.6911, -1.31064]}}, {"type": "Feature", "properties": {"Join_Count": 1, "TARGET_FID": 606, "Facility_N": "Mercy Mission Health Centre", "County": "Nairobi", "Division": "Dagoretti", "LOCATION": "Kawangware", "Sub_Locati": null, "Latitude": -1.2824, "Longitude": 36.75028, "Type": "Health Centre", "Owner": "Other Faith Based", "Id": 22782, "gridcode": 3, "RiskZone": 3, "RiskClass": "Moderate", "Field1": 0}, "geometry": {"type": "Point", "coordinates": [36.75028, -1.2824]}}, {"type": "Feature", "properties": {"Join_Count": 1, "TARGET_FID": 607, "Facility_N": "Gatwekera B(Olympic)", "County": "Nairobi", "Division": "Kibra", "LOCATION": "Olympic", "Sub_Locati": "Sarangombe", "Latitude": -1.31359, "Longitude": 36.96353, "Type": "Dispensary", "Owner": "Ministry of Health", "Id": 34171, "gridcode": 2, "RiskZone": 2, "RiskClass": "Low", "Field1": 0}, "geometry": {"type": "Point", "coordinates": [36.96353, -1.31359]}}, {"type": "Feature", "properties": {"Join_Count": 1, "TARGET_FID": 608, "Facility_N": "Makina Clinic", "County": "Nairobi", "Division": "Kibra", "LOCATION": "Kibera", "Sub_Locati": "Makina", "Latitude": -1.30868, "Longitude": 36.78485, "Type": "Dispensary", "Owner": "Community", "Id": 30020, "gridcode": 3, "RiskZone": 3, "RiskClass": "Moderate", "Field1": 0}, "geometry": {"type": "Point", "coordinates": [36.78485, -1.30868]}}, {"type": "Feature", "properties": {"Join_Count": 1, "TARGET_FID": 609, "Facility_N": "Kenyatta National Hospital", "County": "Nairobi", "Division": "Kibra", "LOCATION": "Golfcourse", "Sub_Locati": null, "Latitude": -1.30088, "Longitude": 36.80734, "Type": "National Referral Hospital", "Owner": "Ministry of Health", "Id": 27989, "gridcode": 1, "RiskZone": 1, "RiskClass": "Very Low", "Field1": 0}, "geometry": {"type": "Point", "coordinates": [36.80734, -1.30088]}}, {"type": "Feature", "properties": {"Join_Count": 1, "TARGET_FID": 610, "Facility_N": "Abraham Memorial Nursing Home (Westlands)", "County": "Nairobi", "Division": "Kangemi", "LOCATION": "Kangemi", "Sub_Locati": "kangemi", "Latitude": -1.26735, "Longitude": 36.75793, "Type": "Maternity Home", "Owner": "Private Enterprise (Institution)", "Id": 18191, "gridcode": 5, "RiskZone": 5, "RiskClass": "Very High", "Field1": 0}, "geometry": {"type": "Point", "coordinates": [36.75793, -1.26735]}}, {"type": "Feature", "properties": {"Join_Count": 1, "TARGET_FID": 611, "Facility_N": "Odeon Medical Centre (Nairobi)", "County": "Nairobi", "Division": "central", "LOCATION": "Central", "Sub_Locati": "Central", "Latitude": -1.2829, "Longitude": 36.8249, "Type": "Medical Clinic", "Owner": "Private Practice - General Practitioner", "Id": 38741, "gridcode": 4, "RiskZone": 4, "RiskClass": "High", "Field1": 0}, "geometry": {"type": "Point", "coordinates": [36.8249, -1.2829]}}, {"type": "Feature", "properties": {"Join_Count": 1, "TARGET_FID": 612, "Facility_N": "Makogeni Clinic", "County": "Nairobi", "Division": "Makadara", "LOCATION": "Viwandani", "Sub_Locati": "Viwandani", "Latitude": -1.29394, "Longitude": 36.84754, "Type": "Dispensary", "Owner": "Local Authority", "Id": 26123, "gridcode": 3, "RiskZone": 3, "RiskClass": "Moderate", "Field1": 0}, "geometry": {"type": "Point", "coordinates": [36.84754, -1.29394]}}, {"type": "Feature", "properties": {"Join_Count": 1, "TARGET_FID": 613, "Facility_N": "Cidi Mukuru Clinic", "County": "Nairobi", "Division": "Embakasi", "LOCATION": "Mukuru", "Sub_Locati": "Kwa Njenga", "Latitude": -1.31503, "Longitude": 36.89093, "Type": "Medical Clinic", "Owner": "Other Faith Based", "Id": 36723, "gridcode": 5, "RiskZone": 5, "RiskClass": "Very High", "Field1": 0}, "geometry": {"type": "Point", "coordinates": [36.89093, -1.31503]}}, {"type": "Feature", "properties": {"Join_Count": 1, "TARGET_FID": 614, "Facility_N": "Clinix Health Care", "County": "Nairobi", "Division": "Lang'ata", "LOCATION": "Nairobi West", "Sub_Locati": "Nairobi West", "Latitude": -1.30688, "Longitude": 36.82578, "Type": "Medical Clinic", "Owner": "Private Practice - Unspecified", "Id": 29743, "gridcode": 5, "RiskZone": 5, "RiskClass": "Very High", "Field1": 0}, "geometry": {"type": "Point", "coordinates": [36.82578, -1.30688]}}, {"type": "Feature", "properties": {"Join_Count": 1, "TARGET_FID": 615, "Facility_N": "The Karen Hospital", "County": "Nairobi", "Division": "Lang'ata", "LOCATION": "Karen", "Sub_Locati": "Karen", "Latitude": -1.33687, "Longitude": 36.72589, "Type": "Other Hospital", "Owner": "Private Enterprise (Institution)", "Id": 36397, "gridcode": 4, "RiskZone": 4, "RiskClass": "High", "Field1": 0}, "geometry": {"type": "Point", "coordinates": [36.72589, -1.33687]}}, {"type": "Feature", "properties": {"Join_Count": 1, "TARGET_FID": 616, "Facility_N": "Rays International Clinic Kariobangi", "County": "Nairobi", "Division": "Kariobangi", "LOCATION": "Kariobangi South", "Sub_Locati": "Kariobangi South", "Latitude": -1.26584, "Longitude": 36.88161, "Type": "Medical Clinic", "Owner": "Community", "Id": 38741, "gridcode": 4, "RiskZone": 4, "RiskClass": "High", "Field1": 0}, "geometry": {"type": "Point", "coordinates": [36.88161, -1.26584]}}, {"type": "Feature", "properties": {"Join_Count": 1, "TARGET_FID": 617, "Facility_N": "Church Army Medical Clinic", "County": "Nairobi", "Division": "Makadara", "LOCATION": "Makongeni", "Sub_Locati": "Makongeni", "Latitude": -1.2946, "Longitude": 36.85477, "Type": "Medical Clinic", "Owner": "Christian Health Association of Kenya", "Id": 26277, "gridcode": 3, "RiskZone": 3, "RiskClass": "Moderate", "Field1": 0}, "geometry": {"type": "Point", "coordinates": [36.85477, -1.2946]}}, {"type": "Feature", "properties": {"Join_Count": 1, "TARGET_FID": 618, "Facility_N": "Eyeclinic (Nairobi)", "County": "Nairobi", "Division": "central", "LOCATION": "Central", "Sub_Locati": "Central", "Latitude": -1.28481, "Longitude": 36.8182, "Type": "Eye Clinic", "Owner": "Private Practice - Unspecified", "Id": 35724, "gridcode": 3, "RiskZone": 3, "RiskClass": "Moderate", "Field1": 0}, "geometry": {"type": "Point", "coordinates": [36.8182, -1.28481]}}, {"type": "Feature", "properties": {"Join_Count": 1, "TARGET_FID": 619, "Facility_N": "Shree Cutchhi Leva Samaj Medical Clinic", "County": "Nairobi", "Division": "Lang'ata", "LOCATION": "Nairobi West", "Sub_Locati": "Nairobi West", "Latitude": -1.3101, "Longitude": 36.82421, "Type": "Medical Clinic", "Owner": "Non-Governmental Organizations", "Id": 38741, "gridcode": 4, "RiskZone": 4, "RiskClass": "High", "Field1": 0}, "geometry": {"type": "Point", "coordinates": [36.82421, -1.3101]}}, {"type": "Feature", "properties": {"Join_Count": 1, "TARGET_FID": 620, "Facility_N": "SACODEN VCT Center", "County": "Nairobi", "Division": "Kibra", "LOCATION": "Kibra", "Sub_Locati": "Makina", "Latitude": -1.30941, "Longitude": 36.78181, "Type": "Medical Clinic", "Owner": "Non-Governmental Organizations", "Id": 35680, "gridcode": 4, "RiskZone": 4, "RiskClass": "High", "Field1": 0}, "geometry": {"type": "Point", "coordinates": [36.78181, -1.30941]}}, {"type": "Feature", "properties": {"Join_Count": 1, "TARGET_FID": 621, "Facility_N": "Githurai Medical Dispensary", "County": "Nairobi", "Division": "Kasarani", "LOCATION": "Githurai", "Sub_Locati": null, "Latitude": -1.20244, "Longitude": 36.9038, "Type": "Dispensary", "Owner": "Private Enterprise (Institution)", "Id": 5009, "gridcode": 5, "RiskZone": 5, "RiskClass": "Very High", "Field1": 0}, "geometry": {"type": "Point", "coordinates": [36.9038, -1.20244]}}, {"type": "Feature", "properties": {"Join_Count": 1, "TARGET_FID": 622, "Facility_N": "Bahati Clinic", "County": "Nairobi", "Division": "Pumwani", "LOCATION": "Bahati", "Sub_Locati": "Bahati", "Latitude": -1.29039, "Longitude": 36.8594, "Type": "Dispensary", "Owner": "Local Authority", "Id": 38741, "gridcode": 4, "RiskZone": 4, "RiskClass": "High", "Field1": 0}, "geometry": {"type": "Point", "coordinates": [36.8594, -1.29039]}}, {"type": "Feature", "properties": {"Join_Count": 1, "TARGET_FID": 623, "Facility_N": "Social Service League (Nairobi )", "County": "Nairobi", "Division": "Central", "LOCATION": "Central", "Sub_Locati": "Central", "Latitude": -1.28575, "Longitude": 36.82878, "Type": "Dispensary", "Owner": "Private Enterprise (Institution)", "Id": 24217, "gridcode": 5, "RiskZone": 5, "RiskClass": "Very High", "Field1": 0}, "geometry": {"type": "Point", "coordinates": [36.82878, -1.28575]}}, {"type": "Feature", "properties": {"Join_Count": 1, "TARGET_FID": 624, "Facility_N": "The Co-Operative University College of Kenya Dispe", "County": "Nairobi", "Division": "Lang'ata", "LOCATION": "Lang'ata", "Sub_Locati": "Hardy", "Latitude": -1.36643, "Longitude": 36.72909, "Type": "Dispensary", "Owner": "Parastatal", "Id": 50181, "gridcode": 2, "RiskZone": 2, "RiskClass": "Low", "Field1": 0}, "geometry": {"type": "Point", "coordinates": [36.72909, -1.36643]}}, {"type": "Feature", "properties": {"Join_Count": 1, "TARGET_FID": 625, "Facility_N": "Mugumo Medical", "County": "Nairobi", "Division": "Kasarani", "LOCATION": "kasarani", "Sub_Locati": "kasarani", "Latitude": -1.22525, "Longitude": 36.92297, "Type": "Medical Clinic", "Owner": "Private Practice - General Practitioner", "Id": 38741, "gridcode": 4, "RiskZone": 4, "RiskClass": "High", "Field1": 0}, "geometry": {"type": "Point", "coordinates": [36.92297, -1.22525]}}, {"type": "Feature", "properties": {"Join_Count": 1, "TARGET_FID": 626, "Facility_N": "Innercore Medical Clinic", "County": "Nairobi", "Division": "Umoja", "LOCATION": "Umoja", "Sub_Locati": "Umoja One", "Latitude": -1.28259, "Longitude": 36.88761, "Type": "Medical Clinic", "Owner": "Private Practice - Unspecified", "Id": 36723, "gridcode": 5, "RiskZone": 5, "RiskClass": "Very High", "Field1": 0}, "geometry": {"type": "Point", "coordinates": [36.88761, -1.28259]}}, {"type": "Feature", "properties": {"Join_Count": 1, "TARGET_FID": 627, "Facility_N": "Dr Maina Ruga Medical Clinic", "County": "Nairobi", "Division": "City Centre", "LOCATION": "City Cenre", "Sub_Locati": "Central", "Latitude": -1.27461, "Longitude": 36.83143, "Type": "Medical Clinic", "Owner": "Private Practice - General Practitioner", "Id": 38741, "gridcode": 4, "RiskZone": 4, "RiskClass": "High", "Field1": 0}, "geometry": {"type": "Point", "coordinates": [36.83143, -1.27461]}}, {"type": "Feature", "properties": {"Join_Count": 1, "TARGET_FID": 628, "Facility_N": "Pentapharm Limited", "County": "Nairobi", "Division": "City Centre", "LOCATION": "City Cenre", "Sub_Locati": "CBD", "Latitude": -1.28489, "Longitude": 36.82406, "Type": "Medical Centre", "Owner": "Private Practice - General Practitioner", "Id": 23583, "gridcode": 1, "RiskZone": 1, "RiskClass": "Very Low", "Field1": 0}, "geometry": {"type": "Point", "coordinates": [36.82406, -1.28489]}}, {"type": "Feature", "properties": {"Join_Count": 1, "TARGET_FID": 629, "Facility_N": "Gertrudes Childrens Hospital", "County": "Nairobi", "Division": "Karura", "LOCATION": "Muthaiga", "Sub_Locati": null, "Latitude": -1.25546, "Longitude": 36.831973, "Type": "Other Hospital", "Owner": "Private Enterprise (Institution)", "Id": 35724, "gridcode": 3, "RiskZone": 3, "RiskClass": "Moderate", "Field1": 0}, "geometry": {"type": "Point", "coordinates": [36.831973, -1.25546]}}, {"type": "Feature", "properties": {"Join_Count": 1, "TARGET_FID": 630, "Facility_N": "Marurui Dispensary", "County": "Nairobi", "Division": "Kasarani", "LOCATION": "Githurai", "Sub_Locati": null, "Latitude": -1.20244, "Longitude": 36.9038, "Type": "Dispensary", "Owner": "Private Enterprise (Institution)", "Id": 5009, "gridcode": 5, "RiskZone": 5, "RiskClass": "Very High", "Field1": 0}, "geometry": {"type": "Point", "coordinates": [36.9038, -1.20244]}}, {"type": "Feature", "properties": {"Join_Count": 1, "TARGET_FID": 631, "Facility_N": "Damic Dental X-Ray Services", "County": "Nairobi", "Division": "central", "LOCATION": "Central", "Sub_Locati": "Central", "Latitude": -1.28494, "Longitude": 36.82391, "Type": "Dental Clinic", "Owner": "Private Practice - Unspecified", "Id": 23583, "gridcode": 1, "RiskZone": 1, "RiskClass": "Very Low", "Field1": 0}, "geometry": {"type": "Point", "coordinates": [36.82391, -1.28494]}}, {"type": "Feature", "properties": {"Join_Count": 1, "TARGET_FID": 632, "Facility_N": "Ruaraka Uhai Neema Hospital", "County": "Nairobi", "Division": "Kasarani", "LOCATION": "Ruaraka", "Sub_Locati": "Babadogo", "Latitude": -1.2274, "Longitude": 36.88579, "Type": "Other Hospital", "Owner": "Kenya Episcopal Conference-Catholic Secretariat", "Id": 9353, "gridcode": 3, "RiskZone": 3, "RiskClass": "Moderate", "Field1": 0}, "geometry": {"type": "Point", "coordinates": [36.88579, -1.2274]}}, {"type": "Feature", "properties": {"Join_Count": 1, "TARGET_FID": 633, "Facility_N": "Korogocho Health Centre", "County": "Nairobi", "Division": "KASARANI", "LOCATION": "KOROGOCHO", "Sub_Locati": "KOROGOCHO", "Latitude": -1.23404, "Longitude": 36.87222, "Type": "Health Centre", "Owner": "Ministry of Health", "Id": 38741, "gridcode": 4, "RiskZone": 4, "RiskClass": "High", "Field1": 0}, "geometry": {"type": "Point", "coordinates": [36.87222, -1.23404]}}, {"type": "Feature", "properties": {"Join_Count": 1, "TARGET_FID": 634, "Facility_N": "St Teresa Medical Clinic ( Zimmerman)", "County": "Nairobi", "Division": "Roysambu", "LOCATION": "Githurai", "Sub_Locati": "zimmerman", "Latitude": -1.20599, "Longitude": 36.89528, "Type": "Medical Clinic", "Owner": "Private Practice - General Practitioner", "Id": 5009, "gridcode": 5, "RiskZone": 5, "RiskClass": "Very High", "Field1": 0}, "geometry": {"type": "Point", "coordinates": [36.89528, -1.20599]}}, {"type": "Feature", "properties": {"Join_Count": 1, "TARGET_FID": 635, "Facility_N": "Family Health Medical Dispensary", "County": "Nairobi", "Division": "Dagoretti", "LOCATION": "Golfcourse", "Sub_Locati": null, "Latitude": -1.30366, "Longitude": 36.7977, "Type": "Dispensary", "Owner": "Non-Governmental Organizations", "Id": 29040, "gridcode": 1, "RiskZone": 1, "RiskClass": "Very Low", "Field1": 0}, "geometry": {"type": "Point", "coordinates": [36.7977, -1.30366]}}, {"type": "Feature", "properties": {"Join_Count": 1, "TARGET_FID": 636, "Facility_N": "Dr Praful M Sanghani", "County": "Nairobi", "Division": "central", "LOCATION": "Central", "Sub_Locati": "Central", "Latitude": -1.28486, "Longitude": 36.82384, "Type": "Dental Clinic", "Owner": "Private Practice - Unspecified", "Id": 23583, "gridcode": 1, "RiskZone": 1, "RiskClass": "Very Low", "Field1": 0}, "geometry": {"type": "Point", "coordinates": [36.82384, -1.28486]}}, {"type": "Feature", "properties": {"Join_Count": 1, "TARGET_FID": 637, "Facility_N": "AIC Zion Medical Clinic", "County": "Nairobi", "Division": "Huruma", "LOCATION": "Huruma", "Sub_Locati": "Huruma", "Latitude": -1.26107, "Longitude": 36.87213, "Type": "Medical Clinic", "Owner": "Other Faith Based", "Id": 38741, "gridcode": 4, "RiskZone": 4, "RiskClass": "High", "Field1": 0}, "geometry": {"type": "Point", "coordinates": [36.87213, -1.26107]}}, {"type": "Feature", "properties": {"Join_Count": 1, "TARGET_FID": 638, "Facility_N": "Arrow Web Maternity and Nursing Home", "County": "Nairobi", "Division": "Embakasi", "LOCATION": "Kayole", "Sub_Locati": "Kayole", "Latitude": -1.26843, "Longitude": 36.9211, "Type": "Nursing Home", "Owner": "Non-Governmental Organizations", "Id": 24971, "gridcode": 5, "RiskZone": 5, "RiskClass": "Very High", "Field1": 0}, "geometry": {"type": "Point", "coordinates": [36.9211, -1.26843]}}, {"type": "Feature", "properties": {"Join_Count": 1, "TARGET_FID": 639, "Facility_N": "Langata Women Prison Dispensary", "County": "Nairobi", "Division": "Lan'gata", "LOCATION": "Mugumoini", "Sub_Locati": "Mugumoini", "Latitude": -1.32279, "Longitude": 36.77658, "Type": "Dispensary", "Owner": "Ministry of Health", "Id": 35724, "gridcode": 3, "RiskZone": 3, "RiskClass": "Moderate", "Field1": 0}, "geometry": {"type": "Point", "coordinates": [36.77658, -1.32279]}}, {"type": "Feature", "properties": {"Join_Count": 1, "TARGET_FID": 640, "Facility_N": "True Light Medical Clinic", "County": "Nairobi", "Division": "Embakasi", "LOCATION": "Kayole", "Sub_Locati": "Kayole Corner", "Latitude": -1.26631, "Longitude": 36.92261, "Type": "Medical Clinic", "Owner": "Private Practice - Medical Specialist", "Id": 24971, "gridcode": 5, "RiskZone": 5, "RiskClass": "Very High", "Field1": 0}, "geometry": {"type": "Point", "coordinates": [36.92261, -1.26631]}}, {"type": "Feature", "properties": {"Join_Count": 1, "TARGET_FID": 641, "Facility_N": "Farmers choice wellness centre clinic", "County": "Nairobi", "Division": "Kasarani", "LOCATION": "kahawa west", "Sub_Locati": "kahawa west", "Latitude": -1.18628, "Longitude": 36.9101, "Type": "Medical Clinic", "Owner": "Private Practice - Unspecified", "Id": 2244, "gridcode": 5, "RiskZone": 5, "RiskClass": "Very High", "Field1": 0}, "geometry": {"type": "Point", "coordinates": [36.9101, -1.18628]}}, {"type": "Feature", "properties": {"Join_Count": 1, "TARGET_FID": 642, "Facility_N": "Bodaki Health Centre", "County": "Nairobi", "Division": "Kangemi", "LOCATION": "Kangemi", "Sub_Locati": null, "Latitude": -1.26859, "Longitude": 36.75583, "Type": "Medical Clinic", "Owner": "Private Practice - Medical Specialist", "Id": 35724, "gridcode": 3, "RiskZone": 3, "RiskClass": "Moderate", "Field1": 0}, "geometry": {"type": "Point", "coordinates": [36.75583, -1.26859]}}, {"type": "Feature", "properties": {"Join_Count": 1, "TARGET_FID": 643, "Facility_N": "Discordant Couples of Kenya VCT", "County": "Nairobi", "Division": "Kibra", "LOCATION": "Sarang'ombe", "Sub_Locati": "Kianda/Ayany", "Latitude": -1.31078, "Longitude": 36.77686, "Type": "VCT Centre (Stand-Alone)", "Owner": "Non-Governmental Organizations", "Id": 35680, "gridcode": 4, "RiskZone": 4, "RiskClass": "High", "Field1": 0}, "geometry": {"type": "Point", "coordinates": [36.77686, -1.31078]}}, {"type": "Feature", "properties": {"Join_Count": 1, "TARGET_FID": 644, "Facility_N": "Mama Lucy Kibaki Hospital - Embakasi", "County": "Nairobi", "Division": "Embakasi", "LOCATION": "Umoja", "Sub_Locati": "Komarock", "Latitude": -1.27416, "Longitude": 36.89843, "Type": "District Hospital", "Owner": "Ministry of Health", "Id": 36723, "gridcode": 5, "RiskZone": 5, "RiskClass": "Very High", "Field1": 0}, "geometry": {"type": "Point", "coordinates": [36.89843, -1.27416]}}, {"type": "Feature", "properties": {"Join_Count": 1, "TARGET_FID": 645, "Facility_N": "Hope Medical Clinic ( Githurai)", "County": "Nairobi", "Division": "Kasarani", "LOCATION": "Githurai", "Sub_Locati": "Githurai", "Latitude": -1.19973, "Longitude": 36.90362, "Type": "Medical Clinic", "Owner": "Private Practice - General Practitioner", "Id": 5009, "gridcode": 5, "RiskZone": 5, "RiskClass": "Very High", "Field1": 0}, "geometry": {"type": "Point", "coordinates": [36.90362, -1.19973]}}, {"type": "Feature", "properties": {"Join_Count": 1, "TARGET_FID": 646, "Facility_N": "Tusker House Medical Centre", "County": "Nairobi", "Division": "central", "LOCATION": "Central", "Sub_Locati": "Central", "Latitude": -1.28566, "Longitude": 36.82811, "Type": "Medical Clinic", "Owner": "Private Practice - General Practitioner", "Id": 24217, "gridcode": 5, "RiskZone": 5, "RiskClass": "Very High", "Field1": 0}, "geometry": {"type": "Point", "coordinates": [36.82811, -1.28566]}}, {"type": "Feature", "properties": {"Join_Count": 1, "TARGET_FID": 647, "Facility_N": "Emerging Infectious Disease Center", "County": "Nairobi", "Division": "Parklands/Highridge", "LOCATION": null, "Sub_Locati": null, "Latitude": -1.26343, "Longitude": 36.811814, "Type": "Medical Clinic", "Owner": "Private Practice - General Practitioner", "Id": 38741, "gridcode": 4, "RiskZone": 4, "RiskClass": "High", "Field1": 0}, "geometry": {"type": "Point", "coordinates": [36.811814, -1.26343]}}, {"type": "Feature", "properties": {"Join_Count": 1, "TARGET_FID": 648, "Facility_N": "Couple Counselling Centre", "County": "Nairobi", "Division": "KNH/Golf Course", "LOCATION": "KNH", "Sub_Locati": "KNH", "Latitude": -1.22141, "Longitude": 36.8941, "Type": "VCT Centre (Stand-Alone)", "Owner": "Non-Governmental Organizations", "Id": 38741, "gridcode": 4, "RiskZone": 4, "RiskClass": "High", "Field1": 0}, "geometry": {"type": "Point", "coordinates": [36.8941, -1.22141]}}, {"type": "Feature", "properties": {"Join_Count": 1, "TARGET_FID": 649, "Facility_N": "University of Nairobi Dispensary", "County": "Nairobi", "Division": "Kilimani", "LOCATION": "Kilimani", "Sub_Locati": null, "Latitude": -1.279181, "Longitude": 36.80948, "Type": "Dispensary", "Owner": "Parastatal", "Id": 21795, "gridcode": 2, "RiskZone": 2, "RiskClass": "Low", "Field1": 0}, "geometry": {"type": "Point", "coordinates": [36.80948, -1.279181]}}, {"type": "Feature", "properties": {"Join_Count": 1, "TARGET_FID": 650, "Facility_N": "Bans Optical (Nairobi)", "County": "Nairobi", "Division": "Central", "LOCATION": "Central", "Sub_Locati": "Central", "Latitude": -1.28119, "Longitude": 36.82119, "Type": "Eye Centre", "Owner": "Private Practice - Unspecified", "Id": 38741, "gridcode": 4, "RiskZone": 4, "RiskClass": "High", "Field1": 0}, "geometry": {"type": "Point", "coordinates": [36.82119, -1.28119]}}, {"type": "Feature", "properties": {"Join_Count": 1, "TARGET_FID": 651, "Facility_N": "Soweto Kayole PHC Health Centre", "County": "Nairobi", "Division": "Embakasi", "LOCATION": "Kayole", "Sub_Locati": "Soweto", "Latitude": -1.26843, "Longitude": 36.9211, "Type": "Health Centre", "Owner": "Non-Governmental Organizations", "Id": 24971, "gridcode": 5, "RiskZone": 5, "RiskClass": "Very High", "Field1": 0}, "geometry": {"type": "Point", "coordinates": [36.9211, -1.26843]}}, {"type": "Feature", "properties": {"Join_Count": 1, "TARGET_FID": 652, "Facility_N": "St Mark Medical Clinic (Nairobi East)", "County": "Nairobi", "Division": "Dandora", "LOCATION": "Dandora", "Sub_Locati": "Dandora", "Latitude": -1.24064, "Longitude": 36.9098, "Type": "Medical Clinic", "Owner": "Private Enterprise (Institution)", "Id": 38741, "gridcode": 4, "RiskZone": 4, "RiskClass": "High", "Field1": 0}, "geometry": {"type": "Point", "coordinates": [36.9098, -1.24064]}}, {"type": "Feature", "properties": {"Join_Count": 1, "TARGET_FID": 653, "Facility_N": "Ediana Nursing Home", "County": "Nairobi", "Division": "Roysambu", "LOCATION": "Githurai", "Sub_Locati": null, "Latitude": -1.20244, "Longitude": 36.9038, "Type": "Nursing Home", "Owner": "Private Enterprise (Institution)", "Id": 5009, "gridcode": 5, "RiskZone": 5, "RiskClass": "Very High", "Field1": 0}, "geometry": {"type": "Point", "coordinates": [36.9038, -1.20244]}}, {"type": "Feature", "properties": {"Join_Count": 1, "TARGET_FID": 654, "Facility_N": "Mathare Police Depot", "County": "Nairobi", "Division": "Central", "LOCATION": "Mathare", "Sub_Locati": null, "Latitude": -1.25904, "Longitude": 36.8495, "Type": "Dispensary", "Owner": "Ministry of Health", "Id": 15753, "gridcode": 1, "RiskZone": 1, "RiskClass": "Very Low", "Field1": 0}, "geometry": {"type": "Point", "coordinates": [36.8495, -1.25904]}}, {"type": "Feature", "properties": {"Join_Count": 1, "TARGET_FID": 655, "Facility_N": "South B Hospital Ltd", "County": "Nairobi", "Division": "South B", "LOCATION": "Mukuru Nyayo", "Sub_Locati": "Nairobi South", "Latitude": -1.31225, "Longitude": 36.83669, "Type": "Nursing Home", "Owner": "Private Practice - General Practitioner", "Id": 35680, "gridcode": 4, "RiskZone": 4, "RiskClass": "High", "Field1": 0}, "geometry": {"type": "Point", "coordinates": [36.83669, -1.31225]}}, {"type": "Feature", "properties": {"Join_Count": 1, "TARGET_FID": 656, "Facility_N": "St Joseph Mukasa Dispensary", "County": "Nairobi", "Division": "Kasarani", "LOCATION": "Kahawa", "Sub_Locati": "Kahawa west", "Latitude": -1.1784, "Longitude": 36.90694, "Type": "Dispensary", "Owner": "Other Faith Based", "Id": 2244, "gridcode": 5, "RiskZone": 5, "RiskClass": "Very High", "Field1": 0}, "geometry": {"type": "Point", "coordinates": [36.90694, -1.1784]}}, {"type": "Feature", "properties": {"Join_Count": 1, "TARGET_FID": 657, "Facility_N": "Redemeed Health Centre", "County": "Nairobi", "Division": "Roysambu", "LOCATION": "Kahawa", "Sub_Locati": null, "Latitude": -1.24425, "Longitude": 36.88508, "Type": "Health Centre", "Owner": "Ministry of Health", "Id": 38741, "gridcode": 4, "RiskZone": 4, "RiskClass": "High", "Field1": 0}, "geometry": {"type": "Point", "coordinates": [36.88508, -1.24425]}}, {"type": "Feature", "properties": {"Join_Count": 1, "TARGET_FID": 658, "Facility_N": "Compassionate Hospital", "County": "Nairobi", "Division": "Kasarani", "LOCATION": "Kasarani", "Sub_Locati": null, "Latitude": -1.2148, "Longitude": 36.8665, "Type": "Other Hospital", "Owner": "Private Enterprise (Institution)", "Id": 38741, "gridcode": 4, "RiskZone": 4, "RiskClass": "High", "Field1": 0}, "geometry": {"type": "Point", "coordinates": [36.8665, -1.2148]}}, {"type": "Feature", "properties": {"Join_Count": 1, "TARGET_FID": 659, "Facility_N": "Manasco Medical Centre (Roysambu)", "County": "Nairobi", "Division": "Kasarani", "LOCATION": "Roysambu", "Sub_Locati": "Roysambu", "Latitude": -1.21669, "Longitude": 36.8912, "Type": "Medical Clinic", "Owner": "Private Practice - General Practitioner", "Id": 6115, "gridcode": 5, "RiskZone": 5, "RiskClass": "Very High", "Field1": 0}, "geometry": {"type": "Point", "coordinates": [36.8912, -1.21669]}}, {"type": "Feature", "properties": {"Join_Count": 1, "TARGET_FID": 660, "Facility_N": "Access Afya Medical Centre Viwandani", "County": "Nairobi", "Division": "Viwandani", "LOCATION": "Viwandani", "Sub_Locati": "Lunga lunga", "Latitude": -1.30936, "Longitude": 36.87844, "Type": "Medical Clinic", "Owner": "Private Practice - Medical Specialist", "Id": 36723, "gridcode": 5, "RiskZone": 5, "RiskClass": "Very High", "Field1": 0}, "geometry": {"type": "Point", "coordinates": [36.87844, -1.30936]}}, {"type": "Feature", "properties": {"Join_Count": 1, "TARGET_FID": 661, "Facility_N": "Vostrum Clinic", "County": "Nairobi", "Division": "Kibra", "LOCATION": "Kibera", "Sub_Locati": "Makina", "Latitude": -1.30775, "Longitude": 36.78105, "Type": "Medical Clinic", "Owner": "Non-Governmental Organizations", "Id": 35724, "gridcode": 3, "RiskZone": 3, "RiskClass": "Moderate", "Field1": 0}, "geometry": {"type": "Point", "coordinates": [36.78105, -1.30775]}}, {"type": "Feature", "properties": {"Join_Count": 1, "TARGET_FID": 662, "Facility_N": "Provide International Mutindwa Umoja Clinic", "County": "Nairobi", "Division": "Embakasi", "LOCATION": "Umoja", "Sub_Locati": "Umoja", "Latitude": -1.28031, "Longitude": 36.8912, "Type": "Dispensary", "Owner": "Non-Governmental Organizations", "Id": 36723, "gridcode": 5, "RiskZone": 5, "RiskClass": "Very High", "Field1": 0}, "geometry": {"type": "Point", "coordinates": [36.8912, -1.28031]}}, {"type": "Feature", "properties": {"Join_Count": 1, "TARGET_FID": 663, "Facility_N": "Pumwani Majengo Dispensary", "County": "Nairobi", "Division": "Pumwani", "LOCATION": "Pumwani Majengo", "Sub_Locati": "Pumwani", "Latitude": -1.28527, "Longitude": 36.84461, "Type": "Dispensary", "Owner": "Local Authority", "Id": 38741, "gridcode": 4, "RiskZone": 4, "RiskClass": "High", "Field1": 0}, "geometry": {"type": "Point", "coordinates": [36.84461, -1.28527]}}, {"type": "Feature", "properties": {"Join_Count": 1, "TARGET_FID": 664, "Facility_N": "Romieva Medical Centre Tassia", "County": "Nairobi", "Division": "Embakasi", "LOCATION": "Embakasi", "Sub_Locati": "Tassia", "Latitude": -1.3069, "Longitude": 36.89714, "Type": "Medical Clinic", "Owner": "Non-Governmental Organizations", "Id": 31647, "gridcode": 5, "RiskZone": 5, "RiskClass": "Very High", "Field1": 0}, "geometry": {"type": "Point", "coordinates": [36.89714, -1.3069]}}, {"type": "Feature", "properties": {"Join_Count": 1, "TARGET_FID": 665, "Facility_N": "Prime Health Services Dispensary", "County": "Nairobi", "Division": "Kasarani", "LOCATION": "Kahawa", "Sub_Locati": "Kahawa", "Latitude": -1.18157, "Longitude": 36.9099, "Type": "Dispensary", "Owner": "Private Enterprise (Institution)", "Id": 2244, "gridcode": 5, "RiskZone": 5, "RiskClass": "Very High", "Field1": 0}, "geometry": {"type": "Point", "coordinates": [36.9099, -1.18157]}}, {"type": "Feature", "properties": {"Join_Count": 1, "TARGET_FID": 666, "Facility_N": "Trinity Medical Care Health Centre", "County": "Nairobi", "Division": "Dagoretti", "LOCATION": "Riruta", "Sub_Locati": null, "Latitude": -1.2887, "Longitude": 36.7359, "Type": "Health Centre", "Owner": "Private Enterprise (Institution)", "Id": 28695, "gridcode": 4, "RiskZone": 4, "RiskClass": "High", "Field1": 0}, "geometry": {"type": "Point", "coordinates": [36.7359, -1.2887]}}, {"type": "Feature", "properties": {"Join_Count": 1, "TARGET_FID": 667, "Facility_N": "The Mater Embakasi Clinic", "County": "Nairobi", "Division": "MUkuru", "LOCATION": "PIpeline", "Sub_Locati": "Pipeline", "Latitude": -1.32407, "Longitude": 36.89924, "Type": "Medical Clinic", "Owner": "Kenya Episcopal Conference-Catholic Secretariat", "Id": 33519, "gridcode": 5, "RiskZone": 5, "RiskClass": "Very High", "Field1": 0}, "geometry": {"type": "Point", "coordinates": [36.89924, -1.32407]}}, {"type": "Feature", "properties": {"Join_Count": 1, "TARGET_FID": 668, "Facility_N": "Mariakani Cottage Hospital Ltd", "County": "Nairobi", "Division": "South B", "LOCATION": "Nairobi South", "Sub_Locati": "Nairobi South", "Latitude": -1.28324, "Longitude": 36.87, "Type": "Nursing Home", "Owner": "Private Enterprise (Institution)", "Id": 38741, "gridcode": 4, "RiskZone": 4, "RiskClass": "High", "Field1": 0}, "geometry": {"type": "Point", "coordinates": [36.87, -1.28324]}}, {"type": "Feature", "properties": {"Join_Count": 1, "TARGET_FID": 669, "Facility_N": "Parkroad Nursing Home (Nairobi)", "County": "Nairobi", "Division": "Ngara", "LOCATION": "Ngara", "Sub_Locati": null, "Latitude": -1.27342, "Longitude": 36.83193, "Type": "Nursing Home", "Owner": "Private Enterprise (Institution)", "Id": 21726, "gridcode": 5, "RiskZone": 5, "RiskClass": "Very High", "Field1": 0}, "geometry": {"type": "Point", "coordinates": [36.83193, -1.27342]}}, {"type": "Feature", "properties": {"Join_Count": 1, "TARGET_FID": 670, "Facility_N": "Lindi Community Clinic", "County": "Nairobi", "Division": "Kibra", "LOCATION": "Kibra", "Sub_Locati": "Lindi", "Latitude": -1.31331, "Longitude": 36.79096, "Type": "Dispensary", "Owner": "Ministry of Health", "Id": 35724, "gridcode": 3, "RiskZone": 3, "RiskClass": "Moderate", "Field1": 0}, "geometry": {"type": "Point", "coordinates": [36.79096, -1.31331]}}, {"type": "Feature", "properties": {"Join_Count": 1, "TARGET_FID": 671, "Facility_N": "Kimathi Street Medical Centre", "County": "Nairobi", "Division": "Central", "LOCATION": "Central", "Sub_Locati": "Central", "Latitude": -1.28494, "Longitude": 36.82391, "Type": "Medical Clinic", "Owner": "Private Practice - General Practitioner", "Id": 23583, "gridcode": 1, "RiskZone": 1, "RiskClass": "Very Low", "Field1": 0}, "geometry": {"type": "Point", "coordinates": [36.82391, -1.28494]}}, {"type": "Feature", "properties": {"Join_Count": 1, "TARGET_FID": 672, "Facility_N": "Bar Hostess Empowerment Support Program VCT", "County": "Nairobi", "Division": "Ruaraka", "LOCATION": "Ruaraka", "Sub_Locati": "Mathare", "Latitude": -1.24777, "Longitude": 36.87193, "Type": "VCT Centre (Stand-Alone)", "Owner": "Non-Governmental Organizations", "Id": 38741, "gridcode": 4, "RiskZone": 4, "RiskClass": "High", "Field1": 0}, "geometry": {"type": "Point", "coordinates": [36.87193, -1.24777]}}, {"type": "Feature", "properties": {"Join_Count": 1, "TARGET_FID": 673, "Facility_N": "Mutuini Sub-District Hospital", "County": "Nairobi", "Division": "Dagoretti", "LOCATION": "Mutuini", "Sub_Locati": "Kirigu", "Latitude": -1.3, "Longitude": 36.7, "Type": "Dispensary", "Owner": "Ministry of Health", "Id": 50181, "gridcode": 2, "RiskZone": 2, "RiskClass": "Low", "Field1": 0}, "geometry": {"type": "Point", "coordinates": [36.7, -1.3]}}, {"type": "Feature", "properties": {"Join_Count": 1, "TARGET_FID": 674, "Facility_N": "St Clare Medical Clinic", "County": "Nairobi", "Division": "Embakasi", "LOCATION": "Embakasi", "Sub_Locati": "Pipeline", "Latitude": -1.30929, "Longitude": 36.8876, "Type": "Medical Clinic", "Owner": "Private Practice - Nurse / Midwife", "Id": 36723, "gridcode": 5, "RiskZone": 5, "RiskClass": "Very High", "Field1": 0}, "geometry": {"type": "Point", "coordinates": [36.8876, -1.30929]}}, {"type": "Feature", "properties": {"Join_Count": 1, "TARGET_FID": 675, "Facility_N": "Mwangaza ulio Na Tumaini clinic", "County": "Nairobi", "Division": "Kasarani", "LOCATION": "korogocho", "Sub_Locati": "korogocho", "Latitude": -1.25108, "Longitude": 36.89188, "Type": "Health Centre", "Owner": "Christian Health Association of Kenya", "Id": 38741, "gridcode": 4, "RiskZone": 4, "RiskClass": "High", "Field1": 0}, "geometry": {"type": "Point", "coordinates": [36.89188, -1.25108]}}, {"type": "Feature", "properties": {"Join_Count": 1, "TARGET_FID": 676, "Facility_N": "Hope Medical Clinic (Babadogo)", "County": "Nairobi", "Division": "kasrani", "LOCATION": "Ruaraka", "Sub_Locati": "Ruaraka", "Latitude": -1.24781, "Longitude": 36.88563, "Type": "Medical Clinic", "Owner": "Private Practice - Nurse / Midwife", "Id": 38741, "gridcode": 4, "RiskZone": 4, "RiskClass": "High", "Field1": 0}, "geometry": {"type": "Point", "coordinates": [36.88563, -1.24781]}}, {"type": "Feature", "properties": {"Join_Count": 1, "TARGET_FID": 677, "Facility_N": "Conerstone Clinic", "County": "Nairobi", "Division": "Njiru", "LOCATION": "Njiru", "Sub_Locati": "Njiru", "Latitude": -1.24816, "Longitude": 36.91893, "Type": "Medical Clinic", "Owner": "Christian Health Association of Kenya", "Id": 38741, "gridcode": 4, "RiskZone": 4, "RiskClass": "High", "Field1": 0}, "geometry": {"type": "Point", "coordinates": [36.91893, -1.24816]}}, {"type": "Feature", "properties": {"Join_Count": 1, "TARGET_FID": 678, "Facility_N": "Lady Northey Dispensary", "County": "Nairobi", "Division": "Kilimani", "LOCATION": "Kilimani", "Sub_Locati": null, "Latitude": -1.28803, "Longitude": 36.81142, "Type": "Dental Clinic", "Owner": "Local Authority", "Id": 35724, "gridcode": 3, "RiskZone": 3, "RiskClass": "Moderate", "Field1": 0}, "geometry": {"type": "Point", "coordinates": [36.81142, -1.28803]}}, {"type": "Feature", "properties": {"Join_Count": 1, "TARGET_FID": 679, "Facility_N": "St Vincent Clinic (Nairobi East)", "County": "Nairobi", "Division": "Ruai", "LOCATION": "Ruai", "Sub_Locati": "Ruai", "Latitude": -1.26068, "Longitude": 36.9999, "Type": "Medical Clinic", "Owner": "Private Enterprise (Institution)", "Id": 38741, "gridcode": 4, "RiskZone": 4, "RiskClass": "High", "Field1": 0}, "geometry": {"type": "Point", "coordinates": [36.9999, -1.26068]}}, {"type": "Feature", "properties": {"Join_Count": 1, "TARGET_FID": 680, "Facility_N": "Hope Worldwide Kenya VCT (Makadara)", "County": "Nairobi", "Division": "Makadara", "LOCATION": "Maringo", "Sub_Locati": "Maringo", "Latitude": -1.29293, "Longitude": 36.86483, "Type": "VCT Centre (Stand-Alone)", "Owner": "Non-Governmental Organizations", "Id": 36723, "gridcode": 5, "RiskZone": 5, "RiskClass": "Very High", "Field1": 0}, "geometry": {"type": "Point", "coordinates": [36.86483, -1.29293]}}, {"type": "Feature", "properties": {"Join_Count": 1, "TARGET_FID": 681, "Facility_N": "Paragon Health Care Ltd", "County": "Nairobi", "Division": null, "LOCATION": null, "Sub_Locati": null, "Latitude": -1.28607, "Longitude": 36.74555, "Type": "Medical Clinic", "Owner": "Private Practice - General Practitioner", "Id": 25441, "gridcode": 4, "RiskZone": 4, "RiskClass": "High", "Field1": 0}, "geometry": {"type": "Point", "coordinates": [36.74555, -1.28607]}}, {"type": "Feature", "properties": {"Join_Count": 1, "TARGET_FID": 682, "Facility_N": "Jeytee", "County": "Nairobi", "Division": "Kasarani", "LOCATION": "kasarani", "Sub_Locati": "Kasarani", "Latitude": -1.23126, "Longitude": 36.92404, "Type": "Medical Clinic", "Owner": "Private Enterprise (Institution)", "Id": 10701, "gridcode": 5, "RiskZone": 5, "RiskClass": "Very High", "Field1": 0}, "geometry": {"type": "Point", "coordinates": [36.92404, -1.23126]}}, {"type": "Feature", "properties": {"Join_Count": 1, "TARGET_FID": 683, "Facility_N": "Kibera Highway Clinic", "County": "Nairobi", "Division": "Kibra", "LOCATION": "Lindi", "Sub_Locati": "Lindi", "Latitude": -1.31374, "Longitude": 36.79119, "Type": "Medical Clinic", "Owner": "Private Practice - Clinical Officer", "Id": 35680, "gridcode": 4, "RiskZone": 4, "RiskClass": "High", "Field1": 0}, "geometry": {"type": "Point", "coordinates": [36.79119, -1.31374]}}, {"type": "Feature", "properties": {"Join_Count": 1, "TARGET_FID": 684, "Facility_N": "Dr Eliud Njuguna (Parklands)", "County": "Nairobi", "Division": "Parklands", "LOCATION": "Parklands", "Sub_Locati": null, "Latitude": -1.26444, "Longitude": 36.81147, "Type": "Medical Clinic", "Owner": "Private Practice - Medical Specialist", "Id": 38741, "gridcode": 4, "RiskZone": 4, "RiskClass": "High", "Field1": 0}, "geometry": {"type": "Point", "coordinates": [36.81147, -1.26444]}}, {"type": "Feature", "properties": {"Join_Count": 1, "TARGET_FID": 685, "Facility_N": "Lina Medical Services", "County": "Nairobi", "Division": "Embakasi", "LOCATION": "Embakasi", "Sub_Locati": "Tassia", "Latitude": -1.31901, "Longitude": 36.89919, "Type": "Dispensary", "Owner": "Community", "Id": 38741, "gridcode": 4, "RiskZone": 4, "RiskClass": "High", "Field1": 0}, "geometry": {"type": "Point", "coordinates": [36.89919, -1.31901]}}, {"type": "Feature", "properties": {"Join_Count": 1, "TARGET_FID": 686, "Facility_N": "St John's Community Centre", "County": "Nairobi", "Division": "Pumwani", "LOCATION": "Pumwani", "Sub_Locati": "Pumwani", "Latitude": -1.28242, "Longitude": 36.84545, "Type": "Medical Clinic", "Owner": "Other Faith Based", "Id": 22869, "gridcode": 3, "RiskZone": 3, "RiskClass": "Moderate", "Field1": 0}, "geometry": {"type": "Point", "coordinates": [36.84545, -1.28242]}}, {"type": "Feature", "properties": {"Join_Count": 1, "TARGET_FID": 687, "Facility_N": "Coptic Hospital (Ngong Road)", "County": "Nairobi", "Division": "Kilimani", "LOCATION": "Kilimani", "Sub_Locati": "Kilimani", "Latitude": -1.30096, "Longitude": 36.79893, "Type": "Other Hospital", "Owner": "Christian Health Association of Kenya", "Id": 30403, "gridcode": 2, "RiskZone": 2, "RiskClass": "Low", "Field1": 0}, "geometry": {"type": "Point", "coordinates": [36.79893, -1.30096]}}, {"type": "Feature", "properties": {"Join_Count": 1, "TARGET_FID": 688, "Facility_N": "Gaimu Clinic", "County": "Nairobi", "Division": "Central", "LOCATION": "Mathare", "Sub_Locati": null, "Latitude": -1.26038, "Longitude": 36.8476, "Type": "Medical Clinic", "Owner": "Private Enterprise (Institution)", "Id": 16020, "gridcode": 1, "RiskZone": 1, "RiskClass": "Very Low", "Field1": 0}, "geometry": {"type": "Point", "coordinates": [36.8476, -1.26038]}}, {"type": "Feature", "properties": {"Join_Count": 1, "TARGET_FID": 689, "Facility_N": "Dr.K.Gicheru(Upper Hill Centre)", "County": "Nairobi", "Division": "Kilimani", "LOCATION": "Kilimani", "Sub_Locati": "Kilimani", "Latitude": -1.29472, "Longitude": 36.80651, "Type": "Medical Clinic", "Owner": "Private Practice - Medical Specialist", "Id": 35724, "gridcode": 3, "RiskZone": 3, "RiskClass": "Moderate", "Field1": 0}, "geometry": {"type": "Point", "coordinates": [36.80651, -1.29472]}}, {"type": "Feature", "properties": {"Join_Count": 1, "TARGET_FID": 690, "Facility_N": "Canaan Health Providers (Nairobi)", "County": "Nairobi", "Division": "Central", "LOCATION": "City Square", "Sub_Locati": null, "Latitude": -1.27457, "Longitude": 36.83137, "Type": "Medical Clinic", "Owner": "Private Enterprise (Institution)", "Id": 38741, "gridcode": 4, "RiskZone": 4, "RiskClass": "High", "Field1": 0}, "geometry": {"type": "Point", "coordinates": [36.83137, -1.27457]}}, {"type": "Feature", "properties": {"Join_Count": 1, "TARGET_FID": 691, "Facility_N": "Kapu Medical Clinic", "County": "Nairobi", "Division": "Embakasi", "LOCATION": "Embakasi", "Sub_Locati": "Utawala", "Latitude": -1.32065, "Longitude": 36.9336, "Type": "VCT Centre (Stand-Alone)", "Owner": "Ministry of Health", "Id": 33420, "gridcode": 4, "RiskZone": 4, "RiskClass": "High", "Field1": 0}, "geometry": {"type": "Point", "coordinates": [36.9336, -1.32065]}}, {"type": "Feature", "properties": {"Join_Count": 1, "TARGET_FID": 692, "Facility_N": "St Francis Com Hospital", "County": "Nairobi", "Division": "Kasarani", "LOCATION": "Githurai", "Sub_Locati": null, "Latitude": -1.22429, "Longitude": 36.9046, "Type": "Other Hospital", "Owner": "Private Enterprise (Institution)", "Id": 38741, "gridcode": 4, "RiskZone": 4, "RiskClass": "High", "Field1": 0}, "geometry": {"type": "Point", "coordinates": [36.9046, -1.22429]}}, {"type": "Feature", "properties": {"Join_Count": 1, "TARGET_FID": 693, "Facility_N": "St Anns Medical Centre", "County": "Nairobi", "Division": "Riruta", "LOCATION": "Riruta", "Sub_Locati": "Ngando", "Latitude": -1.30147, "Longitude": 36.75371, "Type": "Medical Clinic", "Owner": "Private Practice - Nurse / Midwife", "Id": 28695, "gridcode": 4, "RiskZone": 4, "RiskClass": "High", "Field1": 0}, "geometry": {"type": "Point", "coordinates": [36.75371, -1.30147]}}, {"type": "Feature", "properties": {"Join_Count": 1, "TARGET_FID": 694, "Facility_N": "Nairobi Outreach Services Trust", "County": "Nairobi", "Division": "central", "LOCATION": "Central", "Sub_Locati": "Central", "Latitude": -1.2764, "Longitude": 36.82405, "Type": "Medical Clinic", "Owner": "Private Practice - General Practitioner", "Id": 38741, "gridcode": 4, "RiskZone": 4, "RiskClass": "High", "Field1": 0}, "geometry": {"type": "Point", "coordinates": [36.82405, -1.2764]}}, {"type": "Feature", "properties": {"Join_Count": 1, "TARGET_FID": 695, "Facility_N": "Aculaser Institute", "County": "Nairobi", "Division": "Parklands", "LOCATION": "Parklands", "Sub_Locati": null, "Latitude": -1.26237, "Longitude": 36.82461, "Type": "Training Institution in Health (Stand-alone)", "Owner": "Private Enterprise (Institution)", "Id": 17054, "gridcode": 5, "RiskZone": 5, "RiskClass": "Very High", "Field1": 0}, "geometry": {"type": "Point", "coordinates": [36.82461, -1.26237]}}, {"type": "Feature", "properties": {"Join_Count": 1, "TARGET_FID": 696, "Facility_N": "Kibera Community Health Centre - Amref", "County": "Nairobi", "Division": "Kibra", "LOCATION": "Laini Saba", "Sub_Locati": "Laini Saba", "Latitude": -1.31131, "Longitude": 36.79573, "Type": "Health Centre", "Owner": "Non-Governmental Organizations", "Id": 30917, "gridcode": 5, "RiskZone": 5, "RiskClass": "Very High", "Field1": 0}, "geometry": {"type": "Point", "coordinates": [36.79573, -1.31131]}}, {"type": "Feature", "properties": {"Join_Count": 1, "TARGET_FID": 697, "Facility_N": "Dr.Henry Wellington Alube (landmark plaza)", "County": "Nairobi", "Division": "Kilimani", "LOCATION": "Kilimani", "Sub_Locati": "Kilimani", "Latitude": -1.29477, "Longitude": 36.80531, "Type": "Medical Clinic", "Owner": "Private Practice - General Practitioner", "Id": 35680, "gridcode": 4, "RiskZone": 4, "RiskClass": "High", "Field1": 0}, "geometry": {"type": "Point", "coordinates": [36.80531, -1.29477]}}, {"type": "Feature", "properties": {"Join_Count": 1, "TARGET_FID": 698, "Facility_N": "Nairobi Deaf (Liverpool)", "County": "Nairobi", "Division": "Central", "LOCATION": "Central Business District", "Sub_Locati": null, "Latitude": -1.2852, "Longitude": 36.821, "Type": "VCT Centre (Stand-Alone)", "Owner": "Non-Governmental Organizations", "Id": 23926, "gridcode": 2, "RiskZone": 2, "RiskClass": "Low", "Field1": 0}, "geometry": {"type": "Point", "coordinates": [36.821, -1.2852]}}, {"type": "Feature", "properties": {"Join_Count": 1, "TARGET_FID": 699, "Facility_N": "Bliss Health Care Limited", "County": "Nairobi", "Division": "Starehe", "LOCATION": "Landmawe", "Sub_Locati": "Landmawe", "Latitude": -1.29369, "Longitude": 36.82767, "Type": "Medical Clinic", "Owner": "Private Practice - General Practitioner", "Id": 38741, "gridcode": 4, "RiskZone": 4, "RiskClass": "High", "Field1": 0}, "geometry": {"type": "Point", "coordinates": [36.82767, -1.29369]}}, {"type": "Feature", "properties": {"Join_Count": 1, "TARGET_FID": 700, "Facility_N": "Sunshine Medical Centre", "County": "Nairobi", "Division": null, "LOCATION": null, "Sub_Locati": null, "Latitude": -1.27046, "Longitude": 36.74545, "Type": "Medical Clinic", "Owner": "Private Practice - General Practitioner", "Id": 35724, "gridcode": 3, "RiskZone": 3, "RiskClass": "Moderate", "Field1": 0}, "geometry": {"type": "Point", "coordinates": [36.74545, -1.27046]}}, {"type": "Feature", "properties": {"Join_Count": 1, "TARGET_FID": 701, "Facility_N": "Kabiro Medical Clinic", "County": "Nairobi", "Division": "Dagoretti", "LOCATION": "Kawangware", "Sub_Locati": null, "Latitude": -1.28042, "Longitude": 36.75193, "Type": "Health Centre", "Owner": "Non-Governmental Organizations", "Id": 22702, "gridcode": 5, "RiskZone": 5, "RiskClass": "Very High", "Field1": 0}, "geometry": {"type": "Point", "coordinates": [36.75193, -1.28042]}}, {"type": "Feature", "properties": {"Join_Count": 1, "TARGET_FID": 702, "Facility_N": "Jerusalem Clinic", "County": "Nairobi", "Division": "Pumwani", "LOCATION": "Bahati", "Sub_Locati": null, "Latitude": -1.28515, "Longitude": 36.86641, "Type": "Medical Clinic", "Owner": "Local Authority", "Id": 24190, "gridcode": 5, "RiskZone": 5, "RiskClass": "Very High", "Field1": 0}, "geometry": {"type": "Point", "coordinates": [36.86641, -1.28515]}}, {"type": "Feature", "properties": {"Join_Count": 1, "TARGET_FID": 703, "Facility_N": "Beyond the Bridge Vision VCT", "County": "Nairobi", "Division": "Langata", "LOCATION": "Mugumoini", "Sub_Locati": "Mugumoini", "Latitude": -1.31558, "Longitude": 36.78842, "Type": "VCT Centre (Stand-Alone)", "Owner": "Non-Governmental Organizations", "Id": 49638, "gridcode": 3, "RiskZone": 3, "RiskClass": "Moderate", "Field1": 0}, "geometry": {"type": "Point", "coordinates": [36.78842, -1.31558]}}, {"type": "Feature", "properties": {"Join_Count": 1, "TARGET_FID": 704, "Facility_N": "Mwera Medical Clinic", "County": "Nairobi", "Division": "kayole", "LOCATION": null, "Sub_Locati": null, "Latitude": -1.27555, "Longitude": 36.91046, "Type": "Medical Clinic", "Owner": "Private Practice - Unspecified", "Id": 38741, "gridcode": 4, "RiskZone": 4, "RiskClass": "High", "Field1": 0}, "geometry": {"type": "Point", "coordinates": [36.91046, -1.27555]}}, {"type": "Feature", "properties": {"Join_Count": 1, "TARGET_FID": 705, "Facility_N": "Ogwedhi Dispensary (Nairobi North)", "County": "Nairobi", "Division": "Kasarani", "LOCATION": "Ruaraka", "Sub_Locati": null, "Latitude": -1.18157, "Longitude": 36.9099, "Type": "Dispensary", "Owner": "Private Enterprise (Institution)", "Id": 2244, "gridcode": 5, "RiskZone": 5, "RiskClass": "Very High", "Field1": 0}, "geometry": {"type": "Point", "coordinates": [36.9099, -1.18157]}}, {"type": "Feature", "properties": {"Join_Count": 1, "TARGET_FID": 706, "Facility_N": "Hunters Medical Clinic", "County": "Nairobi", "Division": "Kasarani", "LOCATION": "kasarani", "Sub_Locati": "kasarani", "Latitude": -1.22724, "Longitude": 36.91827, "Type": "Medical Clinic", "Owner": "Private Practice - General Practitioner", "Id": 38741, "gridcode": 4, "RiskZone": 4, "RiskClass": "High", "Field1": 0}, "geometry": {"type": "Point", "coordinates": [36.91827, -1.22724]}}, {"type": "Feature", "properties": {"Join_Count": 1, "TARGET_FID": 707, "Facility_N": "Kibera Chemi Chemi Ya Uzima Clinic", "County": "Nairobi", "Division": "Kibra", "LOCATION": "Kibera", "Sub_Locati": "Makina", "Latitude": -1.30692, "Longitude": 36.78804, "Type": "Dispensary", "Owner": "Christian Health Association of Kenya", "Id": 35680, "gridcode": 4, "RiskZone": 4, "RiskClass": "High", "Field1": 0}, "geometry": {"type": "Point", "coordinates": [36.78804, -1.30692]}}, {"type": "Feature", "properties": {"Join_Count": 1, "TARGET_FID": 708, "Facility_N": "Kaloleni Dispensary", "County": "Nairobi", "Division": "Makadara", "LOCATION": "Makogeni", "Sub_Locati": "Kaloleni", "Latitude": -1.29553, "Longitude": 36.84623, "Type": "Dispensary", "Owner": "Local Authority", "Id": 38741, "gridcode": 4, "RiskZone": 4, "RiskClass": "High", "Field1": 0}, "geometry": {"type": "Point", "coordinates": [36.84623, -1.29553]}}, {"type": "Feature", "properties": {"Join_Count": 1, "TARGET_FID": 709, "Facility_N": "Dr Parmar Clinic", "County": "Nairobi", "Division": "Central", "LOCATION": "Central", "Sub_Locati": "Central", "Latitude": -1.28273, "Longitude": 36.8206, "Type": "Medical Clinic", "Owner": "Private Practice - General Practitioner", "Id": 23155, "gridcode": 5, "RiskZone": 5, "RiskClass": "Very High", "Field1": 0}, "geometry": {"type": "Point", "coordinates": [36.8206, -1.28273]}}, {"type": "Feature", "properties": {"Join_Count": 1, "TARGET_FID": 710, "Facility_N": "Githurai VCT", "County": "Nairobi", "Division": "Kasarani", "LOCATION": "Githurai", "Sub_Locati": null, "Latitude": -1.20244, "Longitude": 36.9038, "Type": "VCT Centre (Stand-Alone)", "Owner": "Private Enterprise (Institution)", "Id": 5009, "gridcode": 5, "RiskZone": 5, "RiskClass": "Very High", "Field1": 0}, "geometry": {"type": "Point", "coordinates": [36.9038, -1.20244]}}, {"type": "Feature", "properties": {"Join_Count": 1, "TARGET_FID": 711, "Facility_N": "Crow Medical Centre", "County": "Nairobi", "Division": "Kasarani", "LOCATION": "Githurai", "Sub_Locati": "Githurai", "Latitude": -1.23506, "Longitude": 36.93265, "Type": "Medical Clinic", "Owner": "Private Practice - General Practitioner", "Id": 9648, "gridcode": 4, "RiskZone": 4, "RiskClass": "High", "Field1": 0}, "geometry": {"type": "Point", "coordinates": [36.93265, -1.23506]}}, {"type": "Feature", "properties": {"Join_Count": 1, "TARGET_FID": 712, "Facility_N": "Delight Chemist & Lab", "County": "Nairobi", "Division": "Ruaraka", "LOCATION": "Ruaraka", "Sub_Locati": "mathare north", "Latitude": -1.25304, "Longitude": 36.86616, "Type": "Medical Clinic", "Owner": "Private Practice - General Practitioner", "Id": 38741, "gridcode": 4, "RiskZone": 4, "RiskClass": "High", "Field1": 0}, "geometry": {"type": "Point", "coordinates": [36.86616, -1.25304]}}, {"type": "Feature", "properties": {"Join_Count": 1, "TARGET_FID": 713, "Facility_N": "Local Aid Organization", "County": "Nairobi", "Division": "Riruta", "LOCATION": "Riruta", "Sub_Locati": "Ngando", "Latitude": -1.30084, "Longitude": 36.74353, "Type": "Dispensary", "Owner": "Private Enterprise (Institution)", "Id": 28303, "gridcode": 4, "RiskZone": 4, "RiskClass": "High", "Field1": 0}, "geometry": {"type": "Point", "coordinates": [36.74353, -1.30084]}}, {"type": "Feature", "properties": {"Join_Count": 1, "TARGET_FID": 714, "Facility_N": "St Pery's Medical Clinic", "County": "Nairobi", "Division": "Kibra", "LOCATION": "Kibera", "Sub_Locati": "Makina", "Latitude": -1.30726, "Longitude": 36.78255, "Type": "Medical Clinic", "Owner": "Private Practice - Nurse / Midwife", "Id": 35680, "gridcode": 4, "RiskZone": 4, "RiskClass": "High", "Field1": 0}, "geometry": {"type": "Point", "coordinates": [36.78255, -1.30726]}}, {"type": "Feature", "properties": {"Join_Count": 1, "TARGET_FID": 715, "Facility_N": "Marie Stopes Clinic (Langata)", "County": "Nairobi", "Division": "Kibra", "LOCATION": "Makina", "Sub_Locati": null, "Latitude": -1.30785, "Longitude": 36.7892, "Type": "Medical Clinic", "Owner": "Non-Governmental Organizations", "Id": 35680, "gridcode": 4, "RiskZone": 4, "RiskClass": "High", "Field1": 0}, "geometry": {"type": "Point", "coordinates": [36.7892, -1.30785]}}, {"type": "Feature", "properties": {"Join_Count": 1, "TARGET_FID": 716, "Facility_N": "MYSA VCT", "County": "Nairobi", "Division": "Njiru", "LOCATION": "Njiru", "Sub_Locati": "Njiru", "Latitude": -1.25746, "Longitude": 36.91164, "Type": "VCT Centre (Stand-Alone)", "Owner": "Non-Governmental Organizations", "Id": 17228, "gridcode": 4, "RiskZone": 4, "RiskClass": "High", "Field1": 0}, "geometry": {"type": "Point", "coordinates": [36.91164, -1.25746]}}, {"type": "Feature", "properties": {"Join_Count": 1, "TARGET_FID": 717, "Facility_N": "Central Park Clinic", "County": "Nairobi", "Division": "Riruta", "LOCATION": "Riruta", "Sub_Locati": "Kabiria", "Latitude": -1.29228, "Longitude": 36.73476, "Type": "Dispensary", "Owner": "Private Practice - General Practitioner", "Id": 28938, "gridcode": 3, "RiskZone": 3, "RiskClass": "Moderate", "Field1": 0}, "geometry": {"type": "Point", "coordinates": [36.73476, -1.29228]}}, {"type": "Feature", "properties": {"Join_Count": 1, "TARGET_FID": 718, "Facility_N": "Biafra Lions Clinic", "County": "Nairobi", "Division": "Eastleign South", "LOCATION": "Eastleigh Section 111", "Sub_Locati": "Eastleigh south", "Latitude": -1.28234, "Longitude": 36.8485, "Type": "Medical Clinic", "Owner": "Local Authority", "Id": 38741, "gridcode": 4, "RiskZone": 4, "RiskClass": "High", "Field1": 0}, "geometry": {"type": "Point", "coordinates": [36.8485, -1.28234]}}, {"type": "Feature", "properties": {"Join_Count": 1, "TARGET_FID": 719, "Facility_N": "St Joseph (EDARP) Clinic", "County": "Nairobi", "Division": "Pumwani", "LOCATION": "Shauri Moyo", "Sub_Locati": null, "Latitude": -1.29048, "Longitude": 36.84683, "Type": "Medical Clinic", "Owner": "Kenya Episcopal Conference-Catholic Secretariat", "Id": 25161, "gridcode": 3, "RiskZone": 3, "RiskClass": "Moderate", "Field1": 0}, "geometry": {"type": "Point", "coordinates": [36.84683, -1.29048]}}, {"type": "Feature", "properties": {"Join_Count": 1, "TARGET_FID": 720, "Facility_N": "Kamwitha Medcal Centre", "County": "Nairobi", "Division": "Kasarani", "LOCATION": "Githurai", "Sub_Locati": "Zimmerman", "Latitude": -1.20661, "Longitude": 36.89644, "Type": "Medical Clinic", "Owner": "Private Practice - General Practitioner", "Id": 5009, "gridcode": 5, "RiskZone": 5, "RiskClass": "Very High", "Field1": 0}, "geometry": {"type": "Point", "coordinates": [36.89644, -1.20661]}}, {"type": "Feature", "properties": {"Join_Count": 1, "TARGET_FID": 721, "Facility_N": "Kenya AIDS Vaccine Initiative (KAVI)", "County": "Nairobi", "Division": "Kangemi", "LOCATION": "Kangemi", "Sub_Locati": null, "Latitude": -1.267192, "Longitude": 36.749206, "Type": "Health Project", "Owner": "Academic (if registered)", "Id": 18111, "gridcode": 4, "RiskZone": 4, "RiskClass": "High", "Field1": 0}, "geometry": {"type": "Point", "coordinates": [36.749206, -1.267192]}}, {"type": "Feature", "properties": {"Join_Count": 1, "TARGET_FID": 722, "Facility_N": "PCEA Silanga Church VCT", "County": "Nairobi", "Division": "Kibra", "LOCATION": "Laini Saba", "Sub_Locati": "Silanga", "Latitude": -1.31717, "Longitude": 36.79693, "Type": "VCT Centre (Stand-Alone)", "Owner": "Christian Health Association of Kenya", "Id": 35680, "gridcode": 4, "RiskZone": 4, "RiskClass": "High", "Field1": 0}, "geometry": {"type": "Point", "coordinates": [36.79693, -1.31717]}}, {"type": "Feature", "properties": {"Join_Count": 1, "TARGET_FID": 723, "Facility_N": "Pharmat Health Care", "County": "Nairobi", "Division": "central", "LOCATION": "Central", "Sub_Locati": "Central", "Latitude": -1.28232, "Longitude": 36.81864, "Type": "Dental Clinic", "Owner": "Private Practice - Unspecified", "Id": 38741, "gridcode": 4, "RiskZone": 4, "RiskClass": "High", "Field1": 0}, "geometry": {"type": "Point", "coordinates": [36.81864, -1.28232]}}, {"type": "Feature", "properties": {"Join_Count": 1, "TARGET_FID": 724, "Facility_N": "R - Care Health Clinic", "County": "Nairobi", "Division": "Riruta", "LOCATION": "Riruta", "Sub_Locati": "Ngando", "Latitude": -1.29946, "Longitude": 36.75593, "Type": "Medical Clinic", "Owner": "Private Practice - Nurse / Midwife", "Id": 28695, "gridcode": 4, "RiskZone": 4, "RiskClass": "High", "Field1": 0}, "geometry": {"type": "Point", "coordinates": [36.75593, -1.29946]}}, {"type": "Feature", "properties": {"Join_Count": 1, "TARGET_FID": 725, "Facility_N": "Neema Medical Clinic (Kibera)", "County": "Nairobi", "Division": "Lang'ata", "LOCATION": "Kibera", "Sub_Locati": "Lindi", "Latitude": -1.31352, "Longitude": 36.79053, "Type": "Medical Clinic", "Owner": "Private Practice - Clinical Officer", "Id": 35724, "gridcode": 3, "RiskZone": 3, "RiskClass": "Moderate", "Field1": 0}, "geometry": {"type": "Point", "coordinates": [36.79053, -1.31352]}}, {"type": "Feature", "properties": {"Join_Count": 1, "TARGET_FID": 726, "Facility_N": "Chandaria Health Centre", "County": "Nairobi", "Division": "Dagoretti", "LOCATION": "Uthiru/Ruthimitu", "Sub_Locati": "Gachui", "Latitude": -1.27396, "Longitude": 36.69119, "Type": "Health Centre", "Owner": "Community", "Id": 27174, "gridcode": 1, "RiskZone": 1, "RiskClass": "Very Low", "Field1": 0}, "geometry": {"type": "Point", "coordinates": [36.69119, -1.27396]}}, {"type": "Feature", "properties": {"Join_Count": 1, "TARGET_FID": 727, "Facility_N": "Meridian Medical Centre (Penson Towers)", "County": "Nairobi", "Division": "Central", "LOCATION": "Central", "Sub_Locati": "Central", "Latitude": -1.28362, "Longitude": 36.81762, "Type": "Medical Clinic", "Owner": "Private Practice - General Practitioner", "Id": 35724, "gridcode": 3, "RiskZone": 3, "RiskClass": "Moderate", "Field1": 0}, "geometry": {"type": "Point", "coordinates": [36.81762, -1.28362]}}, {"type": "Feature", "properties": {"Join_Count": 1, "TARGET_FID": 728, "Facility_N": "Provide International Clinic (Kayole)", "County": "Nairobi", "Division": "Embakasi", "LOCATION": "Kayole", "Sub_Locati": "Komarock", "Latitude": -1.26802, "Longitude": 36.9115, "Type": "Health Centre", "Owner": "Non-Governmental Organizations", "Id": 24971, "gridcode": 5, "RiskZone": 5, "RiskClass": "Very High", "Field1": 0}, "geometry": {"type": "Point", "coordinates": [36.9115, -1.26802]}}, {"type": "Feature", "properties": {"Join_Count": 1, "TARGET_FID": 729, "Facility_N": "Melchizedek Hospital Karen", "County": "Nairobi", "Division": "Lang'ata", "LOCATION": "Karen", "Sub_Locati": "Karen", "Latitude": -1.32751, "Longitude": 36.71723, "Type": "Medical Clinic", "Owner": "Private Enterprise (Institution)", "Id": 36305, "gridcode": 3, "RiskZone": 3, "RiskClass": "Moderate", "Field1": 0}, "geometry": {"type": "Point", "coordinates": [36.71723, -1.32751]}}, {"type": "Feature", "properties": {"Join_Count": 1, "TARGET_FID": 730, "Facility_N": "Baraka Medical Cenre", "County": "Nairobi", "Division": "kangemi", "LOCATION": "Kangemi", "Sub_Locati": null, "Latitude": -1.26675, "Longitude": 36.75036, "Type": "Medical Clinic", "Owner": "Private Practice - Medical Specialist", "Id": 35724, "gridcode": 3, "RiskZone": 3, "RiskClass": "Moderate", "Field1": 0}, "geometry": {"type": "Point", "coordinates": [36.75036, -1.26675]}}, {"type": "Feature", "properties": {"Join_Count": 1, "TARGET_FID": 731, "Facility_N": "Latema Medical Services (Nairobi)", "County": "Nairobi", "Division": "central", "LOCATION": "Central", "Sub_Locati": "Central", "Latitude": -1.2827, "Longitude": 36.82516, "Type": "Medical Clinic", "Owner": "Private Practice - Unspecified", "Id": 38741, "gridcode": 4, "RiskZone": 4, "RiskClass": "High", "Field1": 0}, "geometry": {"type": "Point", "coordinates": [36.82516, -1.2827]}}, {"type": "Feature", "properties": {"Join_Count": 1, "TARGET_FID": 732, "Facility_N": "Lengo Medical Clinic", "County": "Nairobi", "Division": "South B", "LOCATION": "Mukuru Nyayo", "Sub_Locati": "Hazina", "Latitude": -1.31189, "Longitude": 36.84676, "Type": "Medical Clinic", "Owner": "Private Practice - Nurse / Midwife", "Id": 38741, "gridcode": 4, "RiskZone": 4, "RiskClass": "High", "Field1": 0}, "geometry": {"type": "Point", "coordinates": [36.84676, -1.31189]}}, {"type": "Feature", "properties": {"Join_Count": 1, "TARGET_FID": 733, "Facility_N": "Planet Clinic Ltd", "County": "Nairobi", "Division": "Starehe", "LOCATION": "City Centre", "Sub_Locati": "City Centre", "Latitude": -1.25755, "Longitude": 36.87455, "Type": "Medical Centre", "Owner": "Private Practice - General Practitioner", "Id": 15280, "gridcode": 4, "RiskZone": 4, "RiskClass": "High", "Field1": 0}, "geometry": {"type": "Point", "coordinates": [36.87455, -1.25755]}}, {"type": "Feature", "properties": {"Join_Count": 1, "TARGET_FID": 734, "Facility_N": "Marie Stopes Nursing Home (Eastleigh)", "County": "Nairobi", "Division": "Eastleigh North", "LOCATION": "Eastleigh Section I", "Sub_Locati": null, "Latitude": -1.26972, "Longitude": 36.84824, "Type": "Nursing Home", "Owner": "Non-Governmental Organizations", "Id": 38741, "gridcode": 4, "RiskZone": 4, "RiskClass": "High", "Field1": 0}, "geometry": {"type": "Point", "coordinates": [36.84824, -1.26972]}}, {"type": "Feature", "properties": {"Join_Count": 1, "TARGET_FID": 735, "Facility_N": "Vipawa Medical Services", "County": "Nairobi", "Division": "Kibra", "LOCATION": "Kibera", "Sub_Locati": "Makina", "Latitude": -1.31122, "Longitude": 36.78503, "Type": "Medical Clinic", "Owner": "Private Practice - Clinical Officer", "Id": 35724, "gridcode": 3, "RiskZone": 3, "RiskClass": "Moderate", "Field1": 0}, "geometry": {"type": "Point", "coordinates": [36.78503, -1.31122]}}, {"type": "Feature", "properties": {"Join_Count": 1, "TARGET_FID": 736, "Facility_N": "Dagoretti Approved Dispensary", "County": "Nairobi", "Division": "Dagoretti", "LOCATION": "Uthiru/Ruthimitu", "Sub_Locati": "Kagondo", "Latitude": -1.27409, "Longitude": 36.69788, "Type": "Dispensary", "Owner": "Ministry of Health", "Id": 27174, "gridcode": 1, "RiskZone": 1, "RiskClass": "Very Low", "Field1": 0}, "geometry": {"type": "Point", "coordinates": [36.69788, -1.27409]}}, {"type": "Feature", "properties": {"Join_Count": 1, "TARGET_FID": 737, "Facility_N": "The Arcade Medical Centre", "County": "Nairobi", "Division": "Ruaraka", "LOCATION": "Ruaraka", "Sub_Locati": "jangwani", "Latitude": -1.25303, "Longitude": 36.86714, "Type": "Medical Clinic", "Owner": "Private Practice - General Practitioner", "Id": 19495, "gridcode": 5, "RiskZone": 5, "RiskClass": "Very High", "Field1": 0}, "geometry": {"type": "Point", "coordinates": [36.86714, -1.25303]}}, {"type": "Feature", "properties": {"Join_Count": 1, "TARGET_FID": 738, "Facility_N": "Dr Rosaline Thara Dental Clinic", "County": "Nairobi", "Division": "central", "LOCATION": "Central", "Sub_Locati": "Central", "Latitude": -1.28238, "Longitude": 36.8222, "Type": "Dental Clinic", "Owner": "Private Practice - Unspecified", "Id": 35724, "gridcode": 3, "RiskZone": 3, "RiskClass": "Moderate", "Field1": 0}, "geometry": {"type": "Point", "coordinates": [36.8222, -1.28238]}}, {"type": "Feature", "properties": {"Join_Count": 1, "TARGET_FID": 739, "Facility_N": "East Medical Clinic", "County": "Nairobi", "Division": "Dandora", "LOCATION": "Dandora", "Sub_Locati": "Dandora phase 2", "Latitude": -1.25283, "Longitude": 36.90132, "Type": "Medical Clinic", "Owner": "Private Practice - General Practitioner", "Id": 14137, "gridcode": 5, "RiskZone": 5, "RiskClass": "Very High", "Field1": 0}, "geometry": {"type": "Point", "coordinates": [36.90132, -1.25283]}}, {"type": "Feature", "properties": {"Join_Count": 1, "TARGET_FID": 740, "Facility_N": "Gsu Dispensary (Nairobi West)", "County": "Nairobi", "Division": "Kibra", "LOCATION": "Kibera", "Sub_Locati": "Makina", "Latitude": -1.306156, "Longitude": 36.789928, "Type": "Dispensary", "Owner": "Ministry of Health", "Id": 35724, "gridcode": 3, "RiskZone": 3, "RiskClass": "Moderate", "Field1": 0}, "geometry": {"type": "Point", "coordinates": [36.789928, -1.306156]}}, {"type": "Feature", "properties": {"Join_Count": 1, "TARGET_FID": 741, "Facility_N": "Shekina Medical Clinic", "County": "Nairobi", "Division": "Kasarani", "LOCATION": "kasarani", "Sub_Locati": "kasarani", "Latitude": -1.21837, "Longitude": 36.90035, "Type": "Medical Clinic", "Owner": "Private Practice - Clinical Officer", "Id": 5677, "gridcode": 5, "RiskZone": 5, "RiskClass": "Very High", "Field1": 0}, "geometry": {"type": "Point", "coordinates": [36.90035, -1.21837]}}, {"type": "Feature", "properties": {"Join_Count": 1, "TARGET_FID": 742, "Facility_N": "Pona Mat Dispensary", "County": "Nairobi", "Division": "Kasarani", "LOCATION": "Kahawa", "Sub_Locati": null, "Latitude": -1.23264, "Longitude": 36.9633, "Type": "Dispensary", "Owner": "Private Enterprise (Institution)", "Id": 38741, "gridcode": 4, "RiskZone": 4, "RiskClass": "High", "Field1": 0}, "geometry": {"type": "Point", "coordinates": [36.9633, -1.23264]}}, {"type": "Feature", "properties": {"Join_Count": 1, "TARGET_FID": 743, "Facility_N": "Shepherds Medical Clinic Maringo", "County": "Nairobi", "Division": "Makadara", "LOCATION": "Hamsa", "Sub_Locati": "Ofafa Maringo", "Latitude": -1.29363, "Longitude": 36.86612, "Type": "Medical Clinic", "Owner": "Private Enterprise (Institution)", "Id": 38741, "gridcode": 4, "RiskZone": 4, "RiskClass": "High", "Field1": 0}, "geometry": {"type": "Point", "coordinates": [36.86612, -1.29363]}}, {"type": "Feature", "properties": {"Join_Count": 1, "TARGET_FID": 744, "Facility_N": "Lang'ata Comprehensive Medical Service", "County": "Nairobi", "Division": "Lang'ata", "LOCATION": "Mugumoini", "Sub_Locati": "Mugumoini", "Latitude": -1.32689, "Longitude": 36.7896, "Type": "Medical Clinic", "Owner": "Private Practice - Medical Specialist", "Id": 34231, "gridcode": 4, "RiskZone": 4, "RiskClass": "High", "Field1": 0}, "geometry": {"type": "Point", "coordinates": [36.7896, -1.32689]}}, {"type": "Feature", "properties": {"Join_Count": 1, "TARGET_FID": 745, "Facility_N": "Menelik Chest Clinic", "County": "Nairobi", "Division": "Kilimani", "LOCATION": null, "Sub_Locati": "KILIMANI", "Latitude": -1.2968, "Longitude": 36.78399, "Type": "Medical Clinic", "Owner": "Private Practice - Medical Specialist", "Id": 27218, "gridcode": 5, "RiskZone": 5, "RiskClass": "Very High", "Field1": 0}, "geometry": {"type": "Point", "coordinates": [36.78399, -1.2968]}}, {"type": "Feature", "properties": {"Join_Count": 1, "TARGET_FID": 746, "Facility_N": "Nairobi Remand Prison Health Centre", "County": "Nairobi", "Division": "Viwandani", "LOCATION": "Viwandani", "Sub_Locati": "Landmawe", "Latitude": -1.30359, "Longitude": 36.8373, "Type": "Dispensary", "Owner": "Other Public Institution", "Id": 38741, "gridcode": 4, "RiskZone": 4, "RiskClass": "High", "Field1": 0}, "geometry": {"type": "Point", "coordinates": [36.8373, -1.30359]}}, {"type": "Feature", "properties": {"Join_Count": 1, "TARGET_FID": 747, "Facility_N": "Chonesus Clinic", "County": "Nairobi", "Division": "Kibra", "LOCATION": "Laini Saba", "Sub_Locati": "Laini Saba", "Latitude": -1.31271, "Longitude": 36.79261, "Type": "Dispensary", "Owner": "Christian Health Association of Kenya", "Id": 31857, "gridcode": 5, "RiskZone": 5, "RiskClass": "Very High", "Field1": 0}, "geometry": {"type": "Point", "coordinates": [36.79261, -1.31271]}}, {"type": "Feature", "properties": {"Join_Count": 1, "TARGET_FID": 748, "Facility_N": "Premier Laboratory (Nairobi)", "County": "Nairobi", "Division": "central", "LOCATION": "Central", "Sub_Locati": "Central", "Latitude": -1.28132, "Longitude": 36.82297, "Type": "Laboratory (Stand-alone)", "Owner": "Private Practice - Unspecified", "Id": 22439, "gridcode": 5, "RiskZone": 5, "RiskClass": "Very High", "Field1": 0}, "geometry": {"type": "Point", "coordinates": [36.82297, -1.28132]}}, {"type": "Feature", "properties": {"Join_Count": 1, "TARGET_FID": 749, "Facility_N": "Innoculation Centre", "County": "Nairobi", "Division": "City Square", "LOCATION": "Central Business District", "Sub_Locati": null, "Latitude": -1.28594, "Longitude": 36.82139, "Type": "Dispensary", "Owner": "Local Authority", "Id": 23926, "gridcode": 2, "RiskZone": 2, "RiskClass": "Low", "Field1": 0}, "geometry": {"type": "Point", "coordinates": [36.82139, -1.28594]}}, {"type": "Feature", "properties": {"Join_Count": 1, "TARGET_FID": 750, "Facility_N": "Jeffrey Medical & Diagnostic Centre", "County": "Nairobi", "Division": "Kawangware", "LOCATION": "Kawangware", "Sub_Locati": "Kawangware", "Latitude": -1.28747, "Longitude": 36.74876, "Type": "Dispensary", "Owner": "Private Practice - General Practitioner", "Id": 25441, "gridcode": 4, "RiskZone": 4, "RiskClass": "High", "Field1": 0}, "geometry": {"type": "Point", "coordinates": [36.74876, -1.28747]}}, {"type": "Feature", "properties": {"Join_Count": 1, "TARGET_FID": 751, "Facility_N": "Buruburu Friends Clinic", "County": "Nairobi", "Division": "Embakasi", "LOCATION": "Embakasi", "Sub_Locati": "Tassia", "Latitude": -1.31001, "Longitude": 36.89147, "Type": "Medical Clinic", "Owner": "Non-Governmental Organizations", "Id": 38741, "gridcode": 4, "RiskZone": 4, "RiskClass": "High", "Field1": 0}, "geometry": {"type": "Point", "coordinates": [36.89147, -1.31001]}}, {"type": "Feature", "properties": {"Join_Count": 1, "TARGET_FID": 752, "Facility_N": "Metropolitan Hospital Nairobi", "County": "Nairobi", "Division": "Makadara", "LOCATION": "Makadara", "Sub_Locati": "Harambee", "Latitude": -1.28791, "Longitude": 36.87493, "Type": "Other Hospital", "Owner": "Private Enterprise (Institution)", "Id": 36723, "gridcode": 5, "RiskZone": 5, "RiskClass": "Very High", "Field1": 0}, "geometry": {"type": "Point", "coordinates": [36.87493, -1.28791]}}, {"type": "Feature", "properties": {"Join_Count": 1, "TARGET_FID": 753, "Facility_N": "Madina Nursing Home", "County": "Nairobi", "Division": "Eastleigh North", "LOCATION": "Eastleigh North", "Sub_Locati": "Eastleigh North", "Latitude": -1.27605, "Longitude": 36.85066, "Type": "Dispensary", "Owner": "Private Enterprise (Institution)", "Id": 38741, "gridcode": 4, "RiskZone": 4, "RiskClass": "High", "Field1": 0}, "geometry": {"type": "Point", "coordinates": [36.85066, -1.27605]}}, {"type": "Feature", "properties": {"Join_Count": 1, "TARGET_FID": 754, "Facility_N": "Medanta Africare Medical Centre", "County": "Nairobi", "Division": "Westlands", "LOCATION": "Westlands", "Sub_Locati": null, "Latitude": -1.26438, "Longitude": 36.8112, "Type": "Medical Centre", "Owner": "Private Enterprise (Institution)", "Id": 38741, "gridcode": 4, "RiskZone": 4, "RiskClass": "High", "Field1": 0}, "geometry": {"type": "Point", "coordinates": [36.8112, -1.26438]}}, {"type": "Feature", "properties": {"Join_Count": 1, "TARGET_FID": 755, "Facility_N": "Nyalego Medical Clinic", "County": "Nairobi", "Division": "Kawagware", "LOCATION": "Kawagware", "Sub_Locati": "kawagware", "Latitude": -1.28384, "Longitude": 36.74239, "Type": "Dispensary", "Owner": "Private Practice - Nurse / Midwife", "Id": 25441, "gridcode": 4, "RiskZone": 4, "RiskClass": "High", "Field1": 0}, "geometry": {"type": "Point", "coordinates": [36.74239, -1.28384]}}, {"type": "Feature", "properties": {"Join_Count": 1, "TARGET_FID": 756, "Facility_N": "Karura Health Centre (Kiambu Rd)", "County": "Nairobi", "Division": "Karura", "LOCATION": "Muthaiga", "Sub_Locati": null, "Latitude": -1.256241, "Longitude": 36.842936, "Type": "Health Centre", "Owner": "Local Authority", "Id": 16260, "gridcode": 2, "RiskZone": 2, "RiskClass": "Low", "Field1": 0}, "geometry": {"type": "Point", "coordinates": [36.842936, -1.256241]}}, {"type": "Feature", "properties": {"Join_Count": 1, "TARGET_FID": 757, "Facility_N": "Nairobi West Hospital", "County": "Nairobi", "Division": "Lang'ata", "LOCATION": "Nairobi West", "Sub_Locati": "Nairobi West", "Latitude": -1.30684, "Longitude": 36.82576, "Type": "Other Hospital", "Owner": "Private Enterprise (Institution)", "Id": 29743, "gridcode": 5, "RiskZone": 5, "RiskClass": "Very High", "Field1": 0}, "geometry": {"type": "Point", "coordinates": [36.82576, -1.30684]}}, {"type": "Feature", "properties": {"Join_Count": 1, "TARGET_FID": 758, "Facility_N": "Eastern Medical Clinic", "County": "Nairobi", "Division": null, "LOCATION": "kayole", "Sub_Locati": null, "Latitude": -1.26556, "Longitude": 36.91985, "Type": "Medical Clinic", "Owner": "Private Practice - Unspecified", "Id": 18350, "gridcode": 4, "RiskZone": 4, "RiskClass": "High", "Field1": 0}, "geometry": {"type": "Point", "coordinates": [36.91985, -1.26556]}}, {"type": "Feature", "properties": {"Join_Count": 1, "TARGET_FID": 759, "Facility_N": "Embakasi Medical Centre", "County": "Nairobi", "Division": "Mukuru", "LOCATION": "Mukuru", "Sub_Locati": "Kwa Njenga", "Latitude": -1.32516, "Longitude": 36.89254, "Type": "Health Centre", "Owner": "Private Practice - Clinical Officer", "Id": 38741, "gridcode": 4, "RiskZone": 4, "RiskClass": "High", "Field1": 0}, "geometry": {"type": "Point", "coordinates": [36.89254, -1.32516]}}, {"type": "Feature", "properties": {"Join_Count": 1, "TARGET_FID": 760, "Facility_N": "Ngara Health Centre (City Council of Nairobi)", "County": "Nairobi", "Division": "Central", "LOCATION": "Ngara", "Sub_Locati": null, "Latitude": -1.27346, "Longitude": 36.83134, "Type": "Health Centre", "Owner": "Local Authority", "Id": 21726, "gridcode": 5, "RiskZone": 5, "RiskClass": "Very High", "Field1": 0}, "geometry": {"type": "Point", "coordinates": [36.83134, -1.27346]}}, {"type": "Feature", "properties": {"Join_Count": 1, "TARGET_FID": 761, "Facility_N": "Orient Medical Care", "County": "Nairobi", "Division": "Dagoretti South", "LOCATION": "Waithaka", "Sub_Locati": "Waithaka", "Latitude": -1.28396, "Longitude": 36.73048, "Type": "Dispensary", "Owner": "Private Practice - Nurse / Midwife", "Id": 23149, "gridcode": 5, "RiskZone": 5, "RiskClass": "Very High", "Field1": 0}, "geometry": {"type": "Point", "coordinates": [36.73048, -1.28396]}}, {"type": "Feature", "properties": {"Join_Count": 1, "TARGET_FID": 762, "Facility_N": "Lea Toto", "County": "Nairobi", "Division": "Kasarani", "LOCATION": "Kariobangi", "Sub_Locati": null, "Latitude": -1.25236, "Longitude": 36.8823, "Type": "VCT Centre (Stand-Alone)", "Owner": "Non-Governmental Organizations", "Id": 19495, "gridcode": 5, "RiskZone": 5, "RiskClass": "Very High", "Field1": 0}, "geometry": {"type": "Point", "coordinates": [36.8823, -1.25236]}}, {"type": "Feature", "properties": {"Join_Count": 1, "TARGET_FID": 763, "Facility_N": "St John Medical Centre", "County": "Nairobi", "Division": null, "LOCATION": null, "Sub_Locati": null, "Latitude": -1.2755, "Longitude": 36.9105, "Type": "Medical Clinic", "Owner": "Private Practice - Unspecified", "Id": 38741, "gridcode": 4, "RiskZone": 4, "RiskClass": "High", "Field1": 0}, "geometry": {"type": "Point", "coordinates": [36.9105, -1.2755]}}, {"type": "Feature", "properties": {"Join_Count": 1, "TARGET_FID": 764, "Facility_N": "Nairobi Womens Hospital Adams", "County": "Nairobi", "Division": "Kilimani", "LOCATION": "Kilimani", "Sub_Locati": "Maziwa", "Latitude": -1.29904, "Longitude": 36.78198, "Type": "Other Hospital", "Owner": "Private Enterprise (Institution)", "Id": 27455, "gridcode": 5, "RiskZone": 5, "RiskClass": "Very High", "Field1": 0}, "geometry": {"type": "Point", "coordinates": [36.78198, -1.29904]}}, {"type": "Feature", "properties": {"Join_Count": 1, "TARGET_FID": 765, "Facility_N": "Imperial Clinic", "County": "Nairobi", "Division": "Central", "LOCATION": "Ngara", "Sub_Locati": null, "Latitude": -1.27334, "Longitude": 36.8291, "Type": "Medical Clinic", "Owner": "Private Enterprise (Institution)", "Id": 38741, "gridcode": 4, "RiskZone": 4, "RiskClass": "High", "Field1": 0}, "geometry": {"type": "Point", "coordinates": [36.8291, -1.27334]}}, {"type": "Feature", "properties": {"Join_Count": 1, "TARGET_FID": 766, "Facility_N": "Edna Clinic", "County": "Nairobi", "Division": "Eastleigh North", "LOCATION": "Eastleigh Section I", "Sub_Locati": null, "Latitude": -1.27085, "Longitude": 36.847, "Type": "Medical Clinic", "Owner": "Private Enterprise (Institution)", "Id": 38741, "gridcode": 4, "RiskZone": 4, "RiskClass": "High", "Field1": 0}, "geometry": {"type": "Point", "coordinates": [36.847, -1.27085]}}, {"type": "Feature", "properties": {"Join_Count": 1, "TARGET_FID": 767, "Facility_N": "Huduma Health Centre", "County": "Nairobi", "Division": "Kibra", "LOCATION": "Sarang'ombe", "Sub_Locati": "Sarang'ombe", "Latitude": -1.31428, "Longitude": 36.77791, "Type": "Maternity Home", "Owner": "Private Practice - Clinical Officer", "Id": 35724, "gridcode": 3, "RiskZone": 3, "RiskClass": "Moderate", "Field1": 0}, "geometry": {"type": "Point", "coordinates": [36.77791, -1.31428]}}, {"type": "Feature", "properties": {"Join_Count": 1, "TARGET_FID": 768, "Facility_N": "Hamza Medical Centre", "County": "Nairobi", "Division": "Makadara", "LOCATION": "Makadara", "Sub_Locati": "Hamza", "Latitude": -1.296, "Longitude": 36.87331, "Type": "Medical Clinic", "Owner": "Private Practice - Clinical Officer", "Id": 38741, "gridcode": 4, "RiskZone": 4, "RiskClass": "High", "Field1": 0}, "geometry": {"type": "Point", "coordinates": [36.87331, -1.296]}}, {"type": "Feature", "properties": {"Join_Count": 1, "TARGET_FID": 769, "Facility_N": "The Nairobi Hospital Out-Patient Centre Galeria", "County": "Nairobi", "Division": "Lang'ata", "LOCATION": "Lang'ata", "Sub_Locati": "Lang'ata", "Latitude": -1.34329, "Longitude": 36.76501, "Type": "Medical Clinic", "Owner": "Private Enterprise (Institution)", "Id": 49638, "gridcode": 3, "RiskZone": 3, "RiskClass": "Moderate", "Field1": 0}, "geometry": {"type": "Point", "coordinates": [36.76501, -1.34329]}}, {"type": "Feature", "properties": {"Join_Count": 1, "TARGET_FID": 770, "Facility_N": "Sure Drug Medical Clinic", "County": "Nairobi", "Division": null, "LOCATION": null, "Sub_Locati": null, "Latitude": -1.28971, "Longitude": 36.84484, "Type": "Medical Clinic", "Owner": "Private Enterprise (Institution)", "Id": 26755, "gridcode": 5, "RiskZone": 5, "RiskClass": "Very High", "Field1": 0}, "geometry": {"type": "Point", "coordinates": [36.84484, -1.28971]}}, {"type": "Feature", "properties": {"Join_Count": 1, "TARGET_FID": 771, "Facility_N": "Olive Link Health Care", "County": "Nairobi", "Division": "Makadara", "LOCATION": "Viwandani", "Sub_Locati": "Viwandani", "Latitude": -1.30907, "Longitude": 36.88053, "Type": "Health Centre", "Owner": "Non-Governmental Organizations", "Id": 36723, "gridcode": 5, "RiskZone": 5, "RiskClass": "Very High", "Field1": 0}, "geometry": {"type": "Point", "coordinates": [36.88053, -1.30907]}}, {"type": "Feature", "properties": {"Join_Count": 1, "TARGET_FID": 772, "Facility_N": "Promise Medical Services", "County": "Nairobi", "Division": "Roysambu", "LOCATION": "kariobangi", "Sub_Locati": "kariobangi", "Latitude": -1.25581, "Longitude": 36.88086, "Type": "Medical Clinic", "Owner": "Private Practice - General Practitioner", "Id": 38741, "gridcode": 4, "RiskZone": 4, "RiskClass": "High", "Field1": 0}, "geometry": {"type": "Point", "coordinates": [36.88086, -1.25581]}}, {"type": "Feature", "properties": {"Join_Count": 1, "TARGET_FID": 773, "Facility_N": "Access Afya", "County": "Nairobi", "Division": "Nairobi South", "LOCATION": "Mukuru Nyayo", "Sub_Locati": "Mukuru Nyayo", "Latitude": -1.31085, "Longitude": 36.8427, "Type": "Medical Clinic", "Owner": "Private Practice - General Practitioner", "Id": 35680, "gridcode": 4, "RiskZone": 4, "RiskClass": "High", "Field1": 0}, "geometry": {"type": "Point", "coordinates": [36.8427, -1.31085]}}, {"type": "Feature", "properties": {"Join_Count": 1, "TARGET_FID": 774, "Facility_N": "Dagoretti Community Dispesary", "County": "Nairobi", "Division": "Dagoretti", "LOCATION": "Ngando", "Sub_Locati": "Ngando", "Latitude": -1.30019, "Longitude": 36.7534, "Type": "Dispensary", "Owner": "Non-Governmental Organizations", "Id": 28695, "gridcode": 4, "RiskZone": 4, "RiskClass": "High", "Field1": 0}, "geometry": {"type": "Point", "coordinates": [36.7534, -1.30019]}}, {"type": "Feature", "properties": {"Join_Count": 1, "TARGET_FID": 775, "Facility_N": "SDA Health Services Likoni Road Clinic", "County": "Nairobi", "Division": "Viwandani", "LOCATION": "Viwandani", "Sub_Locati": "Landmawe", "Latitude": -1.30762, "Longitude": 36.85686, "Type": "Medical Clinic", "Owner": "Christian Health Association of Kenya", "Id": 36723, "gridcode": 5, "RiskZone": 5, "RiskClass": "Very High", "Field1": 0}, "geometry": {"type": "Point", "coordinates": [36.85686, -1.30762]}}, {"type": "Feature", "properties": {"Join_Count": 1, "TARGET_FID": 776, "Facility_N": "Sex Workers Operation Project (Swop)", "County": "Nairobi", "Division": "Central", "LOCATION": "Central Business District", "Sub_Locati": null, "Latitude": -1.2852, "Longitude": 36.821, "Type": "Dispensary", "Owner": "Non-Governmental Organizations", "Id": 23926, "gridcode": 2, "RiskZone": 2, "RiskClass": "Low", "Field1": 0}, "geometry": {"type": "Point", "coordinates": [36.821, -1.2852]}}, {"type": "Feature", "properties": {"Join_Count": 1, "TARGET_FID": 777, "Facility_N": "Rhodes Chest Clinic", "County": "Nairobi", "Division": "Central", "LOCATION": "Central Business District", "Sub_Locati": null, "Latitude": -1.28925, "Longitude": 36.82191, "Type": "Dispensary", "Owner": "Local Authority", "Id": 38741, "gridcode": 4, "RiskZone": 4, "RiskClass": "High", "Field1": 0}, "geometry": {"type": "Point", "coordinates": [36.82191, -1.28925]}}, {"type": "Feature", "properties": {"Join_Count": 1, "TARGET_FID": 778, "Facility_N": "Dr Were Medical Clinic", "County": "Nairobi", "Division": "kilimani", "LOCATION": "Kilimani", "Sub_Locati": null, "Latitude": -1.29483, "Longitude": 36.8064, "Type": "Medical Clinic", "Owner": "Private Practice - Unspecified", "Id": 35724, "gridcode": 3, "RiskZone": 3, "RiskClass": "Moderate", "Field1": 0}, "geometry": {"type": "Point", "coordinates": [36.8064, -1.29483]}}, {"type": "Feature", "properties": {"Join_Count": 1, "TARGET_FID": 779, "Facility_N": "Family Life Promotions and Services", "County": "Nairobi", "Division": "Bahati", "LOCATION": "Jerusalem", "Sub_Locati": "Bahati", "Latitude": -1.28447, "Longitude": 36.86469, "Type": "Dispensary", "Owner": "Non-Governmental Organizations", "Id": 36723, "gridcode": 5, "RiskZone": 5, "RiskClass": "Very High", "Field1": 0}, "geometry": {"type": "Point", "coordinates": [36.86469, -1.28447]}}, {"type": "Feature", "properties": {"Join_Count": 1, "TARGET_FID": 780, "Facility_N": "Kenyatta University Dispensary", "County": "Nairobi", "Division": "Kasarani", "LOCATION": "Githurai", "Sub_Locati": null, "Latitude": -1.1784, "Longitude": 36.93497, "Type": "Dispensary", "Owner": "Other Public Institution", "Id": 38741, "gridcode": 4, "RiskZone": 4, "RiskClass": "High", "Field1": 0}, "geometry": {"type": "Point", "coordinates": [36.93497, -1.1784]}}, {"type": "Feature", "properties": {"Join_Count": 1, "TARGET_FID": 781, "Facility_N": "St Vincent Catholic Clinic", "County": "Nairobi", "Division": "Eastleigh North", "LOCATION": "Eastleigh North", "Sub_Locati": "Eastleigh North", "Latitude": -1.26696, "Longitude": 36.84884, "Type": "Medical Clinic", "Owner": "Other Faith Based", "Id": 19495, "gridcode": 5, "RiskZone": 5, "RiskClass": "Very High", "Field1": 0}, "geometry": {"type": "Point", "coordinates": [36.84884, -1.26696]}}, {"type": "Feature", "properties": {"Join_Count": 1, "TARGET_FID": 782, "Facility_N": "Glory Health Clinic", "County": "Nairobi", "Division": "Kawangware", "LOCATION": "Riruta", "Sub_Locati": "Riruta", "Latitude": -1.29192, "Longitude": 36.74829, "Type": "Dispensary", "Owner": "Private Practice - Nurse / Midwife", "Id": 25510, "gridcode": 2, "RiskZone": 2, "RiskClass": "Low", "Field1": 0}, "geometry": {"type": "Point", "coordinates": [36.74829, -1.29192]}}, {"type": "Feature", "properties": {"Join_Count": 1, "TARGET_FID": 783, "Facility_N": "Mwatate Healthcare Centre", "County": "Nairobi", "Division": "Embakasi", "LOCATION": "Embakasi", "Sub_Locati": "Tassia", "Latitude": -1.36091, "Longitude": 36.8925, "Type": "Medical Clinic", "Owner": "Non-Governmental Organizations", "Id": 49638, "gridcode": 3, "RiskZone": 3, "RiskClass": "Moderate", "Field1": 0}, "geometry": {"type": "Point", "coordinates": [36.8925, -1.36091]}}, {"type": "Feature", "properties": {"Join_Count": 1, "TARGET_FID": 784, "Facility_N": "Mukuru Crescent Clinic", "County": "Nairobi", "Division": "South B", "LOCATION": "Hazina", "Sub_Locati": "Mukuru Nyayo", "Latitude": -1.31243, "Longitude": 36.84989, "Type": "Medical Clinic", "Owner": "Supreme Council for Kenya Muslims", "Id": 38741, "gridcode": 4, "RiskZone": 4, "RiskClass": "High", "Field1": 0}, "geometry": {"type": "Point", "coordinates": [36.84989, -1.31243]}}, {"type": "Feature", "properties": {"Join_Count": 1, "TARGET_FID": 785, "Facility_N": "Medicare Clinic", "County": "Nairobi", "Division": "Central", "LOCATION": "Central Business District", "Sub_Locati": null, "Latitude": -1.2852, "Longitude": 36.821, "Type": "Medical Clinic", "Owner": "Private Enterprise (Institution)", "Id": 23926, "gridcode": 2, "RiskZone": 2, "RiskClass": "Low", "Field1": 0}, "geometry": {"type": "Point", "coordinates": [36.821, -1.2852]}}, {"type": "Feature", "properties": {"Join_Count": 1, "TARGET_FID": 786, "Facility_N": "Oncology Reference Lab", "County": "Nairobi", "Division": "Kenyatta", "LOCATION": null, "Sub_Locati": null, "Latitude": -1.30433, "Longitude": 36.80769, "Type": "Laboratory (Stand-alone)", "Owner": "Ministry of Health", "Id": 35724, "gridcode": 3, "RiskZone": 3, "RiskClass": "Moderate", "Field1": 0}, "geometry": {"type": "Point", "coordinates": [36.80769, -1.30433]}}, {"type": "Feature", "properties": {"Join_Count": 1, "TARGET_FID": 787, "Facility_N": "Pumwani Clinic", "County": "Nairobi", "Division": "Pumwani", "LOCATION": "Pumwani", "Sub_Locati": null, "Latitude": -1.27777, "Longitude": 36.84565, "Type": "Dispensary", "Owner": "Local Authority", "Id": 38741, "gridcode": 4, "RiskZone": 4, "RiskClass": "High", "Field1": 0}, "geometry": {"type": "Point", "coordinates": [36.84565, -1.27777]}}, {"type": "Feature", "properties": {"Join_Count": 1, "TARGET_FID": 788, "Facility_N": "Abdallah Dental Clinic (Barclays Plaza-Nairobi)", "County": "Nairobi", "Division": "Central", "LOCATION": "Central", "Sub_Locati": "Central", "Latitude": -1.28474, "Longitude": 36.81815, "Type": "Dental Clinic", "Owner": "Private Practice - Unspecified", "Id": 23303, "gridcode": 2, "RiskZone": 2, "RiskClass": "Low", "Field1": 0}, "geometry": {"type": "Point", "coordinates": [36.81815, -1.28474]}}, {"type": "Feature", "properties": {"Join_Count": 1, "TARGET_FID": 789, "Facility_N": "Pangani Dispensary", "County": "Nairobi", "Division": "Central", "LOCATION": "Kariokor", "Sub_Locati": null, "Latitude": -1.26741, "Longitude": 36.83815, "Type": "Dispensary", "Owner": "Local Authority", "Id": 18199, "gridcode": 3, "RiskZone": 3, "RiskClass": "Moderate", "Field1": 0}, "geometry": {"type": "Point", "coordinates": [36.83815, -1.26741]}}, {"type": "Feature", "properties": {"Join_Count": 1, "TARGET_FID": 790, "Facility_N": "Kayole II Sub-District Hospital", "County": "Nairobi", "Division": "Embakasi", "LOCATION": "Kayole", "Sub_Locati": "Kayole", "Latitude": -1.26649, "Longitude": 36.91668, "Type": "Health Centre", "Owner": "Local Authority", "Id": 18278, "gridcode": 4, "RiskZone": 4, "RiskClass": "High", "Field1": 0}, "geometry": {"type": "Point", "coordinates": [36.91668, -1.26649]}}, {"type": "Feature", "properties": {"Join_Count": 1, "TARGET_FID": 791, "Facility_N": "Mwatate Clinic", "County": "Nairobi", "Division": "Embakasi", "LOCATION": "Mukuru", "Sub_Locati": "Kwa Njenga", "Latitude": -1.31397, "Longitude": 36.89026, "Type": "Medical Clinic", "Owner": "Private Enterprise (Institution)", "Id": 36723, "gridcode": 5, "RiskZone": 5, "RiskClass": "Very High", "Field1": 0}, "geometry": {"type": "Point", "coordinates": [36.89026, -1.31397]}}, {"type": "Feature", "properties": {"Join_Count": 1, "TARGET_FID": 792, "Facility_N": "Umoja Health Centre", "County": "Nairobi", "Division": "Embakasi", "LOCATION": "Umoja", "Sub_Locati": "Umoja", "Latitude": -1.32023, "Longitude": 36.88918, "Type": "Health Centre", "Owner": "Local Authority", "Id": 32603, "gridcode": 3, "RiskZone": 3, "RiskClass": "Moderate", "Field1": 0}, "geometry": {"type": "Point", "coordinates": [36.88918, -1.32023]}}, {"type": "Feature", "properties": {"Join_Count": 1, "TARGET_FID": 793, "Facility_N": "Bodaki Medical Clinic", "County": "Nairobi", "Division": "Kawangware", "LOCATION": "Kawangware", "Sub_Locati": "Gatina", "Latitude": -1.27617, "Longitude": 36.7558, "Type": "Medical Clinic", "Owner": "Private Practice - Nurse / Midwife", "Id": 25441, "gridcode": 4, "RiskZone": 4, "RiskClass": "High", "Field1": 0}, "geometry": {"type": "Point", "coordinates": [36.7558, -1.27617]}}, {"type": "Feature", "properties": {"Join_Count": 1, "TARGET_FID": 794, "Facility_N": "Sharifik Medical Clinic", "County": "Nairobi", "Division": "Roysambu", "LOCATION": "Roysambu", "Sub_Locati": "Roysambu", "Latitude": -1.18485, "Longitude": 36.9041, "Type": "Medical Clinic", "Owner": "Private Practice - General Practitioner", "Id": 2244, "gridcode": 5, "RiskZone": 5, "RiskClass": "Very High", "Field1": 0}, "geometry": {"type": "Point", "coordinates": [36.9041, -1.18485]}}, {"type": "Feature", "properties": {"Join_Count": 1, "TARGET_FID": 795, "Facility_N": "Srisathya Sai Medical Clinic", "County": "Nairobi", "Division": null, "LOCATION": null, "Sub_Locati": null, "Latitude": -1.26386, "Longitude": 36.76455, "Type": "Medical Clinic", "Owner": "Private Enterprise (Institution)", "Id": 17252, "gridcode": 4, "RiskZone": 4, "RiskClass": "High", "Field1": 0}, "geometry": {"type": "Point", "coordinates": [36.76455, -1.26386]}}, {"type": "Feature", "properties": {"Join_Count": 1, "TARGET_FID": 796, "Facility_N": "Medical Link Integrated Health Program", "County": "Nairobi", "Division": "Viwandani", "LOCATION": "Viwandani", "Sub_Locati": "Viwandani", "Latitude": -1.31165, "Longitude": 36.87067, "Type": "Medical Clinic", "Owner": "Non-Governmental Organizations", "Id": 36723, "gridcode": 5, "RiskZone": 5, "RiskClass": "Very High", "Field1": 0}, "geometry": {"type": "Point", "coordinates": [36.87067, -1.31165]}}, {"type": "Feature", "properties": {"Join_Count": 1, "TARGET_FID": 797, "Facility_N": "State House Dispensary (Nairobi)", "County": "Nairobi", "Division": "Kilimani", "LOCATION": "Kilimani", "Sub_Locati": "Kilimani", "Latitude": -1.28558, "Longitude": 36.8012, "Type": "Dispensary", "Owner": "Ministry of Health", "Id": 24276, "gridcode": 2, "RiskZone": 2, "RiskClass": "Low", "Field1": 0}, "geometry": {"type": "Point", "coordinates": [36.8012, -1.28558]}}, {"type": "Feature", "properties": {"Join_Count": 1, "TARGET_FID": 798, "Facility_N": "Dandora Medical and Laboratory Services (Kojwang)", "County": "Nairobi", "Division": "Dandora", "LOCATION": "Dandora", "Sub_Locati": "Dandora Phase 2", "Latitude": -1.24586, "Longitude": 36.90709, "Type": "Medical Clinic", "Owner": "Private Practice - General Practitioner", "Id": 38741, "gridcode": 4, "RiskZone": 4, "RiskClass": "High", "Field1": 0}, "geometry": {"type": "Point", "coordinates": [36.90709, -1.24586]}}, {"type": "Feature", "properties": {"Join_Count": 1, "TARGET_FID": 799, "Facility_N": "Lea Toto Mwiki", "County": "Nairobi", "Division": "Roysambu", "LOCATION": "Githurai", "Sub_Locati": "Zimmerman", "Latitude": -1.20876, "Longitude": 36.89465, "Type": "VCT Centre (Stand-Alone)", "Owner": "Non-Governmental Organizations", "Id": 5009, "gridcode": 5, "RiskZone": 5, "RiskClass": "Very High", "Field1": 0}, "geometry": {"type": "Point", "coordinates": [36.89465, -1.20876]}}, {"type": "Feature", "properties": {"Join_Count": 1, "TARGET_FID": 800, "Facility_N": "Catholic Dispensary Kariobangi", "County": "Nairobi", "Division": "Kasarani", "LOCATION": "kariobangi", "Sub_Locati": "kariobangi", "Latitude": -1.25775, "Longitude": 36.87993, "Type": "Dispensary", "Owner": "Kenya Episcopal Conference-Catholic Secretariat", "Id": 19495, "gridcode": 5, "RiskZone": 5, "RiskClass": "Very High", "Field1": 0}, "geometry": {"type": "Point", "coordinates": [36.87993, -1.25775]}}, {"type": "Feature", "properties": {"Join_Count": 1, "TARGET_FID": 801, "Facility_N": "Kariobangi South Clinic", "County": "Nairobi", "Division": "Kariobangi South", "LOCATION": "Kariobangi South", "Sub_Locati": "Kariobangi South", "Latitude": -1.26826, "Longitude": 36.88294, "Type": "Medical Clinic", "Owner": "Local Authority", "Id": 36723, "gridcode": 5, "RiskZone": 5, "RiskClass": "Very High", "Field1": 0}, "geometry": {"type": "Point", "coordinates": [36.88294, -1.26826]}}, {"type": "Feature", "properties": {"Join_Count": 1, "TARGET_FID": 802, "Facility_N": "Baraka Dispensary (Nairobi)", "County": "Nairobi", "Division": "Kasarani", "LOCATION": "Ruaraka", "Sub_Locati": null, "Latitude": -1.25756, "Longitude": 36.858, "Type": "Dispensary", "Owner": "Private Enterprise (Institution)", "Id": 16091, "gridcode": 3, "RiskZone": 3, "RiskClass": "Moderate", "Field1": 0}, "geometry": {"type": "Point", "coordinates": [36.858, -1.25756]}}, {"type": "Feature", "properties": {"Join_Count": 1, "TARGET_FID": 803, "Facility_N": "Rinah Health Consultants", "County": "Nairobi", "Division": "central", "LOCATION": "Central", "Sub_Locati": "c", "Latitude": -1.28799, "Longitude": 36.82763, "Type": "Medical Clinic", "Owner": "Private Practice - Medical Specialist", "Id": 38741, "gridcode": 4, "RiskZone": 4, "RiskClass": "High", "Field1": 0}, "geometry": {"type": "Point", "coordinates": [36.82763, -1.28799]}}, {"type": "Feature", "properties": {"Join_Count": 1, "TARGET_FID": 804, "Facility_N": "St Michael Clinic", "County": "Nairobi", "Division": "Dagoretti", "LOCATION": "Golfcourse", "Sub_Locati": null, "Latitude": -1.30366, "Longitude": 36.7977, "Type": "Dispensary", "Owner": "Private Enterprise (Institution)", "Id": 29040, "gridcode": 1, "RiskZone": 1, "RiskClass": "Very Low", "Field1": 0}, "geometry": {"type": "Point", "coordinates": [36.7977, -1.30366]}}, {"type": "Feature", "properties": {"Join_Count": 1, "TARGET_FID": 805, "Facility_N": "Skylit Medical Clinic", "County": "Nairobi", "Division": "Eastleigh North", "LOCATION": "Eastleigh North", "Sub_Locati": "Eastleigh North", "Latitude": -1.27817, "Longitude": 36.85169, "Type": "Medical Clinic", "Owner": "Private Enterprise (Institution)", "Id": 22790, "gridcode": 5, "RiskZone": 5, "RiskClass": "Very High", "Field1": 0}, "geometry": {"type": "Point", "coordinates": [36.85169, -1.27817]}}, {"type": "Feature", "properties": {"Join_Count": 1, "TARGET_FID": 806, "Facility_N": "Getrudes Children's Hospital", "County": "Nairobi", "Division": "Makadara", "LOCATION": "Hamza", "Sub_Locati": "Hamza", "Latitude": -1.29383, "Longitude": 36.87538, "Type": "Medical Clinic", "Owner": "Private Practice - Clinical Officer", "Id": 38741, "gridcode": 4, "RiskZone": 4, "RiskClass": "High", "Field1": 0}, "geometry": {"type": "Point", "coordinates": [36.87538, -1.29383]}}, {"type": "Feature", "properties": {"Join_Count": 1, "TARGET_FID": 807, "Facility_N": "Crescent Medical Aid Kenya Korogocho Clinic", "County": "Nairobi", "Division": "Roysambu", "LOCATION": "Korogocho", "Sub_Locati": "korogocho", "Latitude": -1.25176, "Longitude": 36.89099, "Type": "Medical Clinic", "Owner": "Private Practice - General Practitioner", "Id": 38741, "gridcode": 4, "RiskZone": 4, "RiskClass": "High", "Field1": 0}, "geometry": {"type": "Point", "coordinates": [36.89099, -1.25176]}}, {"type": "Feature", "properties": {"Join_Count": 1, "TARGET_FID": 808, "Facility_N": "Emmaus Nursing Home", "County": "Nairobi", "Division": "Embakasi", "LOCATION": "Umoja", "Sub_Locati": "Savannah", "Latitude": -1.28031, "Longitude": 36.8912, "Type": "Maternity Home", "Owner": "Private Enterprise (Institution)", "Id": 36723, "gridcode": 5, "RiskZone": 5, "RiskClass": "Very High", "Field1": 0}, "geometry": {"type": "Point", "coordinates": [36.8912, -1.28031]}}, {"type": "Feature", "properties": {"Join_Count": 1, "TARGET_FID": 809, "Facility_N": "St Mary's Medical Clinic", "County": "Nairobi", "Division": "Embakasi", "LOCATION": "Umoja", "Sub_Locati": "Umoja", "Latitude": -1.28031, "Longitude": 36.8912, "Type": "Medical Clinic", "Owner": "Private Enterprise (Institution)", "Id": 36723, "gridcode": 5, "RiskZone": 5, "RiskClass": "Very High", "Field1": 0}, "geometry": {"type": "Point", "coordinates": [36.8912, -1.28031]}}, {"type": "Feature", "properties": {"Join_Count": 1, "TARGET_FID": 810, "Facility_N": "AAR Mountain mall", "County": "Nairobi", "Division": "Roysambu", "LOCATION": "Roysambu", "Sub_Locati": "Garden", "Latitude": -1.23283, "Longitude": 36.87403, "Type": "Medical Clinic", "Owner": "Private Practice - Nurse / Midwife", "Id": 9904, "gridcode": 5, "RiskZone": 5, "RiskClass": "Very High", "Field1": 0}, "geometry": {"type": "Point", "coordinates": [36.87403, -1.23283]}}, {"type": "Feature", "properties": {"Join_Count": 1, "TARGET_FID": 811, "Facility_N": "Good Shepherd Dispensary", "County": "Nairobi", "Division": "Dagoretti", "LOCATION": "Mutuini", "Sub_Locati": "Kirigu", "Latitude": -1.28837, "Longitude": 36.6873, "Type": "Dispensary", "Owner": "Private Enterprise (Institution)", "Id": 25434, "gridcode": 4, "RiskZone": 4, "RiskClass": "High", "Field1": 0}, "geometry": {"type": "Point", "coordinates": [36.6873, -1.28837]}}, {"type": "Feature", "properties": {"Join_Count": 1, "TARGET_FID": 812, "Facility_N": "Pipeline Nursing Home", "County": "Nairobi", "Division": "Embakasi", "LOCATION": "Mukuru", "Sub_Locati": "Kwa Njenga", "Latitude": -1.31699, "Longitude": 36.8865, "Type": "Nursing Home", "Owner": "Private Enterprise (Institution)", "Id": 36723, "gridcode": 5, "RiskZone": 5, "RiskClass": "Very High", "Field1": 0}, "geometry": {"type": "Point", "coordinates": [36.8865, -1.31699]}}, {"type": "Feature", "properties": {"Join_Count": 1, "TARGET_FID": 813, "Facility_N": "Kariokor Clinic", "County": "Nairobi", "Division": "Starehe", "LOCATION": "Kariokor", "Sub_Locati": "Ziwani", "Latitude": -1.2789, "Longitude": 36.83661, "Type": "Dispensary", "Owner": "Local Authority", "Id": 38741, "gridcode": 4, "RiskZone": 4, "RiskClass": "High", "Field1": 0}, "geometry": {"type": "Point", "coordinates": [36.83661, -1.2789]}}, {"type": "Feature", "properties": {"Join_Count": 1, "TARGET_FID": 814, "Facility_N": "Kwosp (Korogocho)", "County": "Nairobi", "Division": "Kariobangi", "LOCATION": "Kariobangi", "Sub_Locati": "Kariobangi", "Latitude": -1.25649, "Longitude": 36.88275, "Type": "VCT Centre (Stand-Alone)", "Owner": "Non-Governmental Organizations", "Id": 19495, "gridcode": 5, "RiskZone": 5, "RiskClass": "Very High", "Field1": 0}, "geometry": {"type": "Point", "coordinates": [36.88275, -1.25649]}}, {"type": "Feature", "properties": {"Join_Count": 1, "TARGET_FID": 815, "Facility_N": "St Mary's Health Centre", "County": "Nairobi", "Division": "Kasarani", "LOCATION": "Korogocho", "Sub_Locati": null, "Latitude": -1.24396, "Longitude": 36.8928, "Type": "Health Centre", "Owner": "Private Enterprise (Institution)", "Id": 38741, "gridcode": 4, "RiskZone": 4, "RiskClass": "High", "Field1": 0}, "geometry": {"type": "Point", "coordinates": [36.8928, -1.24396]}}, {"type": "Feature", "properties": {"Join_Count": 1, "TARGET_FID": 816, "Facility_N": "Wakibe Clinic", "County": "Nairobi", "Division": "Central", "LOCATION": "Huruma", "Sub_Locati": null, "Latitude": -1.26097, "Longitude": 36.86882, "Type": "Medical Clinic", "Owner": "Private Enterprise (Institution)", "Id": 16263, "gridcode": 5, "RiskZone": 5, "RiskClass": "Very High", "Field1": 0}, "geometry": {"type": "Point", "coordinates": [36.86882, -1.26097]}}, {"type": "Feature", "properties": {"Join_Count": 1, "TARGET_FID": 817, "Facility_N": "Adventist Centre For Care and Support (Kilimani)", "County": "Nairobi", "Division": "Kilimani", "LOCATION": "Kilimani", "Sub_Locati": "Kilimani", "Latitude": -1.28899, "Longitude": 36.80751, "Type": "VCT Centre (Stand-Alone)", "Owner": "Other Faith Based", "Id": 25692, "gridcode": 4, "RiskZone": 4, "RiskClass": "High", "Field1": 0}, "geometry": {"type": "Point", "coordinates": [36.80751, -1.28899]}}, {"type": "Feature", "properties": {"Join_Count": 1, "TARGET_FID": 818, "Facility_N": "Imara Health Centre", "County": "Nairobi", "Division": "Embakasi", "LOCATION": "Mukuru", "Sub_Locati": "Mukuru Kwa Njenga", "Latitude": -1.32023, "Longitude": 36.88918, "Type": "Health Centre", "Owner": "Christian Health Association of Kenya", "Id": 32603, "gridcode": 3, "RiskZone": 3, "RiskClass": "Moderate", "Field1": 0}, "geometry": {"type": "Point", "coordinates": [36.88918, -1.32023]}}, {"type": "Feature", "properties": {"Join_Count": 1, "TARGET_FID": 819, "Facility_N": "Professional Diagnostic Centre (Nairobi)", "County": "Nairobi", "Division": "central", "LOCATION": "Central", "Sub_Locati": "Central", "Latitude": -1.28614, "Longitude": 36.82553, "Type": "Laboratory (Stand-alone)", "Owner": "Private Practice - Unspecified", "Id": 35724, "gridcode": 3, "RiskZone": 3, "RiskClass": "Moderate", "Field1": 0}, "geometry": {"type": "Point", "coordinates": [36.82553, -1.28614]}}, {"type": "Feature", "properties": {"Join_Count": 1, "TARGET_FID": 820, "Facility_N": "South B Police Band Dispensary", "County": "Nairobi", "Division": "South B", "LOCATION": "Mukuru Nyayo", "Sub_Locati": "Nairobi South", "Latitude": -1.31512, "Longitude": 36.83465, "Type": "Dispensary", "Owner": "Other Public Institution", "Id": 35680, "gridcode": 4, "RiskZone": 4, "RiskClass": "High", "Field1": 0}, "geometry": {"type": "Point", "coordinates": [36.83465, -1.31512]}}, {"type": "Feature", "properties": {"Join_Count": 1, "TARGET_FID": 821, "Facility_N": "Teachers Service Commission", "County": "Nairobi", "Division": "Central", "LOCATION": "Central Business District", "Sub_Locati": null, "Latitude": -1.2852, "Longitude": 36.821, "Type": "VCT Centre (Stand-Alone)", "Owner": "Other Public Institution", "Id": 23926, "gridcode": 2, "RiskZone": 2, "RiskClass": "Low", "Field1": 0}, "geometry": {"type": "Point", "coordinates": [36.821, -1.2852]}}, {"type": "Feature", "properties": {"Join_Count": 1, "TARGET_FID": 822, "Facility_N": "Njiru Dispensary", "County": "Nairobi", "Division": "Njiru", "LOCATION": "Njiru", "Sub_Locati": "Njiru", "Latitude": -1.24703, "Longitude": 36.9391, "Type": "Dispensary", "Owner": "Local Authority", "Id": 14913, "gridcode": 5, "RiskZone": 5, "RiskClass": "Very High", "Field1": 0}, "geometry": {"type": "Point", "coordinates": [36.9391, -1.24703]}}, {"type": "Feature", "properties": {"Join_Count": 1, "TARGET_FID": 823, "Facility_N": "Mary Immaculate Sisters Dispensary", "County": "Nairobi", "Division": "Bahati", "LOCATION": "Bahati", "Sub_Locati": null, "Latitude": -1.29206, "Longitude": 36.8574, "Type": "Dispensary", "Owner": "Other Faith Based", "Id": 36723, "gridcode": 5, "RiskZone": 5, "RiskClass": "Very High", "Field1": 0}, "geometry": {"type": "Point", "coordinates": [36.8574, -1.29206]}}, {"type": "Feature", "properties": {"Join_Count": 1, "TARGET_FID": 824, "Facility_N": "Slum Medical Clinic", "County": "Nairobi", "Division": "Kibra", "LOCATION": "Kibera", "Sub_Locati": "Lindi", "Latitude": -1.31404, "Longitude": 36.79157, "Type": "Medical Clinic", "Owner": "Private Practice - Nurse / Midwife", "Id": 35680, "gridcode": 4, "RiskZone": 4, "RiskClass": "High", "Field1": 0}, "geometry": {"type": "Point", "coordinates": [36.79157, -1.31404]}}, {"type": "Feature", "properties": {"Join_Count": 1, "TARGET_FID": 825, "Facility_N": "Kwetu Medical Clinic", "County": "Nairobi", "Division": "Kasarani", "LOCATION": "kasarani", "Sub_Locati": "kasarani", "Latitude": -1.22642, "Longitude": 36.92261, "Type": "Medical Clinic", "Owner": "Private Practice - General Practitioner", "Id": 10701, "gridcode": 5, "RiskZone": 5, "RiskClass": "Very High", "Field1": 0}, "geometry": {"type": "Point", "coordinates": [36.92261, -1.22642]}}, {"type": "Feature", "properties": {"Join_Count": 1, "TARGET_FID": 826, "Facility_N": "Al Amin Nursing Home", "County": "Nairobi", "Division": "Eastleigh North", "LOCATION": "Eastleigh North", "Sub_Locati": "Eastleigh North", "Latitude": -1.27144, "Longitude": 36.84545, "Type": "Health Centre", "Owner": "Private Practice - Clinical Officer", "Id": 38741, "gridcode": 4, "RiskZone": 4, "RiskClass": "High", "Field1": 0}, "geometry": {"type": "Point", "coordinates": [36.84545, -1.27144]}}, {"type": "Feature", "properties": {"Join_Count": 1, "TARGET_FID": 827, "Facility_N": "Amurt Health Centre", "County": "Nairobi", "Division": "Kangemi", "LOCATION": "Kangemi", "Sub_Locati": "Kangemi", "Latitude": -1.2658, "Longitude": 36.73778, "Type": "Dispensary", "Owner": "Non-Governmental Organizations", "Id": 17731, "gridcode": 3, "RiskZone": 3, "RiskClass": "Moderate", "Field1": 0}, "geometry": {"type": "Point", "coordinates": [36.73778, -1.2658]}}, {"type": "Feature", "properties": {"Join_Count": 1, "TARGET_FID": 828, "Facility_N": "Kenya Police Staff College Clinic", "County": "Nairobi", "Division": "Kitisuru", "LOCATION": "Girigiri", "Sub_Locati": "loresho", "Latitude": -1.23307, "Longitude": 36.80537, "Type": "Dispensary", "Owner": "Academic (if registered)", "Id": 11479, "gridcode": 4, "RiskZone": 4, "RiskClass": "High", "Field1": 0}, "geometry": {"type": "Point", "coordinates": [36.80537, -1.23307]}}, {"type": "Feature", "properties": {"Join_Count": 1, "TARGET_FID": 829, "Facility_N": "Langata Health Centre", "County": "Nairobi", "Division": "Lang'ata", "LOCATION": "Mugumoini", "Sub_Locati": "Mugumoini", "Latitude": -1.32054, "Longitude": 36.77983, "Type": "Health Centre", "Owner": "Local Authority", "Id": 35724, "gridcode": 3, "RiskZone": 3, "RiskClass": "Moderate", "Field1": 0}, "geometry": {"type": "Point", "coordinates": [36.77983, -1.32054]}}, {"type": "Feature", "properties": {"Join_Count": 1, "TARGET_FID": 830, "Facility_N": "Hazina Medical Clinic", "County": "Nairobi", "Division": "central", "LOCATION": "Central", "Sub_Locati": "Central", "Latitude": -1.2823, "Longitude": 36.81619, "Type": "Medical Clinic", "Owner": "Private Practice - Medical Specialist", "Id": 35724, "gridcode": 3, "RiskZone": 3, "RiskClass": "Moderate", "Field1": 0}, "geometry": {"type": "Point", "coordinates": [36.81619, -1.2823]}}, {"type": "Feature", "properties": {"Join_Count": 1, "TARGET_FID": 831, "Facility_N": "Ngumba Medical Centre", "County": "Nairobi", "Division": "Ruaraka", "LOCATION": "ruarak", "Sub_Locati": null, "Latitude": -1.23462, "Longitude": 36.88339, "Type": "Medical Clinic", "Owner": "Private Enterprise (Institution)", "Id": 9732, "gridcode": 5, "RiskZone": 5, "RiskClass": "Very High", "Field1": 0}, "geometry": {"type": "Point", "coordinates": [36.88339, -1.23462]}}, {"type": "Feature", "properties": {"Join_Count": 1, "TARGET_FID": 832, "Facility_N": "St Johns Ambulance", "County": "Nairobi", "Division": "Central", "LOCATION": "Central Business District", "Sub_Locati": null, "Latitude": -1.2852, "Longitude": 36.821, "Type": "VCT Centre (Stand-Alone)", "Owner": "Non-Governmental Organizations", "Id": 23926, "gridcode": 2, "RiskZone": 2, "RiskClass": "Low", "Field1": 0}, "geometry": {"type": "Point", "coordinates": [36.821, -1.2852]}}, {"type": "Feature", "properties": {"Join_Count": 1, "TARGET_FID": 833, "Facility_N": "Jacaranda Special School", "County": "Nairobi", "Division": "Kileleshwa", "LOCATION": "kileleshwa", "Sub_Locati": null, "Latitude": -1.28133, "Longitude": 36.78657, "Type": "Training Institution in Health (Stand-alone)", "Owner": "Other Public Institution", "Id": 22668, "gridcode": 2, "RiskZone": 2, "RiskClass": "Low", "Field1": 0}, "geometry": {"type": "Point", "coordinates": [36.78657, -1.28133]}}, {"type": "Feature", "properties": {"Join_Count": 1, "TARGET_FID": 834, "Facility_N": "St Francis Health Centre (Nairobi North)", "County": "Nairobi", "Division": "Roysambu", "LOCATION": "Githurai", "Sub_Locati": null, "Latitude": -1.22429, "Longitude": 36.9046, "Type": "Health Centre", "Owner": "Other Faith Based", "Id": 38741, "gridcode": 4, "RiskZone": 4, "RiskClass": "High", "Field1": 0}, "geometry": {"type": "Point", "coordinates": [36.9046, -1.22429]}}, {"type": "Feature", "properties": {"Join_Count": 1, "TARGET_FID": 835, "Facility_N": "Skyhill Medical Centre", "County": "Nairobi", "Division": "Kawangware", "LOCATION": "Kawangware", "Sub_Locati": "Gatina", "Latitude": -1.27951, "Longitude": 36.75728, "Type": "Health Centre", "Owner": "Private Practice - Medical Specialist", "Id": 35724, "gridcode": 3, "RiskZone": 3, "RiskClass": "Moderate", "Field1": 0}, "geometry": {"type": "Point", "coordinates": [36.75728, -1.27951]}}, {"type": "Feature", "properties": {"Join_Count": 1, "TARGET_FID": 836, "Facility_N": "Bahati Health Centre", "County": "Nairobi", "Division": "Bahati", "LOCATION": "Bahati", "Sub_Locati": "Bahati", "Latitude": -1.28891, "Longitude": 36.86299, "Type": "Health Centre", "Owner": "Local Authority", "Id": 36723, "gridcode": 5, "RiskZone": 5, "RiskClass": "Very High", "Field1": 0}, "geometry": {"type": "Point", "coordinates": [36.86299, -1.28891]}}, {"type": "Feature", "properties": {"Join_Count": 1, "TARGET_FID": 837, "Facility_N": "Carolina For Kibera VCT", "County": "Nairobi", "Division": "Sarang'ombe", "LOCATION": "Sarang'ombe", "Sub_Locati": "Olympic", "Latitude": -1.3142, "Longitude": 36.77879, "Type": "Medical Clinic", "Owner": "Non-Governmental Organizations", "Id": 35724, "gridcode": 3, "RiskZone": 3, "RiskClass": "Moderate", "Field1": 0}, "geometry": {"type": "Point", "coordinates": [36.77879, -1.3142]}}, {"type": "Feature", "properties": {"Join_Count": 1, "TARGET_FID": 838, "Facility_N": "Bar Hostess Empowerment and Support Programme (Makadara)", "County": "Nairobi", "Division": "Makadara", "LOCATION": "Makongeni", "Sub_Locati": "Makongeni", "Latitude": -1.29381, "Longitude": 36.84889, "Type": "Medical Clinic", "Owner": "Non-Governmental Organizations", "Id": 26213, "gridcode": 5, "RiskZone": 5, "RiskClass": "Very High", "Field1": 0}, "geometry": {"type": "Point", "coordinates": [36.84889, -1.29381]}}, {"type": "Feature", "properties": {"Join_Count": 1, "TARGET_FID": 839, "Facility_N": "Susamed Medical Clinic", "County": "Nairobi", "Division": "Embakasi", "LOCATION": "Kayole", "Sub_Locati": "Kayole", "Latitude": -1.26349, "Longitude": 36.924, "Type": "Medical Clinic", "Owner": "Private Practice - Nurse / Midwife", "Id": 38741, "gridcode": 4, "RiskZone": 4, "RiskClass": "High", "Field1": 0}, "geometry": {"type": "Point", "coordinates": [36.924, -1.26349]}}, {"type": "Feature", "properties": {"Join_Count": 1, "TARGET_FID": 840, "Facility_N": "CID HQS Dispensary", "County": "Nairobi", "Division": "Kasarani", "LOCATION": "Roysambu", "Sub_Locati": null, "Latitude": -1.24853, "Longitude": 36.84838, "Type": "Dispensary", "Owner": "State Coorporation", "Id": 15230, "gridcode": 2, "RiskZone": 2, "RiskClass": "Low", "Field1": 0}, "geometry": {"type": "Point", "coordinates": [36.84838, -1.24853]}}, {"type": "Feature", "properties": {"Join_Count": 1, "TARGET_FID": 841, "Facility_N": "Success Medical Services", "County": "Nairobi", "Division": "Roysambu", "LOCATION": "Roysambu", "Sub_Locati": "zimmerman", "Latitude": -1.20584, "Longitude": 36.89637, "Type": "Medical Clinic", "Owner": "Private Practice - General Practitioner", "Id": 38741, "gridcode": 4, "RiskZone": 4, "RiskClass": "High", "Field1": 0}, "geometry": {"type": "Point", "coordinates": [36.89637, -1.20584]}}, {"type": "Feature", "properties": {"Join_Count": 1, "TARGET_FID": 842, "Facility_N": "Mukuru Health Centre", "County": "Nairobi", "Division": "Mukuru", "LOCATION": "Mukuru Kwanjenga", "Sub_Locati": "Kwanjenga", "Latitude": -1.32496, "Longitude": 36.88762, "Type": "Health Centre", "Owner": "Local Authority", "Id": 38741, "gridcode": 4, "RiskZone": 4, "RiskClass": "High", "Field1": 0}, "geometry": {"type": "Point", "coordinates": [36.88762, -1.32496]}}, {"type": "Feature", "properties": {"Join_Count": 1, "TARGET_FID": 843, "Facility_N": "Josiah Community Medical Centre", "County": "Nairobi", "Division": "MUkuru", "LOCATION": "Kwa Njenga", "Sub_Locati": "Pipeline", "Latitude": -1.31566, "Longitude": 36.88943, "Type": "Medical Clinic", "Owner": "Private Practice - Clinical Officer", "Id": 36723, "gridcode": 5, "RiskZone": 5, "RiskClass": "Very High", "Field1": 0}, "geometry": {"type": "Point", "coordinates": [36.88943, -1.31566]}}, {"type": "Feature", "properties": {"Join_Count": 1, "TARGET_FID": 844, "Facility_N": "University of Nairobi Institute of Tropical and Infections Disease (UNITID)", "County": "Nairobi", "Division": "KNH", "LOCATION": "KHN", "Sub_Locati": null, "Latitude": -1.29908, "Longitude": 36.80636, "Type": "Training Institution in Health (Stand-alone)", "Owner": "Parastatal", "Id": 28059, "gridcode": 2, "RiskZone": 2, "RiskClass": "Low", "Field1": 0}, "geometry": {"type": "Point", "coordinates": [36.80636, -1.29908]}}, {"type": "Feature", "properties": {"Join_Count": 1, "TARGET_FID": 845, "Facility_N": "Sanitas Lotus Medical Centre", "County": "Nairobi", "Division": "Roysambu", "LOCATION": "Githurai", "Sub_Locati": "zimmerman", "Latitude": -1.20859, "Longitude": 36.89432, "Type": "Medical Clinic", "Owner": "Private Practice - General Practitioner", "Id": 5009, "gridcode": 5, "RiskZone": 5, "RiskClass": "Very High", "Field1": 0}, "geometry": {"type": "Point", "coordinates": [36.89432, -1.20859]}}, {"type": "Feature", "properties": {"Join_Count": 1, "TARGET_FID": 846, "Facility_N": "Supreme Health Care (Ktda House-Nairobi)", "County": "Nairobi", "Division": "Central", "LOCATION": "Central", "Sub_Locati": "Central", "Latitude": -1.28696, "Longitude": 36.82682, "Type": "Medical Clinic", "Owner": "Private Practice - General Practitioner", "Id": 38741, "gridcode": 4, "RiskZone": 4, "RiskClass": "High", "Field1": 0}, "geometry": {"type": "Point", "coordinates": [36.82682, -1.28696]}}, {"type": "Feature", "properties": {"Join_Count": 1, "TARGET_FID": 847, "Facility_N": "Hallal Medical Clinic", "County": "Nairobi", "Division": null, "LOCATION": null, "Sub_Locati": null, "Latitude": -1.27565, "Longitude": 36.85112, "Type": "Medical Clinic", "Owner": "Private Enterprise (Institution)", "Id": 20753, "gridcode": 3, "RiskZone": 3, "RiskClass": "Moderate", "Field1": 0}, "geometry": {"type": "Point", "coordinates": [36.85112, -1.27565]}}, {"type": "Feature", "properties": {"Join_Count": 1, "TARGET_FID": 848, "Facility_N": "Plaza X-Ray Services (Re-Insurance Plaza-Nairobi)", "County": "Nairobi", "Division": "Central", "LOCATION": "Central", "Sub_Locati": "Central", "Latitude": -1.28736, "Longitude": 36.82476, "Type": "Radiology Unit", "Owner": "Private Enterprise (Institution)", "Id": 25195, "gridcode": 2, "RiskZone": 2, "RiskClass": "Low", "Field1": 0}, "geometry": {"type": "Point", "coordinates": [36.82476, -1.28736]}}, {"type": "Feature", "properties": {"Join_Count": 1, "TARGET_FID": 849, "Facility_N": "Mbotela Clinic", "County": "Nairobi", "Division": "Makadara", "LOCATION": "Maringo", "Sub_Locati": "Mbotela", "Latitude": -1.29824, "Longitude": 36.86279, "Type": "Medical Clinic", "Owner": "Local Authority", "Id": 38741, "gridcode": 4, "RiskZone": 4, "RiskClass": "High", "Field1": 0}, "geometry": {"type": "Point", "coordinates": [36.86279, -1.29824]}}, {"type": "Feature", "properties": {"Join_Count": 1, "TARGET_FID": 850, "Facility_N": "Pumwani Maternity VCT Centre", "County": "Nairobi", "Division": "Pumwani", "LOCATION": "Pumwani", "Sub_Locati": null, "Latitude": -1.28321, "Longitude": 36.8405, "Type": "VCT Centre (Stand-Alone)", "Owner": "Local Authority", "Id": 26755, "gridcode": 5, "RiskZone": 5, "RiskClass": "Very High", "Field1": 0}, "geometry": {"type": "Point", "coordinates": [36.8405, -1.28321]}}, {"type": "Feature", "properties": {"Join_Count": 1, "TARGET_FID": 851, "Facility_N": "Huruma (EDARP)", "County": "Nairobi", "Division": "Central", "LOCATION": "Huruma", "Sub_Locati": null, "Latitude": -1.27097, "Longitude": 36.86882, "Type": "VCT Centre (Stand-Alone)", "Owner": "Kenya Episcopal Conference-Catholic Secretariat", "Id": 19878, "gridcode": 2, "RiskZone": 2, "RiskClass": "Low", "Field1": 0}, "geometry": {"type": "Point", "coordinates": [36.86882, -1.27097]}}, {"type": "Feature", "properties": {"Join_Count": 1, "TARGET_FID": 852, "Facility_N": "Kisembo Dispensary", "County": "Nairobi", "Division": "Kibra", "LOCATION": "Makina", "Sub_Locati": "Lindi", "Latitude": -1.31332, "Longitude": 36.78999, "Type": "Dispensary", "Owner": "Private Enterprise (Institution)", "Id": 35724, "gridcode": 3, "RiskZone": 3, "RiskClass": "Moderate", "Field1": 0}, "geometry": {"type": "Point", "coordinates": [36.78999, -1.31332]}}, {"type": "Feature", "properties": {"Join_Count": 1, "TARGET_FID": 853, "Facility_N": "Shauri Moyo Health Services", "County": "Nairobi", "Division": null, "LOCATION": "Shauri Moyo", "Sub_Locati": "Shauri Moyo", "Latitude": -1.29002, "Longitude": 36.84573, "Type": "Medical Clinic", "Owner": "Private Enterprise (Institution)", "Id": 38741, "gridcode": 4, "RiskZone": 4, "RiskClass": "High", "Field1": 0}, "geometry": {"type": "Point", "coordinates": [36.84573, -1.29002]}}, {"type": "Feature", "properties": {"Join_Count": 1, "TARGET_FID": 854, "Facility_N": "Msf- Lavender House Clinic", "County": "Nairobi", "Division": "Eastleigh North", "LOCATION": "Eastleigh", "Sub_Locati": null, "Latitude": -1.26597, "Longitude": 36.85232, "Type": "Medical Clinic", "Owner": "Non-Governmental Organizations", "Id": 19495, "gridcode": 5, "RiskZone": 5, "RiskClass": "Very High", "Field1": 0}, "geometry": {"type": "Point", "coordinates": [36.85232, -1.26597]}}, {"type": "Feature", "properties": {"Join_Count": 1, "TARGET_FID": 855, "Facility_N": "St James Medical Clinic", "County": "Nairobi", "Division": "Kibra", "LOCATION": "Sarang'ombe", "Sub_Locati": "Gatwekera", "Latitude": -1.31448, "Longitude": 36.78291, "Type": "Medical Clinic", "Owner": "Private Practice - Clinical Officer", "Id": 35680, "gridcode": 4, "RiskZone": 4, "RiskClass": "High", "Field1": 0}, "geometry": {"type": "Point", "coordinates": [36.78291, -1.31448]}}, {"type": "Feature", "properties": {"Join_Count": 1, "TARGET_FID": 856, "Facility_N": "Joy Nursing Home and Maternity", "County": "Nairobi", "Division": "Eastleigh North", "LOCATION": "Eastleigh North", "Sub_Locati": "Eastleigh North", "Latitude": -1.26667, "Longitude": 36.85523, "Type": "Nursing Home", "Owner": "Private Practice - General Practitioner", "Id": 18151, "gridcode": 3, "RiskZone": 3, "RiskClass": "Moderate", "Field1": 0}, "geometry": {"type": "Point", "coordinates": [36.85523, -1.26667]}}, {"type": "Feature", "properties": {"Join_Count": 1, "TARGET_FID": 857, "Facility_N": "Family Medical Centre (Ruai)", "County": "Nairobi", "Division": "Njiru", "LOCATION": "Ruai", "Sub_Locati": "Ruai", "Latitude": -1.29452, "Longitude": 36.878, "Type": "Medical Clinic", "Owner": "Private Practice - General Practitioner", "Id": 36723, "gridcode": 5, "RiskZone": 5, "RiskClass": "Very High", "Field1": 0}, "geometry": {"type": "Point", "coordinates": [36.878, -1.29452]}}, {"type": "Feature", "properties": {"Join_Count": 1, "TARGET_FID": 858, "Facility_N": "Nile Medical Care", "County": "Nairobi", "Division": "Mutuini", "LOCATION": "Mutuini", "Sub_Locati": "Ndunyu", "Latitude": -1.28363, "Longitude": 36.68909, "Type": "Dispensary", "Owner": "Private Practice - Clinical Officer", "Id": 23840, "gridcode": 4, "RiskZone": 4, "RiskClass": "High", "Field1": 0}, "geometry": {"type": "Point", "coordinates": [36.68909, -1.28363]}}, {"type": "Feature", "properties": {"Join_Count": 1, "TARGET_FID": 859, "Facility_N": "National Blood Transfusion Services", "County": "Nairobi", "Division": "Kenyatta", "LOCATION": null, "Sub_Locati": null, "Latitude": -1.30488, "Longitude": 36.80636, "Type": "Laboratory (Stand-alone)", "Owner": "Ministry of Health", "Id": 35724, "gridcode": 3, "RiskZone": 3, "RiskClass": "Moderate", "Field1": 0}, "geometry": {"type": "Point", "coordinates": [36.80636, -1.30488]}}, {"type": "Feature", "properties": {"Join_Count": 1, "TARGET_FID": 860, "Facility_N": "Jamii Medical Clinic Mukuru", "County": "Nairobi", "Division": "Mukuru", "LOCATION": null, "Sub_Locati": "Mukuru", "Latitude": -1.32614, "Longitude": 36.89086, "Type": "Medical Clinic", "Owner": "Private Practice - Unspecified", "Id": 36723, "gridcode": 5, "RiskZone": 5, "RiskClass": "Very High", "Field1": 0}, "geometry": {"type": "Point", "coordinates": [36.89086, -1.32614]}}, {"type": "Feature", "properties": {"Join_Count": 1, "TARGET_FID": 861, "Facility_N": "Uzima Dispensary", "County": "Nairobi", "Division": "Kasarani", "LOCATION": "Kariobangi", "Sub_Locati": null, "Latitude": -1.2553, "Longitude": 36.85572, "Type": "Dispensary", "Owner": "Private Enterprise (Institution)", "Id": 35724, "gridcode": 3, "RiskZone": 3, "RiskClass": "Moderate", "Field1": 0}, "geometry": {"type": "Point", "coordinates": [36.85572, -1.2553]}}, {"type": "Feature", "properties": {"Join_Count": 1, "TARGET_FID": 862, "Facility_N": "Silverdine Medical Centre(lancet hse)", "County": "Nairobi", "Division": "Kilimani", "LOCATION": "Kilimani", "Sub_Locati": "Kilimani", "Latitude": -1.29621, "Longitude": 36.80817, "Type": "Medical Clinic", "Owner": "Private Practice - Medical Specialist", "Id": 27034, "gridcode": 2, "RiskZone": 2, "RiskClass": "Low", "Field1": 0}, "geometry": {"type": "Point", "coordinates": [36.80817, -1.29621]}}, {"type": "Feature", "properties": {"Join_Count": 1, "TARGET_FID": 863, "Facility_N": "Meridian Medical Centre (Buruburu)", "County": "Nairobi", "Division": "Makadara", "LOCATION": "Makadara", "Sub_Locati": "Uhuru", "Latitude": -1.31524, "Longitude": 36.84552, "Type": "Medical Clinic", "Owner": "Private Enterprise (Institution)", "Id": 31518, "gridcode": 2, "RiskZone": 2, "RiskClass": "Low", "Field1": 0}, "geometry": {"type": "Point", "coordinates": [36.84552, -1.31524]}}, {"type": "Feature", "properties": {"Join_Count": 1, "TARGET_FID": 864, "Facility_N": "Kesha VCT", "County": "Nairobi", "Division": "Dagoretti North", "LOCATION": "Kawangware", "Sub_Locati": null, "Latitude": -1.27974, "Longitude": 36.7414, "Type": "VCT Centre (Stand-Alone)", "Owner": "Private Enterprise (Institution)", "Id": 25441, "gridcode": 4, "RiskZone": 4, "RiskClass": "High", "Field1": 0}, "geometry": {"type": "Point", "coordinates": [36.7414, -1.27974]}}, {"type": "Feature", "properties": {"Join_Count": 1, "TARGET_FID": 865, "Facility_N": "Embakasi Medical Centre (Aun)", "County": "Nairobi", "Division": "Embakasi", "LOCATION": "Tassia", "Sub_Locati": "Tassia", "Latitude": -1.27951, "Longitude": 36.86917, "Type": "Medical Clinic", "Owner": "Private Practice - General Practitioner", "Id": 36723, "gridcode": 5, "RiskZone": 5, "RiskClass": "Very High", "Field1": 0}, "geometry": {"type": "Point", "coordinates": [36.86917, -1.27951]}}, {"type": "Feature", "properties": {"Join_Count": 1, "TARGET_FID": 866, "Facility_N": "Dabliu Clinic", "County": "Nairobi", "Division": "Embakasi", "LOCATION": "Kayole", "Sub_Locati": "Embakasi", "Latitude": -1.2683, "Longitude": 36.91184, "Type": "Medical Clinic", "Owner": "Private Enterprise (Institution)", "Id": 38741, "gridcode": 4, "RiskZone": 4, "RiskClass": "High", "Field1": 0}, "geometry": {"type": "Point", "coordinates": [36.91184, -1.2683]}}, {"type": "Feature", "properties": {"Join_Count": 1, "TARGET_FID": 867, "Facility_N": "Laini Saba Health Services", "County": "Nairobi", "Division": "Kibra", "LOCATION": "Laini Saba", "Sub_Locati": "Laini Saba", "Latitude": -1.3132, "Longitude": 36.797406, "Type": "Medical Clinic", "Owner": "Private Practice - General Practitioner", "Id": 31313, "gridcode": 5, "RiskZone": 5, "RiskClass": "Very High", "Field1": 0}, "geometry": {"type": "Point", "coordinates": [36.797406, -1.3132]}}, {"type": "Feature", "properties": {"Join_Count": 1, "TARGET_FID": 868, "Facility_N": "Terminus Medical Clinic (Dandora)", "County": "Nairobi", "Division": "Dandora", "LOCATION": "Dandora", "Sub_Locati": "Dandora phase 4", "Latitude": -1.24712, "Longitude": 36.90835, "Type": "Medical Clinic", "Owner": "Private Practice - General Practitioner", "Id": 13482, "gridcode": 5, "RiskZone": 5, "RiskClass": "Very High", "Field1": 0}, "geometry": {"type": "Point", "coordinates": [36.90835, -1.24712]}}, {"type": "Feature", "properties": {"Join_Count": 1, "TARGET_FID": 869, "Facility_N": "St Bridget's Mother & Child", "County": "Nairobi", "Division": "Kariokor", "LOCATION": "Kariokor", "Sub_Locati": "Ziwani", "Latitude": -1.27868, "Longitude": 36.83993, "Type": "Dispensary", "Owner": "Kenya Episcopal Conference-Catholic Secretariat", "Id": 38741, "gridcode": 4, "RiskZone": 4, "RiskClass": "High", "Field1": 0}, "geometry": {"type": "Point", "coordinates": [36.83993, -1.27868]}}, {"type": "Feature", "properties": {"Join_Count": 1, "TARGET_FID": 870, "Facility_N": "The Mater Hospital Buruburu", "County": "Nairobi", "Division": "Makadara", "LOCATION": "Makadara", "Sub_Locati": "Harambee", "Latitude": -1.28789, "Longitude": 36.88136, "Type": "Dispensary", "Owner": "Kenya Episcopal Conference-Catholic Secretariat", "Id": 26062, "gridcode": 4, "RiskZone": 4, "RiskClass": "High", "Field1": 0}, "geometry": {"type": "Point", "coordinates": [36.88136, -1.28789]}}, {"type": "Feature", "properties": {"Join_Count": 1, "TARGET_FID": 871, "Facility_N": "Lea Toto Dagoretti", "County": "Nairobi", "Division": "Dagoretti", "LOCATION": "Satelite", "Sub_Locati": null, "Latitude": -1.2887, "Longitude": 36.7359, "Type": "VCT Centre (Stand-Alone)", "Owner": "Non-Governmental Organizations", "Id": 28695, "gridcode": 4, "RiskZone": 4, "RiskClass": "High", "Field1": 0}, "geometry": {"type": "Point", "coordinates": [36.7359, -1.2887]}}, {"type": "Feature", "properties": {"Join_Count": 1, "TARGET_FID": 872, "Facility_N": "Community Evolution Network VCT", "County": "Nairobi", "Division": "Kibra", "LOCATION": "Kibera", "Sub_Locati": "Lindi", "Latitude": -1.31351, "Longitude": 36.78946, "Type": "Medical Clinic", "Owner": "Non-Governmental Organizations", "Id": 35724, "gridcode": 3, "RiskZone": 3, "RiskClass": "Moderate", "Field1": 0}, "geometry": {"type": "Point", "coordinates": [36.78946, -1.31351]}}, {"type": "Feature", "properties": {"Join_Count": 1, "TARGET_FID": 873, "Facility_N": "Umma CBO", "County": "Nairobi", "Division": null, "LOCATION": null, "Sub_Locati": null, "Latitude": -1.27125, "Longitude": 36.85243, "Type": "Medical Centre", "Owner": "Humanitarian Agencies", "Id": 38741, "gridcode": 4, "RiskZone": 4, "RiskClass": "High", "Field1": 0}, "geometry": {"type": "Point", "coordinates": [36.85243, -1.27125]}}, {"type": "Feature", "properties": {"Join_Count": 1, "TARGET_FID": 874, "Facility_N": "Kipawa Medical Centre", "County": "Nairobi", "Division": "Ruai", "LOCATION": "Ruai", "Sub_Locati": "Ruai", "Latitude": -1.26108, "Longitude": 37.00928, "Type": "Medical Clinic", "Owner": "Private Practice - Nurse / Midwife", "Id": 38741, "gridcode": 4, "RiskZone": 4, "RiskClass": "High", "Field1": 0}, "geometry": {"type": "Point", "coordinates": [37.00928, -1.26108]}}, {"type": "Feature", "properties": {"Join_Count": 1, "TARGET_FID": 875, "Facility_N": "Shiply Medical Centre & Lab", "County": "Nairobi", "Division": "kasarani", "LOCATION": "kasarani", "Sub_Locati": "kasarani", "Latitude": -1.23011, "Longitude": 36.9228, "Type": "Medical Clinic", "Owner": "Private Practice - General Practitioner", "Id": 38741, "gridcode": 4, "RiskZone": 4, "RiskClass": "High", "Field1": 0}, "geometry": {"type": "Point", "coordinates": [36.9228, -1.23011]}}, {"type": "Feature", "properties": {"Join_Count": 1, "TARGET_FID": 876, "Facility_N": "Health Care Services", "County": "Nairobi", "Division": null, "LOCATION": null, "Sub_Locati": null, "Latitude": -1.28328, "Longitude": 36.87334, "Type": "Medical Clinic", "Owner": "Private Practice - General Practitioner", "Id": 36723, "gridcode": 5, "RiskZone": 5, "RiskClass": "Very High", "Field1": 0}, "geometry": {"type": "Point", "coordinates": [36.87334, -1.28328]}}, {"type": "Feature", "properties": {"Join_Count": 1, "TARGET_FID": 877, "Facility_N": "Nakhayo Medical Clinic", "County": "Nairobi", "Division": "Kibra", "LOCATION": "Kibra", "Sub_Locati": "Lindi", "Latitude": -1.31143, "Longitude": 36.78792, "Type": "Medical Clinic", "Owner": "Private Enterprise (Institution)", "Id": 35680, "gridcode": 4, "RiskZone": 4, "RiskClass": "High", "Field1": 0}, "geometry": {"type": "Point", "coordinates": [36.78792, -1.31143]}}, {"type": "Feature", "properties": {"Join_Count": 1, "TARGET_FID": 878, "Facility_N": "Ruaraka Clinic", "County": "Nairobi", "Division": "Kasarani", "LOCATION": "Kasarani", "Sub_Locati": null, "Latitude": -1.23212, "Longitude": 36.88174, "Type": "Dispensary", "Owner": "Ministry of Health", "Id": 9353, "gridcode": 3, "RiskZone": 3, "RiskClass": "Moderate", "Field1": 0}, "geometry": {"type": "Point", "coordinates": [36.88174, -1.23212]}}, {"type": "Feature", "properties": {"Join_Count": 1, "TARGET_FID": 879, "Facility_N": "Health Matters Medical Centre", "County": "Nairobi", "Division": "central", "LOCATION": "Central", "Sub_Locati": "Central", "Latitude": -1.28583, "Longitude": 36.83009, "Type": "Medical Clinic", "Owner": "Private Practice - General Practitioner", "Id": 24217, "gridcode": 5, "RiskZone": 5, "RiskClass": "Very High", "Field1": 0}, "geometry": {"type": "Point", "coordinates": [36.83009, -1.28583]}}, {"type": "Feature", "properties": {"Join_Count": 1, "TARGET_FID": 880, "Facility_N": "Senye Medical Clinic", "County": "Nairobi", "Division": "Kibra", "LOCATION": "Sarang'Ombe", "Sub_Locati": "Gatwekera", "Latitude": -1.3144, "Longitude": 36.77614, "Type": "Maternity Home", "Owner": "Private Enterprise (Institution)", "Id": 35724, "gridcode": 3, "RiskZone": 3, "RiskClass": "Moderate", "Field1": 0}, "geometry": {"type": "Point", "coordinates": [36.77614, -1.3144]}}, {"type": "Feature", "properties": {"Join_Count": 1, "TARGET_FID": 881, "Facility_N": "AAR Clinic Sarit Centre (Westlands)", "County": "Nairobi", "Division": "Parklands", "LOCATION": "Parklands", "Sub_Locati": "Upper Parklands", "Latitude": -1.2617, "Longitude": 36.80211, "Type": "Medical Clinic", "Owner": "Private Enterprise (Institution)", "Id": 38741, "gridcode": 4, "RiskZone": 4, "RiskClass": "High", "Field1": 0}, "geometry": {"type": "Point", "coordinates": [36.80211, -1.2617]}}, {"type": "Feature", "properties": {"Join_Count": 1, "TARGET_FID": 882, "Facility_N": "Family Care Clinic Kasarani", "County": "Nairobi", "Division": "Kasarani", "LOCATION": "Githurai", "Sub_Locati": null, "Latitude": -1.20244, "Longitude": 36.9038, "Type": "Dispensary", "Owner": "Private Enterprise (Institution)", "Id": 5009, "gridcode": 5, "RiskZone": 5, "RiskClass": "Very High", "Field1": 0}, "geometry": {"type": "Point", "coordinates": [36.9038, -1.20244]}}, {"type": "Feature", "properties": {"Join_Count": 1, "TARGET_FID": 883, "Facility_N": "Abra Health Services", "County": "Nairobi", "Division": "Savannah", "LOCATION": "Savannah", "Sub_Locati": "Savannah", "Latitude": -1.2907, "Longitude": 36.90275, "Type": "Medical Clinic", "Owner": "Private Practice - Unspecified", "Id": 38741, "gridcode": 4, "RiskZone": 4, "RiskClass": "High", "Field1": 0}, "geometry": {"type": "Point", "coordinates": [36.90275, -1.2907]}}, {"type": "Feature", "properties": {"Join_Count": 1, "TARGET_FID": 884, "Facility_N": "St Louis Community Hospital", "County": "Nairobi", "Division": "Kasarani", "LOCATION": "Githurai", "Sub_Locati": "Githurai", "Latitude": -1.21221, "Longitude": 36.89538, "Type": "Medical Clinic", "Owner": "Private Practice - General Practitioner", "Id": 5009, "gridcode": 5, "RiskZone": 5, "RiskClass": "Very High", "Field1": 0}, "geometry": {"type": "Point", "coordinates": [36.89538, -1.21221]}}, {"type": "Feature", "properties": {"Join_Count": 1, "TARGET_FID": 885, "Facility_N": "Provide Internatinal Clinic (Dandora)", "County": "Nairobi", "Division": "Dandora", "LOCATION": "Dandora", "Sub_Locati": "Dandora", "Latitude": -1.24064, "Longitude": 36.9098, "Type": "Medical Clinic", "Owner": "Non-Governmental Organizations", "Id": 38741, "gridcode": 4, "RiskZone": 4, "RiskClass": "High", "Field1": 0}, "geometry": {"type": "Point", "coordinates": [36.9098, -1.24064]}}, {"type": "Feature", "properties": {"Join_Count": 1, "TARGET_FID": 886, "Facility_N": "Dr Mureithi Clinic (Kilimani)", "County": "Nairobi", "Division": "Kilimani", "LOCATION": null, "Sub_Locati": null, "Latitude": -1.28989, "Longitude": 36.81183, "Type": "Medical Clinic", "Owner": "Private Practice - General Practitioner", "Id": 25100, "gridcode": 1, "RiskZone": 1, "RiskClass": "Very Low", "Field1": 0}, "geometry": {"type": "Point", "coordinates": [36.81183, -1.28989]}}, {"type": "Feature", "properties": {"Join_Count": 1, "TARGET_FID": 887, "Facility_N": "Al-Gadhir Clinic", "County": "Nairobi", "Division": "Dagoretti", "LOCATION": "Kawangware", "Sub_Locati": "Kawangware", "Latitude": -1.28293, "Longitude": 36.74322, "Type": "Medical Clinic", "Owner": "Non-Governmental Organizations", "Id": 23575, "gridcode": 5, "RiskZone": 5, "RiskClass": "Very High", "Field1": 0}, "geometry": {"type": "Point", "coordinates": [36.74322, -1.28293]}}, {"type": "Feature", "properties": {"Join_Count": 1, "TARGET_FID": 888, "Facility_N": "Ruai Community Clinic", "County": "Nairobi", "Division": "Ruai", "LOCATION": "Ruai", "Sub_Locati": "Ruai", "Latitude": -1.26068, "Longitude": 36.9999, "Type": "Medical Clinic", "Owner": "Private Enterprise (Institution)", "Id": 38741, "gridcode": 4, "RiskZone": 4, "RiskClass": "High", "Field1": 0}, "geometry": {"type": "Point", "coordinates": [36.9999, -1.26068]}}, {"type": "Feature", "properties": {"Join_Count": 1, "TARGET_FID": 889, "Facility_N": "Parkroad Dental Clinic (Ngara)", "County": "Nairobi", "Division": "Ngara", "LOCATION": "Ngara", "Sub_Locati": "Ngara West", "Latitude": -1.27339, "Longitude": 36.8319, "Type": "Medical Clinic", "Owner": "Private Practice - Unspecified", "Id": 21726, "gridcode": 5, "RiskZone": 5, "RiskClass": "Very High", "Field1": 0}, "geometry": {"type": "Point", "coordinates": [36.8319, -1.27339]}}, {"type": "Feature", "properties": {"Join_Count": 1, "TARGET_FID": 890, "Facility_N": "IDF Mathare Dispensary", "County": "Nairobi", "Division": "Eastleigh North", "LOCATION": "Eastleigh Section I", "Sub_Locati": null, "Latitude": -1.27085, "Longitude": 36.847, "Type": "Dispensary", "Owner": "Private Enterprise (Institution)", "Id": 38741, "gridcode": 4, "RiskZone": 4, "RiskClass": "High", "Field1": 0}, "geometry": {"type": "Point", "coordinates": [36.847, -1.27085]}}, {"type": "Feature", "properties": {"Join_Count": 1, "TARGET_FID": 891, "Facility_N": "Meridian Medical centre(Nation Centre Bldg )", "County": "Nairobi", "Division": "Central", "LOCATION": "City Centre", "Sub_Locati": "Central", "Latitude": -1.28463, "Longitude": 36.82144, "Type": "Medical Centre", "Owner": "Private Practice - General Practitioner", "Id": 23304, "gridcode": 1, "RiskZone": 1, "RiskClass": "Very Low", "Field1": 0}, "geometry": {"type": "Point", "coordinates": [36.82144, -1.28463]}}, {"type": "Feature", "properties": {"Join_Count": 1, "TARGET_FID": 892, "Facility_N": "Kariobangi EDARP", "County": "Nairobi", "Division": "kasarani", "LOCATION": "Kariobangi", "Sub_Locati": "Kariobangi", "Latitude": -1.259226, "Longitude": 36.87954, "Type": "Dispensary", "Owner": "Kenya Episcopal Conference-Catholic Secretariat", "Id": 19495, "gridcode": 5, "RiskZone": 5, "RiskClass": "Very High", "Field1": 0}, "geometry": {"type": "Point", "coordinates": [36.87954, -1.259226]}}, {"type": "Feature", "properties": {"Join_Count": 1, "TARGET_FID": 893, "Facility_N": "British American Tobacco Kenya Clinic", "County": "Nairobi", "Division": "Viwandani", "LOCATION": "Viwandani", "Sub_Locati": "Landi Mawe", "Latitude": -1.30535, "Longitude": 36.85656, "Type": "Medical Clinic", "Owner": "Private Enterprise (Institution)", "Id": 36723, "gridcode": 5, "RiskZone": 5, "RiskClass": "Very High", "Field1": 0}, "geometry": {"type": "Point", "coordinates": [36.85656, -1.30535]}}, {"type": "Feature", "properties": {"Join_Count": 1, "TARGET_FID": 894, "Facility_N": "Support For Addiction Prevention & Treatment In Africa", "County": "Nairobi", "Division": "Kariokor", "LOCATION": "Pangani", "Sub_Locati": "Pangani", "Latitude": -1.26984, "Longitude": 36.84183, "Type": "Medical Centre", "Owner": "Non-Governmental Organizations", "Id": 22790, "gridcode": 5, "RiskZone": 5, "RiskClass": "Very High", "Field1": 0}, "geometry": {"type": "Point", "coordinates": [36.84183, -1.26984]}}, {"type": "Feature", "properties": {"Join_Count": 1, "TARGET_FID": 895, "Facility_N": "The Mater Hospital Mukuru", "County": "Nairobi", "Division": "South B", "LOCATION": "Mukuru Nyayo", "Sub_Locati": "Mukuru Nyayo", "Latitude": -1.30672, "Longitude": 36.83427, "Type": "Other Hospital", "Owner": "Kenya Episcopal Conference-Catholic Secretariat", "Id": 35680, "gridcode": 4, "RiskZone": 4, "RiskClass": "High", "Field1": 0}, "geometry": {"type": "Point", "coordinates": [36.83427, -1.30672]}}, {"type": "Feature", "properties": {"Join_Count": 1, "TARGET_FID": 896, "Facility_N": "Index Medical Services", "County": "Nairobi", "Division": "Kasarani", "LOCATION": "Githurai", "Sub_Locati": "zimmerman", "Latitude": -1.20683, "Longitude": 36.89472, "Type": "Medical Clinic", "Owner": "Private Practice - General Practitioner", "Id": 5009, "gridcode": 5, "RiskZone": 5, "RiskClass": "Very High", "Field1": 0}, "geometry": {"type": "Point", "coordinates": [36.89472, -1.20683]}}, {"type": "Feature", "properties": {"Join_Count": 1, "TARGET_FID": 897, "Facility_N": "St Mary's Mission Hospital", "County": "Nairobi", "Division": "Lang'ata", "LOCATION": "Mugumoini", "Sub_Locati": "Mugumoini", "Latitude": -1.32193, "Longitude": 36.77411, "Type": "Other Hospital", "Owner": "Kenya Episcopal Conference-Catholic Secretariat", "Id": 44680, "gridcode": 2, "RiskZone": 2, "RiskClass": "Low", "Field1": 0}, "geometry": {"type": "Point", "coordinates": [36.77411, -1.32193]}}, {"type": "Feature", "properties": {"Join_Count": 1, "TARGET_FID": 898, "Facility_N": "Lagos Road Dispensary", "County": "Nairobi", "Division": "Central", "LOCATION": "Central Business District", "Sub_Locati": null, "Latitude": -1.28198, "Longitude": 36.82443, "Type": "Dispensary", "Owner": "Local Authority", "Id": 38741, "gridcode": 4, "RiskZone": 4, "RiskClass": "High", "Field1": 0}, "geometry": {"type": "Point", "coordinates": [36.82443, -1.28198]}}, {"type": "Feature", "properties": {"Join_Count": 1, "TARGET_FID": 899, "Facility_N": "Nyina Wa Mumbi Dispensary", "County": "Nairobi", "Division": "Dagoretti", "LOCATION": "Kawangware", "Sub_Locati": null, "Latitude": -1.30142, "Longitude": 36.7587, "Type": "Dispensary", "Owner": "Other Faith Based", "Id": 28247, "gridcode": 5, "RiskZone": 5, "RiskClass": "Very High", "Field1": 0}, "geometry": {"type": "Point", "coordinates": [36.7587, -1.30142]}}, {"type": "Feature", "properties": {"Join_Count": 1, "TARGET_FID": 900, "Facility_N": "Dr Jemmah & Nyawange Med Clinic", "County": "Nairobi", "Division": "central", "LOCATION": "Central", "Sub_Locati": "Central", "Latitude": -1.28799, "Longitude": 36.82763, "Type": "Medical Clinic", "Owner": "Private Practice - General Practitioner", "Id": 38741, "gridcode": 4, "RiskZone": 4, "RiskClass": "High", "Field1": 0}, "geometry": {"type": "Point", "coordinates": [36.82763, -1.28799]}}, {"type": "Feature", "properties": {"Join_Count": 1, "TARGET_FID": 901, "Facility_N": "Dr Kingondu Clinic (Kilimani)", "County": "Nairobi", "Division": "Kilimani", "LOCATION": null, "Sub_Locati": null, "Latitude": -1.2957, "Longitude": 36.8034, "Type": "Medical Clinic", "Owner": "Private Practice - Medical Specialist", "Id": 26569, "gridcode": 5, "RiskZone": 5, "RiskClass": "Very High", "Field1": 0}, "geometry": {"type": "Point", "coordinates": [36.8034, -1.2957]}}, {"type": "Feature", "properties": {"Join_Count": 1, "TARGET_FID": 902, "Facility_N": "Maria Immaculate Health Centre", "County": "Nairobi", "Division": "Kileleshwa", "LOCATION": "Lavington", "Sub_Locati": null, "Latitude": -1.289677, "Longitude": 36.764926, "Type": "Health Centre", "Owner": "Kenya Episcopal Conference-Catholic Secretariat", "Id": 35724, "gridcode": 3, "RiskZone": 3, "RiskClass": "Moderate", "Field1": 0}, "geometry": {"type": "Point", "coordinates": [36.764926, -1.289677]}}, {"type": "Feature", "properties": {"Join_Count": 1, "TARGET_FID": 903, "Facility_N": "Tena (PCEA) Clinic", "County": "Nairobi", "Division": "Embakasi", "LOCATION": "Umoja", "Sub_Locati": "Savanna", "Latitude": -1.29227, "Longitude": 36.88967, "Type": "Dispensary", "Owner": "Christian Health Association of Kenya", "Id": 38741, "gridcode": 4, "RiskZone": 4, "RiskClass": "High", "Field1": 0}, "geometry": {"type": "Point", "coordinates": [36.88967, -1.29227]}}, {"type": "Feature", "properties": {"Join_Count": 1, "TARGET_FID": 904, "Facility_N": "Emko Clinic", "County": "Nairobi", "Division": "Kibra", "LOCATION": "Kibra", "Sub_Locati": "Makina", "Latitude": -1.30723, "Longitude": 36.78639, "Type": "Medical Clinic", "Owner": "Private Practice - Clinical Officer", "Id": 29816, "gridcode": 5, "RiskZone": 5, "RiskClass": "Very High", "Field1": 0}, "geometry": {"type": "Point", "coordinates": [36.78639, -1.30723]}}, {"type": "Feature", "properties": {"Join_Count": 1, "TARGET_FID": 905, "Facility_N": "Glovnet VCT", "County": "Nairobi", "Division": "Makadara", "LOCATION": "Makadara", "Sub_Locati": "Mbotela", "Latitude": -1.29825, "Longitude": 36.86408, "Type": "VCT Centre (Stand-Alone)", "Owner": "Non-Governmental Organizations", "Id": 27148, "gridcode": 5, "RiskZone": 5, "RiskClass": "Very High", "Field1": 0}, "geometry": {"type": "Point", "coordinates": [36.86408, -1.29825]}}, {"type": "Feature", "properties": {"Join_Count": 1, "TARGET_FID": 906, "Facility_N": "Muska Medical Centre", "County": "Nairobi", "Division": "Eastleigh North", "LOCATION": "Eastleigh North", "Sub_Locati": null, "Latitude": -1.27054, "Longitude": 36.84848, "Type": "Health Centre", "Owner": "Private Practice - Clinical Officer", "Id": 38741, "gridcode": 4, "RiskZone": 4, "RiskClass": "High", "Field1": 0}, "geometry": {"type": "Point", "coordinates": [36.84848, -1.27054]}}, {"type": "Feature", "properties": {"Join_Count": 1, "TARGET_FID": 907, "Facility_N": "Makkah Nursing Home", "County": "Nairobi", "Division": "Eastleigh North", "LOCATION": "Eastleigh Section I", "Sub_Locati": null, "Latitude": -1.27085, "Longitude": 36.847, "Type": "Nursing Home", "Owner": "Private Enterprise (Institution)", "Id": 38741, "gridcode": 4, "RiskZone": 4, "RiskClass": "High", "Field1": 0}, "geometry": {"type": "Point", "coordinates": [36.847, -1.27085]}}, {"type": "Feature", "properties": {"Join_Count": 1, "TARGET_FID": 908, "Facility_N": "Cana Family Life Clinic", "County": "Nairobi", "Division": "Viwandani", "LOCATION": "Viwandani", "Sub_Locati": "Lungalunga", "Latitude": -1.30907, "Longitude": 36.88053, "Type": "Maternity Home", "Owner": "Non-Governmental Organizations", "Id": 36723, "gridcode": 5, "RiskZone": 5, "RiskClass": "Very High", "Field1": 0}, "geometry": {"type": "Point", "coordinates": [36.88053, -1.30907]}}, {"type": "Feature", "properties": {"Join_Count": 1, "TARGET_FID": 909, "Facility_N": "Getrudes Hospital (Nairobi West Clinic)", "County": "Nairobi", "Division": "Lang'ata", "LOCATION": "Nairobi West", "Sub_Locati": "Nairobi West", "Latitude": -1.30773, "Longitude": 36.82005, "Type": "Medical Clinic", "Owner": "Private Enterprise (Institution)", "Id": 31188, "gridcode": 5, "RiskZone": 5, "RiskClass": "Very High", "Field1": 0}, "geometry": {"type": "Point", "coordinates": [36.82005, -1.30773]}}, {"type": "Feature", "properties": {"Join_Count": 1, "TARGET_FID": 910, "Facility_N": "Horseet Medical Clinic", "County": "Nairobi", "Division": "Eastleigh North", "LOCATION": "Eastleigh North", "Sub_Locati": "Eastleigh North", "Latitude": -1.27461, "Longitude": 36.85059, "Type": "Medical Clinic", "Owner": "Private Enterprise (Institution)", "Id": 38741, "gridcode": 4, "RiskZone": 4, "RiskClass": "High", "Field1": 0}, "geometry": {"type": "Point", "coordinates": [36.85059, -1.27461]}}, {"type": "Feature", "properties": {"Join_Count": 1, "TARGET_FID": 911, "Facility_N": "Recovery Medical Clinic (Kariobangi South)", "County": "Nairobi", "Division": "Kariobangi south", "LOCATION": "Kariobangi south", "Sub_Locati": "Kwa mbao", "Latitude": -1.2626, "Longitude": 36.88624, "Type": "Medical Clinic", "Owner": "Private Practice - General Practitioner", "Id": 16759, "gridcode": 5, "RiskZone": 5, "RiskClass": "Very High", "Field1": 0}, "geometry": {"type": "Point", "coordinates": [36.88624, -1.2626]}}, {"type": "Feature", "properties": {"Join_Count": 1, "TARGET_FID": 912, "Facility_N": "Maichoma Clinic", "County": "Nairobi", "Division": null, "LOCATION": null, "Sub_Locati": null, "Latitude": -1.26418, "Longitude": 36.72841, "Type": "Medical Clinic", "Owner": "Private Practice - General Practitioner", "Id": 19016, "gridcode": 3, "RiskZone": 3, "RiskClass": "Moderate", "Field1": 0}, "geometry": {"type": "Point", "coordinates": [36.72841, -1.26418]}}, {"type": "Feature", "properties": {"Join_Count": 1, "TARGET_FID": 913, "Facility_N": "Umoja III Medical Centre(Njiru)", "County": "Nairobi", "Division": "Kariobangi South", "LOCATION": "Kariobangi South", "Sub_Locati": "Umoja III", "Latitude": -1.27424, "Longitude": 36.8895, "Type": "Medical Clinic", "Owner": "Private Practice - Clinical Officer", "Id": 36723, "gridcode": 5, "RiskZone": 5, "RiskClass": "Very High", "Field1": 0}, "geometry": {"type": "Point", "coordinates": [36.8895, -1.27424]}}, {"type": "Feature", "properties": {"Join_Count": 1, "TARGET_FID": 914, "Facility_N": "SOS Dispensary", "County": "Nairobi", "Division": "Bahati", "LOCATION": "Bahati", "Sub_Locati": null, "Latitude": -1.27452, "Longitude": 36.8748, "Type": "Dispensary", "Owner": "Non-Governmental Organizations", "Id": 20240, "gridcode": 5, "RiskZone": 5, "RiskClass": "Very High", "Field1": 0}, "geometry": {"type": "Point", "coordinates": [36.8748, -1.27452]}}, {"type": "Feature", "properties": {"Join_Count": 1, "TARGET_FID": 915, "Facility_N": "Dr Irimu Medical Clinic", "County": "Nairobi", "Division": "Woodley", "LOCATION": "Golfcourse", "Sub_Locati": "Golfcourse", "Latitude": -1.29467, "Longitude": 36.79911, "Type": "Medical Clinic", "Owner": "Private Practice - General Practitioner", "Id": 35680, "gridcode": 4, "RiskZone": 4, "RiskClass": "High", "Field1": 0}, "geometry": {"type": "Point", "coordinates": [36.79911, -1.29467]}}, {"type": "Feature", "properties": {"Join_Count": 1, "TARGET_FID": 916, "Facility_N": "Giovanna Dispensary", "County": "Nairobi", "Division": "Kasarani", "LOCATION": "Roysambu", "Sub_Locati": null, "Latitude": -1.20244, "Longitude": 36.9038, "Type": "Dispensary", "Owner": "Private Enterprise (Institution)", "Id": 5009, "gridcode": 5, "RiskZone": 5, "RiskClass": "Very High", "Field1": 0}, "geometry": {"type": "Point", "coordinates": [36.9038, -1.20244]}}, {"type": "Feature", "properties": {"Join_Count": 1, "TARGET_FID": 917, "Facility_N": "St Florence Medical Care Health Centre", "County": "Nairobi", "Division": "Mountain View", "LOCATION": "Kangemi", "Sub_Locati": "Mountain View", "Latitude": -1.27167, "Longitude": 36.74297, "Type": "Medical Clinic", "Owner": "Private Enterprise (Institution)", "Id": 35724, "gridcode": 3, "RiskZone": 3, "RiskClass": "Moderate", "Field1": 0}, "geometry": {"type": "Point", "coordinates": [36.74297, -1.27167]}}, {"type": "Feature", "properties": {"Join_Count": 1, "TARGET_FID": 918, "Facility_N": "Kangemi Health Centre", "County": "Nairobi", "Division": "Kangemi", "LOCATION": "Kangemi", "Sub_Locati": "Kangemi", "Latitude": -1.2671, "Longitude": 36.7492, "Type": "Health Centre", "Owner": "Local Authority", "Id": 35724, "gridcode": 3, "RiskZone": 3, "RiskClass": "Moderate", "Field1": 0}, "geometry": {"type": "Point", "coordinates": [36.7492, -1.2671]}}, {"type": "Feature", "properties": {"Join_Count": 1, "TARGET_FID": 919, "Facility_N": "Soin Health Care - Mfangano Street)", "County": "Nairobi", "Division": "Central", "LOCATION": "Central", "Sub_Locati": "Central", "Latitude": -1.28514, "Longitude": 36.82707, "Type": "Medical Clinic", "Owner": "Private Practice - General Practitioner", "Id": 24217, "gridcode": 5, "RiskZone": 5, "RiskClass": "Very High", "Field1": 0}, "geometry": {"type": "Point", "coordinates": [36.82707, -1.28514]}}, {"type": "Feature", "properties": {"Join_Count": 1, "TARGET_FID": 920, "Facility_N": "St Catherine's Health Centre", "County": "Nairobi", "Division": "Dagoretti", "LOCATION": "Kawangware", "Sub_Locati": null, "Latitude": -1.28321, "Longitude": 36.75265, "Type": "Health Centre", "Owner": "Private Enterprise (Institution)", "Id": 23576, "gridcode": 5, "RiskZone": 5, "RiskClass": "Very High", "Field1": 0}, "geometry": {"type": "Point", "coordinates": [36.75265, -1.28321]}}, {"type": "Feature", "properties": {"Join_Count": 1, "TARGET_FID": 921, "Facility_N": "Getrude Embakasi Clinic", "County": "Nairobi", "Division": "Embakasi", "LOCATION": "Embakasi", "Sub_Locati": "Embakasi", "Latitude": -1.3301, "Longitude": 36.8894, "Type": "Medical Clinic", "Owner": "Private Practice - General Practitioner", "Id": 38741, "gridcode": 4, "RiskZone": 4, "RiskClass": "High", "Field1": 0}, "geometry": {"type": "Point", "coordinates": [36.8894, -1.3301]}}, {"type": "Feature", "properties": {"Join_Count": 1, "TARGET_FID": 922, "Facility_N": "Shauri Moyo Baptist VCT Centre", "County": "Nairobi", "Division": "Kamukunji", "LOCATION": "Shauri Moyo", "Sub_Locati": null, "Latitude": -1.2887, "Longitude": 36.8462, "Type": "VCT Centre (Stand-Alone)", "Owner": "Christian Health Association of Kenya", "Id": 38741, "gridcode": 4, "RiskZone": 4, "RiskClass": "High", "Field1": 0}, "geometry": {"type": "Point", "coordinates": [36.8462, -1.2887]}}, {"type": "Feature", "properties": {"Join_Count": 1, "TARGET_FID": 923, "Facility_N": "Sunrise City Medical Centre", "County": "Nairobi", "Division": "Huruma", "LOCATION": "Huruma", "Sub_Locati": "Ngei 2", "Latitude": -1.25657, "Longitude": 36.87645, "Type": "Medical Clinic", "Owner": "Private Practice - Clinical Officer", "Id": 38741, "gridcode": 4, "RiskZone": 4, "RiskClass": "High", "Field1": 0}, "geometry": {"type": "Point", "coordinates": [36.87645, -1.25657]}}, {"type": "Feature", "properties": {"Join_Count": 1, "TARGET_FID": 924, "Facility_N": "Afya Medical Clinic (Dandora)", "County": "Nairobi", "Division": "Dandora", "LOCATION": "Dandora", "Sub_Locati": "Dandora 41", "Latitude": -1.25143, "Longitude": 36.90057, "Type": "Medical Clinic", "Owner": "Private Practice - General Practitioner", "Id": 38741, "gridcode": 4, "RiskZone": 4, "RiskClass": "High", "Field1": 0}, "geometry": {"type": "Point", "coordinates": [36.90057, -1.25143]}}, {"type": "Feature", "properties": {"Join_Count": 1, "TARGET_FID": 925, "Facility_N": "Lions Sightfirst Eye Hospital", "County": "Nairobi", "Division": "Kitisuru", "LOCATION": null, "Sub_Locati": null, "Latitude": -1.25567, "Longitude": 36.75002, "Type": "Other Hospital", "Owner": "Private Enterprise (Institution)", "Id": 50181, "gridcode": 2, "RiskZone": 2, "RiskClass": "Low", "Field1": 0}, "geometry": {"type": "Point", "coordinates": [36.75002, -1.25567]}}, {"type": "Feature", "properties": {"Join_Count": 1, "TARGET_FID": 926, "Facility_N": "EDARP Donholm Clinic", "County": "Nairobi", "Division": "Embakasi", "LOCATION": "Savannah", "Sub_Locati": "Savannah", "Latitude": -1.30169, "Longitude": 36.88849, "Type": "Dispensary", "Owner": "Kenya Episcopal Conference-Catholic Secretariat", "Id": 36723, "gridcode": 5, "RiskZone": 5, "RiskClass": "Very High", "Field1": 0}, "geometry": {"type": "Point", "coordinates": [36.88849, -1.30169]}}, {"type": "Feature", "properties": {"Join_Count": 1, "TARGET_FID": 927, "Facility_N": "Avenue Hospital", "County": "Nairobi", "Division": "Parklands", "LOCATION": "Parklands", "Sub_Locati": "Parklands", "Latitude": -1.264508, "Longitude": 36.817897, "Type": "Other Hospital", "Owner": "Private Enterprise (Institution)", "Id": 18783, "gridcode": 5, "RiskZone": 5, "RiskClass": "Very High", "Field1": 0}, "geometry": {"type": "Point", "coordinates": [36.817897, -1.264508]}}, {"type": "Feature", "properties": {"Join_Count": 1, "TARGET_FID": 928, "Facility_N": "St Joseph Nursing Home", "County": "Nairobi", "Division": "Eastleigh North", "LOCATION": "Eastleigh North", "Sub_Locati": "Eastleigh North", "Latitude": -1.27049, "Longitude": 36.84592, "Type": "Nursing Home", "Owner": "Kenya Episcopal Conference-Catholic Secretariat", "Id": 19206, "gridcode": 5, "RiskZone": 5, "RiskClass": "Very High", "Field1": 0}, "geometry": {"type": "Point", "coordinates": [36.84592, -1.27049]}}, {"type": "Feature", "properties": {"Join_Count": 1, "TARGET_FID": 929, "Facility_N": "Gertrudes Othaya Road Dispensary", "County": "Nairobi", "Division": "Kilimani", "LOCATION": "Kilimani", "Sub_Locati": null, "Latitude": -1.28101, "Longitude": 36.7678, "Type": "Dispensary", "Owner": "Private Enterprise (Institution)", "Id": 22282, "gridcode": 3, "RiskZone": 3, "RiskClass": "Moderate", "Field1": 0}, "geometry": {"type": "Point", "coordinates": [36.7678, -1.28101]}}, {"type": "Feature", "properties": {"Join_Count": 1, "TARGET_FID": 930, "Facility_N": "Ebenezer Medical Services", "County": "Nairobi", "Division": "Kibra", "LOCATION": "Laini Saba", "Sub_Locati": "Laini Saba", "Latitude": -1.31496, "Longitude": 36.7922, "Type": "Medical Clinic", "Owner": "Private Practice - Nurse / Midwife", "Id": 35724, "gridcode": 3, "RiskZone": 3, "RiskClass": "Moderate", "Field1": 0}, "geometry": {"type": "Point", "coordinates": [36.7922, -1.31496]}}, {"type": "Feature", "properties": {"Join_Count": 1, "TARGET_FID": 931, "Facility_N": "Kinga Medical Clinic (Dandora)", "County": "Nairobi", "Division": "Dandora", "LOCATION": "Dandora", "Sub_Locati": "Dandora phase 1", "Latitude": -1.25968, "Longitude": 36.88922, "Type": "Medical Clinic", "Owner": "Private Practice - General Practitioner", "Id": 38741, "gridcode": 4, "RiskZone": 4, "RiskClass": "High", "Field1": 0}, "geometry": {"type": "Point", "coordinates": [36.88922, -1.25968]}}, {"type": "Feature", "properties": {"Join_Count": 1, "TARGET_FID": 932, "Facility_N": "Hoymas VCT (Nairobi)", "County": "Nairobi", "Division": "Kariokor", "LOCATION": "Pangani", "Sub_Locati": "Pangani", "Latitude": -1.26498, "Longitude": 36.83671, "Type": "VCT Centre (Stand-Alone)", "Owner": "Non-Governmental Organizations", "Id": 38741, "gridcode": 4, "RiskZone": 4, "RiskClass": "High", "Field1": 0}, "geometry": {"type": "Point", "coordinates": [36.83671, -1.26498]}}, {"type": "Feature", "properties": {"Join_Count": 1, "TARGET_FID": 933, "Facility_N": "Aga Khan Clinic ( Ngong  Rd Prestige)", "County": "Nairobi", "Division": null, "LOCATION": null, "Sub_Locati": null, "Latitude": -1.28321, "Longitude": 36.8405, "Type": "Medical Clinic", "Owner": "Private Practice - General Practitioner", "Id": 26755, "gridcode": 5, "RiskZone": 5, "RiskClass": "Very High", "Field1": 0}, "geometry": {"type": "Point", "coordinates": [36.8405, -1.28321]}}, {"type": "Feature", "properties": {"Join_Count": 1, "TARGET_FID": 934, "Facility_N": "Debomart Med Clinic", "County": "Nairobi", "Division": "Kamukunji", "LOCATION": "Bahati", "Sub_Locati": "Bahati", "Latitude": -1.29165, "Longitude": 36.85532, "Type": "Medical Clinic", "Owner": "Private Practice - Medical Specialist", "Id": 38741, "gridcode": 4, "RiskZone": 4, "RiskClass": "High", "Field1": 0}, "geometry": {"type": "Point", "coordinates": [36.85532, -1.29165]}}, {"type": "Feature", "properties": {"Join_Count": 1, "TARGET_FID": 935, "Facility_N": "Port Health Dispensary (Langata)", "County": "Nairobi", "Division": "Lang'ata", "LOCATION": "Mugumoini", "Sub_Locati": "Mugumoini", "Latitude": -1.31743, "Longitude": 36.81579, "Type": "Dispensary", "Owner": "Ministry of Health", "Id": 33736, "gridcode": 4, "RiskZone": 4, "RiskClass": "High", "Field1": 0}, "geometry": {"type": "Point", "coordinates": [36.81579, -1.31743]}}, {"type": "Feature", "properties": {"Join_Count": 1, "TARGET_FID": 936, "Facility_N": "Afya Health Care", "County": "Nairobi", "Division": "Kasarani", "LOCATION": "Githurai", "Sub_Locati": "Githurai", "Latitude": -1.19949, "Longitude": 36.90172, "Type": "Dispensary", "Owner": "Private Enterprise (Institution)", "Id": 5009, "gridcode": 5, "RiskZone": 5, "RiskClass": "Very High", "Field1": 0}, "geometry": {"type": "Point", "coordinates": [36.90172, -1.19949]}}, {"type": "Feature", "properties": {"Join_Count": 1, "TARGET_FID": 937, "Facility_N": "PCEA Pipeline Clinic", "County": "Nairobi", "Division": "Mukuru", "LOCATION": "MUkuru", "Sub_Locati": "Pipeline", "Latitude": -1.29246, "Longitude": 36.88979, "Type": "Medical Clinic", "Owner": "Christian Health Association of Kenya", "Id": 36723, "gridcode": 5, "RiskZone": 5, "RiskClass": "Very High", "Field1": 0}, "geometry": {"type": "Point", "coordinates": [36.88979, -1.29246]}}, {"type": "Feature", "properties": {"Join_Count": 1, "TARGET_FID": 938, "Facility_N": "Muteithania Medical Clinic", "County": "Nairobi", "Division": "Dagoretti", "LOCATION": "Kawangware", "Sub_Locati": null, "Latitude": -1.28225, "Longitude": 36.75176, "Type": "Health Centre", "Owner": "Private Enterprise (Institution)", "Id": 25441, "gridcode": 4, "RiskZone": 4, "RiskClass": "High", "Field1": 0}, "geometry": {"type": "Point", "coordinates": [36.75176, -1.28225]}}, {"type": "Feature", "properties": {"Join_Count": 1, "TARGET_FID": 939, "Facility_N": "Uhuru Presitige Health Care", "County": "Nairobi", "Division": "Makadara", "LOCATION": "Jericho Lumumba", "Sub_Locati": "Uhuru", "Latitude": -1.28318, "Longitude": 36.86996, "Type": "Medical Clinic", "Owner": "Private Practice - Nurse / Midwife", "Id": 38741, "gridcode": 4, "RiskZone": 4, "RiskClass": "High", "Field1": 0}, "geometry": {"type": "Point", "coordinates": [36.86996, -1.28318]}}, {"type": "Feature", "properties": {"Join_Count": 1, "TARGET_FID": 940, "Facility_N": "IOM International Organization for migration(girigiri)", "County": "Nairobi", "Division": "Kitisuru", "LOCATION": "Girigiri", "Sub_Locati": "Girigiri", "Latitude": -1.23307, "Longitude": 36.80537, "Type": "Health Programme", "Owner": "Humanitarian Agencies", "Id": 11479, "gridcode": 4, "RiskZone": 4, "RiskClass": "High", "Field1": 0}, "geometry": {"type": "Point", "coordinates": [36.80537, -1.23307]}}, {"type": "Feature", "properties": {"Join_Count": 1, "TARGET_FID": 941, "Facility_N": "Loreigns Medical Services (Kasarani)", "County": "Nairobi", "Division": "Kasarani", "LOCATION": "Kasarani", "Sub_Locati": "Kasarani", "Latitude": -1.21867, "Longitude": 36.90214, "Type": "Medical Clinic", "Owner": "Private Practice - Unspecified", "Id": 5677, "gridcode": 5, "RiskZone": 5, "RiskClass": "Very High", "Field1": 0}, "geometry": {"type": "Point", "coordinates": [36.90214, -1.21867]}}, {"type": "Feature", "properties": {"Join_Count": 1, "TARGET_FID": 942, "Facility_N": "Dr Mboloi Clinic", "County": "Nairobi", "Division": "Kenyatta", "LOCATION": "Kenyatta", "Sub_Locati": "Kenyatta", "Latitude": -1.30202, "Longitude": 36.80734, "Type": "Medical Clinic", "Owner": "Private Practice - General Practitioner", "Id": 35724, "gridcode": 3, "RiskZone": 3, "RiskClass": "Moderate", "Field1": 0}, "geometry": {"type": "Point", "coordinates": [36.80734, -1.30202]}}, {"type": "Feature", "properties": {"Join_Count": 1, "TARGET_FID": 943, "Facility_N": "Mathare North Health Centre", "County": "Nairobi", "Division": "Kasarani", "LOCATION": "Ruaraka", "Sub_Locati": "Mathare North sub location", "Latitude": -1.25323, "Longitude": 36.86485, "Type": "Health Centre", "Owner": "Local Authority", "Id": 38741, "gridcode": 4, "RiskZone": 4, "RiskClass": "High", "Field1": 0}, "geometry": {"type": "Point", "coordinates": [36.86485, -1.25323]}}, {"type": "Feature", "properties": {"Join_Count": 1, "TARGET_FID": 944, "Facility_N": "SGRR Medical Clinic", "County": "Nairobi", "Division": "Lang'ata", "LOCATION": "Nairobi West", "Sub_Locati": "South C", "Latitude": -1.31425, "Longitude": 36.82726, "Type": "Medical Clinic", "Owner": "Other Faith Based", "Id": 32239, "gridcode": 5, "RiskZone": 5, "RiskClass": "Very High", "Field1": 0}, "geometry": {"type": "Point", "coordinates": [36.82726, -1.31425]}}, {"type": "Feature", "properties": {"Join_Count": 1, "TARGET_FID": 945, "Facility_N": "Karengata Community Medical Centre", "County": "Nairobi", "Division": "Lang'ata", "LOCATION": "Lang'ata", "Sub_Locati": "Lang'ata", "Latitude": -1.34361, "Longitude": 36.7573, "Type": "Medical Clinic", "Owner": "Private Practice - Clinical Officer", "Id": 49638, "gridcode": 3, "RiskZone": 3, "RiskClass": "Moderate", "Field1": 0}, "geometry": {"type": "Point", "coordinates": [36.7573, -1.34361]}}, {"type": "Feature", "properties": {"Join_Count": 1, "TARGET_FID": 946, "Facility_N": "Karanja Road Community Clinic", "County": "Nairobi", "Division": "Kibra", "LOCATION": "Kibera", "Sub_Locati": "Makina", "Latitude": -1.31126, "Longitude": 36.7822, "Type": "Dispensary", "Owner": "Ministry of Health", "Id": 35724, "gridcode": 3, "RiskZone": 3, "RiskClass": "Moderate", "Field1": 0}, "geometry": {"type": "Point", "coordinates": [36.7822, -1.31126]}}, {"type": "Feature", "properties": {"Join_Count": 1, "TARGET_FID": 947, "Facility_N": "Umoja VCT Centre Stand Alone", "County": "Nairobi", "Division": "Embakasi", "LOCATION": "Umoja", "Sub_Locati": "Umja Innercore", "Latitude": -1.28142, "Longitude": 36.89632, "Type": "VCT Centre (Stand-Alone)", "Owner": "Non-Governmental Organizations", "Id": 38741, "gridcode": 4, "RiskZone": 4, "RiskClass": "High", "Field1": 0}, "geometry": {"type": "Point", "coordinates": [36.89632, -1.28142]}}, {"type": "Feature", "properties": {"Join_Count": 1, "TARGET_FID": 948, "Facility_N": "TB Central Reference Lab", "County": "Nairobi", "Division": "Kenyatta", "LOCATION": null, "Sub_Locati": null, "Latitude": -1.30573, "Longitude": 36.80677, "Type": "Laboratory (Stand-alone)", "Owner": "Ministry of Health", "Id": 30126, "gridcode": 2, "RiskZone": 2, "RiskClass": "Low", "Field1": 0}, "geometry": {"type": "Point", "coordinates": [36.80677, -1.30573]}}, {"type": "Feature", "properties": {"Join_Count": 1, "TARGET_FID": 949, "Facility_N": "Dr Stephen Macharia Medical Clinic", "County": "Nairobi", "Division": "Central", "LOCATION": "Central", "Sub_Locati": "Central", "Latitude": -1.28447, "Longitude": 36.82356, "Type": "Medical Clinic", "Owner": "Private Practice - General Practitioner", "Id": 25195, "gridcode": 2, "RiskZone": 2, "RiskClass": "Low", "Field1": 0}, "geometry": {"type": "Point", "coordinates": [36.82356, -1.28447]}}, {"type": "Feature", "properties": {"Join_Count": 1, "TARGET_FID": 950, "Facility_N": "Kibera Human Development Clinic", "County": "Nairobi", "Division": "Kibra", "LOCATION": "Kibera", "Sub_Locati": "Makina", "Latitude": -1.30683, "Longitude": 36.7831, "Type": "Medical Clinic", "Owner": "Non-Governmental Organizations", "Id": 35680, "gridcode": 4, "RiskZone": 4, "RiskClass": "High", "Field1": 0}, "geometry": {"type": "Point", "coordinates": [36.7831, -1.30683]}}, {"type": "Feature", "properties": {"Join_Count": 1, "TARGET_FID": 951, "Facility_N": "St Teresa's Parish Dispensary", "County": "Nairobi", "Division": "Eastleigh North", "LOCATION": "Eastleigh Section I", "Sub_Locati": null, "Latitude": -1.26826, "Longitude": 36.84822, "Type": "Dispensary", "Owner": "Other Faith Based", "Id": 19495, "gridcode": 5, "RiskZone": 5, "RiskClass": "Very High", "Field1": 0}, "geometry": {"type": "Point", "coordinates": [36.84822, -1.26826]}}, {"type": "Feature", "properties": {"Join_Count": 1, "TARGET_FID": 952, "Facility_N": "Kam Health Services", "County": "Nairobi", "Division": "Central", "LOCATION": "Central", "Sub_Locati": "Central", "Latitude": -1.28447, "Longitude": 36.82356, "Type": "Medical Clinic", "Owner": "Private Practice - General Practitioner", "Id": 25195, "gridcode": 2, "RiskZone": 2, "RiskClass": "Low", "Field1": 0}, "geometry": {"type": "Point", "coordinates": [36.82356, -1.28447]}}, {"type": "Feature", "properties": {"Join_Count": 1, "TARGET_FID": 953, "Facility_N": "Padens Medicare Centre", "County": "Nairobi", "Division": "Westlands", "LOCATION": "Westlands", "Sub_Locati": null, "Latitude": -1.266243, "Longitude": 36.748675, "Type": "Medical Clinic", "Owner": "Private Enterprise (Institution)", "Id": 35724, "gridcode": 3, "RiskZone": 3, "RiskClass": "Moderate", "Field1": 0}, "geometry": {"type": "Point", "coordinates": [36.748675, -1.266243]}}, {"type": "Feature", "properties": {"Join_Count": 1, "TARGET_FID": 954, "Facility_N": "Nairobi West Chidren Clinic", "County": "Nairobi", "Division": "Lang'ata", "LOCATION": "Nairobi West", "Sub_Locati": "Nairobi west", "Latitude": -1.31323, "Longitude": 36.81907, "Type": "Medical Clinic", "Owner": "Private Enterprise (Institution)", "Id": 31188, "gridcode": 5, "RiskZone": 5, "RiskClass": "Very High", "Field1": 0}, "geometry": {"type": "Point", "coordinates": [36.81907, -1.31323]}}, {"type": "Feature", "properties": {"Join_Count": 1, "TARGET_FID": 955, "Facility_N": "Sahal Medical Clinic", "County": "Nairobi", "Division": "Eastleigh North", "LOCATION": "Eastleigh North", "Sub_Locati": "Eastleigh North", "Latitude": -1.27951, "Longitude": 36.85034, "Type": "Medical Clinic", "Owner": "Private Enterprise (Institution)", "Id": 38741, "gridcode": 4, "RiskZone": 4, "RiskClass": "High", "Field1": 0}, "geometry": {"type": "Point", "coordinates": [36.85034, -1.27951]}}, {"type": "Feature", "properties": {"Join_Count": 1, "TARGET_FID": 956, "Facility_N": "Aga Khan Clinic (Eastleigh)", "County": "Nairobi", "Division": "Pumwani", "LOCATION": "Pumwani", "Sub_Locati": "Pumwani", "Latitude": -1.27911, "Longitude": 36.84887, "Type": "Medical Clinic", "Owner": "Private Enterprise (Institution)", "Id": 22790, "gridcode": 5, "RiskZone": 5, "RiskClass": "Very High", "Field1": 0}, "geometry": {"type": "Point", "coordinates": [36.84887, -1.27911]}}, {"type": "Feature", "properties": {"Join_Count": 1, "TARGET_FID": 957, "Facility_N": "Blessed Medical Clinic", "County": "Nairobi", "Division": "Kibra", "LOCATION": "Kibra", "Sub_Locati": "Makina", "Latitude": -1.31551, "Longitude": 36.79282, "Type": "Medical Clinic", "Owner": "Private Enterprise (Institution)", "Id": 35680, "gridcode": 4, "RiskZone": 4, "RiskClass": "High", "Field1": 0}, "geometry": {"type": "Point", "coordinates": [36.79282, -1.31551]}}, {"type": "Feature", "properties": {"Join_Count": 1, "TARGET_FID": 958, "Facility_N": "Bridgeway Clinic", "County": "Nairobi", "Division": "Kangemi", "LOCATION": "Kangemi", "Sub_Locati": null, "Latitude": -1.26738, "Longitude": 36.749, "Type": "Medical Clinic", "Owner": "Private Practice - Medical Specialist", "Id": 35724, "gridcode": 3, "RiskZone": 3, "RiskClass": "Moderate", "Field1": 0}, "geometry": {"type": "Point", "coordinates": [36.749, -1.26738]}}, {"type": "Feature", "properties": {"Join_Count": 1, "TARGET_FID": 959, "Facility_N": "Nairobi South Clinic", "County": "Nairobi", "Division": "Makadara", "LOCATION": "Mukuru", "Sub_Locati": "Mukuru Nyayo", "Latitude": -1.31688, "Longitude": 36.84255, "Type": "Medical Clinic", "Owner": "Local Authority", "Id": 32598, "gridcode": 3, "RiskZone": 3, "RiskClass": "Moderate", "Field1": 0}, "geometry": {"type": "Point", "coordinates": [36.84255, -1.31688]}}, {"type": "Feature", "properties": {"Join_Count": 1, "TARGET_FID": 960, "Facility_N": "Trocare Medical Clinic", "County": "Nairobi", "Division": "kayole", "LOCATION": null, "Sub_Locati": null, "Latitude": -1.26199, "Longitude": 36.91966, "Type": "Medical Clinic", "Owner": "Private Practice - General Practitioner", "Id": 24971, "gridcode": 5, "RiskZone": 5, "RiskClass": "Very High", "Field1": 0}, "geometry": {"type": "Point", "coordinates": [36.91966, -1.26199]}}, {"type": "Feature", "properties": {"Join_Count": 1, "TARGET_FID": 961, "Facility_N": "Kahawa West Health Centre", "County": "Nairobi", "Division": "Kasarani", "LOCATION": "kahawa", "Sub_Locati": "kongo soweto", "Latitude": -1.18716, "Longitude": 36.91278, "Type": "Health Centre", "Owner": "Local Authority", "Id": 38741, "gridcode": 4, "RiskZone": 4, "RiskClass": "High", "Field1": 0}, "geometry": {"type": "Point", "coordinates": [36.91278, -1.18716]}}, {"type": "Feature", "properties": {"Join_Count": 1, "TARGET_FID": 962, "Facility_N": "Family Care Medical Centre & Maternity", "County": "Nairobi", "Division": "Lang'ata", "LOCATION": "Nairobi West", "Sub_Locati": "Nairobi West", "Latitude": -1.31313, "Longitude": 36.81687, "Type": "Maternity Home", "Owner": "Non-Governmental Organizations", "Id": 30979, "gridcode": 3, "RiskZone": 3, "RiskClass": "Moderate", "Field1": 0}, "geometry": {"type": "Point", "coordinates": [36.81687, -1.31313]}}, {"type": "Feature", "properties": {"Join_Count": 1, "TARGET_FID": 963, "Facility_N": "Vegpro In House Clinic", "County": "Nairobi", "Division": "Embakasi", "LOCATION": "Embakasi", "Sub_Locati": "Embakasi", "Latitude": -1.34123, "Longitude": 36.91485, "Type": "Medical Clinic", "Owner": "Company Medical Service", "Id": 38741, "gridcode": 4, "RiskZone": 4, "RiskClass": "High", "Field1": 0}, "geometry": {"type": "Point", "coordinates": [36.91485, -1.34123]}}, {"type": "Feature", "properties": {"Join_Count": 1, "TARGET_FID": 964, "Facility_N": "Jinnah Ave Clinic", "County": "Nairobi", "Division": "Lang'ata", "LOCATION": "Nairobi West", "Sub_Locati": "South C", "Latitude": -1.31301, "Longitude": 36.82615, "Type": "Dispensary", "Owner": "Local Authority", "Id": 32239, "gridcode": 5, "RiskZone": 5, "RiskClass": "Very High", "Field1": 0}, "geometry": {"type": "Point", "coordinates": [36.82615, -1.31301]}}, {"type": "Feature", "properties": {"Join_Count": 1, "TARGET_FID": 965, "Facility_N": "Imani Health Servises", "County": "Nairobi", "Division": "Waithaka", "LOCATION": "Waithaka", "Sub_Locati": "Waithaka", "Latitude": -1.28016, "Longitude": 36.71024, "Type": "Health Centre", "Owner": "Private Practice - Nurse / Midwife", "Id": 50181, "gridcode": 2, "RiskZone": 2, "RiskClass": "Low", "Field1": 0}, "geometry": {"type": "Point", "coordinates": [36.71024, -1.28016]}}, {"type": "Feature", "properties": {"Join_Count": 1, "TARGET_FID": 966, "Facility_N": "Bafana Medical Centre", "County": "Nairobi", "Division": "Kangemi", "LOCATION": "Kangemi", "Sub_Locati": null, "Latitude": -1.26845, "Longitude": 36.75504, "Type": "Medical Clinic", "Owner": "Private Enterprise (Institution)", "Id": 35724, "gridcode": 3, "RiskZone": 3, "RiskClass": "Moderate", "Field1": 0}, "geometry": {"type": "Point", "coordinates": [36.75504, -1.26845]}}, {"type": "Feature", "properties": {"Join_Count": 1, "TARGET_FID": 967, "Facility_N": "Huruma Nursing Home & Maternity", "County": "Nairobi", "Division": "Starehe", "LOCATION": "Huruma", "Sub_Locati": "Ngei", "Latitude": -1.2581, "Longitude": 36.87538, "Type": "Nursing Home", "Owner": "Private Enterprise (Institution)", "Id": 19495, "gridcode": 5, "RiskZone": 5, "RiskClass": "Very High", "Field1": 0}, "geometry": {"type": "Point", "coordinates": [36.87538, -1.2581]}}, {"type": "Feature", "properties": {"Join_Count": 1, "TARGET_FID": 968, "Facility_N": "Imani Medical Clinic ( Mathare A 4)", "County": "Nairobi", "Division": "Roysambu", "LOCATION": "Ruaraka", "Sub_Locati": "Utalii", "Latitude": -1.25341, "Longitude": 36.86212, "Type": "Medical Clinic", "Owner": "Private Practice - General Practitioner", "Id": 38741, "gridcode": 4, "RiskZone": 4, "RiskClass": "High", "Field1": 0}, "geometry": {"type": "Point", "coordinates": [36.86212, -1.25341]}}, {"type": "Feature", "properties": {"Join_Count": 1, "TARGET_FID": 969, "Facility_N": "Healthways Medical Centre", "County": "Nairobi", "Division": "Lang'ata", "LOCATION": "Nairobi West", "Sub_Locati": "South C", "Latitude": -1.31598, "Longitude": 36.82851, "Type": "Medical Clinic", "Owner": "Private Enterprise (Institution)", "Id": 35680, "gridcode": 4, "RiskZone": 4, "RiskClass": "High", "Field1": 0}, "geometry": {"type": "Point", "coordinates": [36.82851, -1.31598]}}, {"type": "Feature", "properties": {"Join_Count": 1, "TARGET_FID": 970, "Facility_N": "Good Neighbours Medical Clinic (Dandora)", "County": "Nairobi", "Division": "Dandora", "LOCATION": "Dandora", "Sub_Locati": "Dandora 41", "Latitude": -1.24954, "Longitude": 36.90046, "Type": "Medical Clinic", "Owner": "Non-Governmental Organizations", "Id": 38741, "gridcode": 4, "RiskZone": 4, "RiskClass": "High", "Field1": 0}, "geometry": {"type": "Point", "coordinates": [36.90046, -1.24954]}}, {"type": "Feature", "properties": {"Join_Count": 1, "TARGET_FID": 971, "Facility_N": "St Eliza Medical Clinic", "County": "Nairobi", "Division": "Lang'ata", "LOCATION": "Laini saba", "Sub_Locati": "Laini Saba", "Latitude": -1.31079, "Longitude": 36.79016, "Type": "Medical Clinic", "Owner": "Private Practice - Nurse / Midwife", "Id": 35724, "gridcode": 3, "RiskZone": 3, "RiskClass": "Moderate", "Field1": 0}, "geometry": {"type": "Point", "coordinates": [36.79016, -1.31079]}}, {"type": "Feature", "properties": {"Join_Count": 1, "TARGET_FID": 972, "Facility_N": "Kemri VCT", "County": "Nairobi", "Division": "Kibra", "LOCATION": "Golfcourse", "Sub_Locati": null, "Latitude": -1.31092, "Longitude": 36.80363, "Type": "VCT Centre (Stand-Alone)", "Owner": "Ministry of Health", "Id": 35724, "gridcode": 3, "RiskZone": 3, "RiskClass": "Moderate", "Field1": 0}, "geometry": {"type": "Point", "coordinates": [36.80363, -1.31092]}}, {"type": "Feature", "properties": {"Join_Count": 1, "TARGET_FID": 973, "Facility_N": "Central Bank Staff Clinic", "County": "Nairobi", "Division": "City Centre", "LOCATION": "City Cenre", "Sub_Locati": "CBD", "Latitude": -1.290015, "Longitude": 36.82274, "Type": "Medical Clinic", "Owner": "State Coorporation", "Id": 38741, "gridcode": 4, "RiskZone": 4, "RiskClass": "High", "Field1": 0}, "geometry": {"type": "Point", "coordinates": [36.82274, -1.290015]}}, {"type": "Feature", "properties": {"Join_Count": 1, "TARGET_FID": 974, "Facility_N": "Iran Medical Clinic", "County": "Nairobi", "Division": "Woodley", "LOCATION": "Woodley", "Sub_Locati": "Adams", "Latitude": -1.30055, "Longitude": 36.77945, "Type": "Dispensary", "Owner": "Non-Governmental Organizations", "Id": 35724, "gridcode": 3, "RiskZone": 3, "RiskClass": "Moderate", "Field1": 0}, "geometry": {"type": "Point", "coordinates": [36.77945, -1.30055]}}, {"type": "Feature", "properties": {"Join_Count": 1, "TARGET_FID": 975, "Facility_N": "Githogoro Runda Baptist Clinic (Getrudes Nairobi)", "County": "Nairobi", "Division": "Highridge", "LOCATION": "Githogoro", "Sub_Locati": "Githogoro", "Latitude": -1.21602, "Longitude": 36.82214, "Type": "Dispensary", "Owner": "Private Enterprise (Institution)", "Id": 5485, "gridcode": 5, "RiskZone": 5, "RiskClass": "Very High", "Field1": 0}, "geometry": {"type": "Point", "coordinates": [36.82214, -1.21602]}}, {"type": "Feature", "properties": {"Join_Count": 1, "TARGET_FID": 976, "Facility_N": "Tibaland Chemistry & Lab", "County": "Nairobi", "Division": "Roysambu", "LOCATION": "Ruaraka", "Sub_Locati": "Utalii", "Latitude": -1.25364, "Longitude": 36.8629, "Type": "Medical Clinic", "Owner": "Private Practice - General Practitioner", "Id": 38741, "gridcode": 4, "RiskZone": 4, "RiskClass": "High", "Field1": 0}, "geometry": {"type": "Point", "coordinates": [36.8629, -1.25364]}}, {"type": "Feature", "properties": {"Join_Count": 1, "TARGET_FID": 977, "Facility_N": "Mary Mission", "County": "Nairobi", "Division": "Riruta", "LOCATION": "Wanyee Road", "Sub_Locati": null, "Latitude": -1.2968, "Longitude": 36.74939, "Type": "Health Centre", "Owner": "Private Enterprise (Institution)", "Id": 35724, "gridcode": 3, "RiskZone": 3, "RiskClass": "Moderate", "Field1": 0}, "geometry": {"type": "Point", "coordinates": [36.74939, -1.2968]}}, {"type": "Feature", "properties": {"Join_Count": 1, "TARGET_FID": 978, "Facility_N": "Fremo Medical Centre", "County": "Nairobi", "Division": "Kawangware", "LOCATION": "Riruta", "Sub_Locati": "Riruta", "Latitude": -1.28993, "Longitude": 36.74428, "Type": "Health Centre", "Owner": "Private Practice - Clinical Officer", "Id": 25717, "gridcode": 3, "RiskZone": 3, "RiskClass": "Moderate", "Field1": 0}, "geometry": {"type": "Point", "coordinates": [36.74428, -1.28993]}}, {"type": "Feature", "properties": {"Join_Count": 1, "TARGET_FID": 979, "Facility_N": "Kangemi Gichagi Dispensary", "County": "Nairobi", "Division": "Kangemi", "LOCATION": "Kangemi", "Sub_Locati": null, "Latitude": -1.27108, "Longitude": 36.74507, "Type": "Dispensary", "Owner": "Private Practice - Clinical Officer", "Id": 35724, "gridcode": 3, "RiskZone": 3, "RiskClass": "Moderate", "Field1": 0}, "geometry": {"type": "Point", "coordinates": [36.74507, -1.27108]}}, {"type": "Feature", "properties": {"Join_Count": 1, "TARGET_FID": 980, "Facility_N": "Lianas Clinic Health Centre", "County": "Nairobi", "Division": "Kangemi", "LOCATION": "Kangemi", "Sub_Locati": null, "Latitude": -1.266197, "Longitude": 36.75228, "Type": "Medical Clinic", "Owner": "Private Enterprise (Institution)", "Id": 35724, "gridcode": 3, "RiskZone": 3, "RiskClass": "Moderate", "Field1": 0}, "geometry": {"type": "Point", "coordinates": [36.75228, -1.266197]}}, {"type": "Feature", "properties": {"Join_Count": 1, "TARGET_FID": 981, "Facility_N": "Bridging Out-Patient", "County": "Nairobi", "Division": "Kasarani", "LOCATION": "Kahawa", "Sub_Locati": "Kahawa", "Latitude": -1.1842, "Longitude": 36.90333, "Type": "Medical Clinic", "Owner": "Private Practice - General Practitioner", "Id": 2244, "gridcode": 5, "RiskZone": 5, "RiskClass": "Very High", "Field1": 0}, "geometry": {"type": "Point", "coordinates": [36.90333, -1.1842]}}, {"type": "Feature", "properties": {"Join_Count": 1, "TARGET_FID": 982, "Facility_N": "Chiromo Medical Centre", "County": "Nairobi", "Division": "parklands", "LOCATION": "Parklands", "Sub_Locati": null, "Latitude": -1.26917, "Longitude": 36.80981, "Type": "Medical Clinic", "Owner": "Private Enterprise (Institution)", "Id": 38741, "gridcode": 4, "RiskZone": 4, "RiskClass": "High", "Field1": 0}, "geometry": {"type": "Point", "coordinates": [36.80981, -1.26917]}}, {"type": "Feature", "properties": {"Join_Count": 1, "TARGET_FID": 983, "Facility_N": "Multi Media University Dispensary", "County": "Nairobi", "Division": "Lang'ata", "LOCATION": "Lang'ata", "Sub_Locati": "Lang'ata", "Latitude": -1.38183, "Longitude": 36.77079, "Type": "Dispensary", "Owner": "Parastatal", "Id": 49638, "gridcode": 3, "RiskZone": 3, "RiskClass": "Moderate", "Field1": 0}, "geometry": {"type": "Point", "coordinates": [36.77079, -1.38183]}}, {"type": "Feature", "properties": {"Join_Count": 1, "TARGET_FID": 984, "Facility_N": "St Patrick Health Care Centre", "County": "Nairobi", "Division": "Embakasi", "LOCATION": "Kayole", "Sub_Locati": "Kayole", "Latitude": -1.26742, "Longitude": 36.91829, "Type": "Health Centre", "Owner": "Private Enterprise (Institution)", "Id": 24971, "gridcode": 5, "RiskZone": 5, "RiskClass": "Very High", "Field1": 0}, "geometry": {"type": "Point", "coordinates": [36.91829, -1.26742]}}, {"type": "Feature", "properties": {"Join_Count": 1, "TARGET_FID": 985, "Facility_N": "Transcom Medical Services", "County": "Nairobi", "Division": "Central", "LOCATION": "Central Business District", "Sub_Locati": null, "Latitude": -1.2852, "Longitude": 36.821, "Type": "Dispensary", "Owner": "Private Enterprise (Institution)", "Id": 23926, "gridcode": 2, "RiskZone": 2, "RiskClass": "Low", "Field1": 0}, "geometry": {"type": "Point", "coordinates": [36.821, -1.2852]}}, {"type": "Feature", "properties": {"Join_Count": 1, "TARGET_FID": 986, "Facility_N": "St Philips Health Centre", "County": "Nairobi", "Division": "Kasarani", "LOCATION": "Kariobangi", "Sub_Locati": null, "Latitude": -1.25236, "Longitude": 36.8823, "Type": "Health Centre", "Owner": "Private Enterprise (Institution)", "Id": 19495, "gridcode": 5, "RiskZone": 5, "RiskClass": "Very High", "Field1": 0}, "geometry": {"type": "Point", "coordinates": [36.8823, -1.25236]}}, {"type": "Feature", "properties": {"Join_Count": 1, "TARGET_FID": 987, "Facility_N": "Genessaret Clinic", "County": "Nairobi", "Division": "Embakasi", "LOCATION": "Umoja", "Sub_Locati": "Savannah", "Latitude": -1.29748, "Longitude": 36.894, "Type": "Medical Clinic", "Owner": "Private Enterprise (Institution)", "Id": 27361, "gridcode": 4, "RiskZone": 4, "RiskClass": "High", "Field1": 0}, "geometry": {"type": "Point", "coordinates": [36.894, -1.29748]}}, {"type": "Feature", "properties": {"Join_Count": 1, "TARGET_FID": 988, "Facility_N": "Mayflower Clinic", "County": "Nairobi", "Division": "Embakasi", "LOCATION": "Mukuru", "Sub_Locati": "Kwa Njenga", "Latitude": -1.31699, "Longitude": 36.8865, "Type": "Medical Clinic", "Owner": "Private Enterprise (Institution)", "Id": 36723, "gridcode": 5, "RiskZone": 5, "RiskClass": "Very High", "Field1": 0}, "geometry": {"type": "Point", "coordinates": [36.8865, -1.31699]}}, {"type": "Feature", "properties": {"Join_Count": 1, "TARGET_FID": 989, "Facility_N": "State House Clinic", "County": "Nairobi", "Division": "Kilimani", "LOCATION": "Kilimani", "Sub_Locati": null, "Latitude": -1.27623, "Longitude": 36.80337, "Type": "Dispensary", "Owner": "Local Authority", "Id": 23638, "gridcode": 1, "RiskZone": 1, "RiskClass": "Very Low", "Field1": 0}, "geometry": {"type": "Point", "coordinates": [36.80337, -1.27623]}}, {"type": "Feature", "properties": {"Join_Count": 1, "TARGET_FID": 990, "Facility_N": "Rgc Jipe Moyo Dispensary", "County": "Nairobi", "Division": "Dagoretti North", "LOCATION": "Waithaka", "Sub_Locati": null, "Latitude": -1.2901, "Longitude": 36.7147, "Type": "Dispensary", "Owner": "Christian Health Association of Kenya", "Id": 25717, "gridcode": 3, "RiskZone": 3, "RiskClass": "Moderate", "Field1": 0}, "geometry": {"type": "Point", "coordinates": [36.7147, -1.2901]}}, {"type": "Feature", "properties": {"Join_Count": 1, "TARGET_FID": 991, "Facility_N": "Marie Stopes Clinic (Dagoretti)", "County": "Nairobi", "Division": "Dagoretti", "LOCATION": "Golfcourse", "Sub_Locati": null, "Latitude": -1.29834, "Longitude": 36.813, "Type": "Dispensary", "Owner": "Non-Governmental Organizations", "Id": 35680, "gridcode": 4, "RiskZone": 4, "RiskClass": "High", "Field1": 0}, "geometry": {"type": "Point", "coordinates": [36.813, -1.29834]}}, {"type": "Feature", "properties": {"Join_Count": 1, "TARGET_FID": 992, "Facility_N": "Nairobi South Hospital", "County": "Nairobi", "Division": "Lang'ata", "LOCATION": "Nairobi West", "Sub_Locati": "South C", "Latitude": -1.31359, "Longitude": 36.8283, "Type": "Other Hospital", "Owner": "Private Enterprise (Institution)", "Id": 32239, "gridcode": 5, "RiskZone": 5, "RiskClass": "Very High", "Field1": 0}, "geometry": {"type": "Point", "coordinates": [36.8283, -1.31359]}}, {"type": "Feature", "properties": {"Join_Count": 1, "TARGET_FID": 993, "Facility_N": "Royolk Medical Clinic", "County": "Nairobi", "Division": "Roysambu", "LOCATION": "Githurai", "Sub_Locati": "zimmerman", "Latitude": -1.20752, "Longitude": 36.89435, "Type": "Medical Clinic", "Owner": "Private Practice - General Practitioner", "Id": 5009, "gridcode": 5, "RiskZone": 5, "RiskClass": "Very High", "Field1": 0}, "geometry": {"type": "Point", "coordinates": [36.89435, -1.20752]}}, {"type": "Feature", "properties": {"Join_Count": 1, "TARGET_FID": 994, "Facility_N": "Kikoshep Kenya (Mugumoini)", "County": "Nairobi", "Division": "Langata", "LOCATION": "Mugumoini", "Sub_Locati": "Mugumoini", "Latitude": -1.31645, "Longitude": 36.8171, "Type": "Medical Clinic", "Owner": "Non-Governmental Organizations", "Id": 49638, "gridcode": 3, "RiskZone": 3, "RiskClass": "Moderate", "Field1": 0}, "geometry": {"type": "Point", "coordinates": [36.8171, -1.31645]}}, {"type": "Feature", "properties": {"Join_Count": 1, "TARGET_FID": 995, "Facility_N": "Kmtc Dispensary", "County": "Nairobi", "Division": "Kibra", "LOCATION": "Golfcourse", "Sub_Locati": null, "Latitude": -1.23948, "Longitude": 36.80485, "Type": "VCT Centre (Stand-Alone)", "Owner": "Ministry of Health", "Id": 13233, "gridcode": 2, "RiskZone": 2, "RiskClass": "Low", "Field1": 0}, "geometry": {"type": "Point", "coordinates": [36.80485, -1.23948]}}, {"type": "Feature", "properties": {"Join_Count": 1, "TARGET_FID": 996, "Facility_N": "Victory Hospital", "County": "Nairobi", "Division": "Embakasi", "LOCATION": "Umoja", "Sub_Locati": "Umoja", "Latitude": -1.28031, "Longitude": 36.8912, "Type": "Other Hospital", "Owner": "Private Enterprise (Institution)", "Id": 36723, "gridcode": 5, "RiskZone": 5, "RiskClass": "Very High", "Field1": 0}, "geometry": {"type": "Point", "coordinates": [36.8912, -1.28031]}}, {"type": "Feature", "properties": {"Join_Count": 1, "TARGET_FID": 997, "Facility_N": "Consolata Shrine Dispensary (Deep Sea Nairobi)", "County": "Nairobi", "Division": "Highridge", "LOCATION": "Highridge", "Sub_Locati": "Highridge", "Latitude": -1.21603, "Longitude": 36.82215, "Type": "Dispensary", "Owner": "Kenya Episcopal Conference-Catholic Secretariat", "Id": 5485, "gridcode": 5, "RiskZone": 5, "RiskClass": "Very High", "Field1": 0}, "geometry": {"type": "Point", "coordinates": [36.82215, -1.21603]}}, {"type": "Feature", "properties": {"Join_Count": 1, "TARGET_FID": 998, "Facility_N": "Meridian Medical Centre", "County": "Nairobi", "Division": "Kilimani", "LOCATION": null, "Sub_Locati": "Kilimani", "Latitude": -1.26425, "Longitude": 36.80263, "Type": "Medical Clinic", "Owner": "Private Practice - General Practitioner", "Id": 38741, "gridcode": 4, "RiskZone": 4, "RiskClass": "High", "Field1": 0}, "geometry": {"type": "Point", "coordinates": [36.80263, -1.26425]}}, {"type": "Feature", "properties": {"Join_Count": 1, "TARGET_FID": 999, "Facility_N": "Mundika Maternity & Nursing Home", "County": "Nairobi", "Division": "Huruma", "LOCATION": "Huruma", "Sub_Locati": "Ngei", "Latitude": -1.26093, "Longitude": 36.8671, "Type": "Nursing Home", "Owner": "Private Practice - Unspecified", "Id": 38741, "gridcode": 4, "RiskZone": 4, "RiskClass": "High", "Field1": 0}, "geometry": {"type": "Point", "coordinates": [36.8671, -1.26093]}}, {"type": "Feature", "properties": {"Join_Count": 1, "TARGET_FID": 1000, "Facility_N": "Provide Inter Math Dispensary", "County": "Nairobi", "Division": "Ruaraka", "LOCATION": "Ruaraka", "Sub_Locati": null, "Latitude": -1.24921, "Longitude": 36.89201, "Type": "Dispensary", "Owner": "Private Enterprise (Institution)", "Id": 38741, "gridcode": 4, "RiskZone": 4, "RiskClass": "High", "Field1": 0}, "geometry": {"type": "Point", "coordinates": [36.89201, -1.24921]}}, {"type": "Feature", "properties": {"Join_Count": 1, "TARGET_FID": 1001, "Facility_N": "Meridian Medical Donholm Clinic", "County": "Nairobi", "Division": "Embakasi", "LOCATION": "Umoja", "Sub_Locati": "Donholm", "Latitude": -1.30175, "Longitude": 36.888, "Type": "Medical Clinic", "Owner": "Private Practice - General Practitioner", "Id": 36723, "gridcode": 5, "RiskZone": 5, "RiskClass": "Very High", "Field1": 0}, "geometry": {"type": "Point", "coordinates": [36.888, -1.30175]}}, {"type": "Feature", "properties": {"Join_Count": 1, "TARGET_FID": 1002, "Facility_N": "St Teresa's Health Centre", "County": "Nairobi", "Division": "Dagoretti", "LOCATION": "Kawangware", "Sub_Locati": null, "Latitude": -1.27974, "Longitude": 36.7414, "Type": "Health Centre", "Owner": "Private Enterprise (Institution)", "Id": 25441, "gridcode": 4, "RiskZone": 4, "RiskClass": "High", "Field1": 0}, "geometry": {"type": "Point", "coordinates": [36.7414, -1.27974]}}, {"type": "Feature", "properties": {"Join_Count": 1, "TARGET_FID": 1003, "Facility_N": "Technical university of Kenya Student/Staff Clinic", "County": "Nairobi", "Division": "Central", "LOCATION": "City Centre", "Sub_Locati": "city centre", "Latitude": -1.29149, "Longitude": 36.82348, "Type": "Medical Clinic", "Owner": "Other Public Institution", "Id": 25383, "gridcode": 5, "RiskZone": 5, "RiskClass": "Very High", "Field1": 0}, "geometry": {"type": "Point", "coordinates": [36.82348, -1.29149]}}, {"type": "Feature", "properties": {"Join_Count": 1, "TARGET_FID": 1004, "Facility_N": "Ofafa I Clinic", "County": "Nairobi", "Division": "Makadara", "LOCATION": "Maringo", "Sub_Locati": "Maringo", "Latitude": -1.29587, "Longitude": 36.86623, "Type": "Medical Clinic", "Owner": "Local Authority", "Id": 36723, "gridcode": 5, "RiskZone": 5, "RiskClass": "Very High", "Field1": 0}, "geometry": {"type": "Point", "coordinates": [36.86623, -1.29587]}}, {"type": "Feature", "properties": {"Join_Count": 1, "TARGET_FID": 1005, "Facility_N": "Dr Barnados House clinic", "County": "Nairobi", "Division": "Lang'ata", "LOCATION": "Mugumoini", "Sub_Locati": "Mugumoini", "Latitude": -1.31479, "Longitude": 36.81468, "Type": "Medical Clinic", "Owner": "Kenya Episcopal Conference-Catholic Secretariat", "Id": 49638, "gridcode": 3, "RiskZone": 3, "RiskClass": "Moderate", "Field1": 0}, "geometry": {"type": "Point", "coordinates": [36.81468, -1.31479]}}]}